tramo,trimestre_objetivo,marea_max_prevista,q,anio,p75,mareas_vivas,prob_temporal_clim,estacion_temporales,alerta,temporal_observado
T01,2000Q1,1.61,1,2000,1.7025000000000001,False,0.5789473684210527,True,media,False
T01,2000Q2,1.551,2,2000,1.6455,False,0.3684210526315789,False,sin alerta,True
T01,2000Q3,1.759,3,2000,1.815,False,0.0,False,sin alerta,False
T01,2000Q4,1.613,4,2000,1.7465000000000002,False,0.6842105263157895,True,media,True
T01,2001Q1,1.7,1,2001,1.7025000000000001,False,0.5789473684210527,True,media,True
T01,2001Q2,1.657,2,2001,1.6455,True,0.3684210526315789,False,media,False
T01,2001Q3,1.827,3,2001,1.815,True,0.0,False,media,False
T01,2001Q4,1.773,4,2001,1.7465000000000002,True,0.6842105263157895,True,alta,True
T01,2002Q1,1.738,1,2002,1.7025000000000001,True,0.5789473684210527,True,alta,True
T01,2002Q2,1.634,2,2002,1.6455,False,0.3684210526315789,False,sin alerta,True
T01,2002Q3,1.788,3,2002,1.815,False,0.0,False,sin alerta,False
T01,2002Q4,1.822,4,2002,1.7465000000000002,True,0.6842105263157895,True,alta,True
T01,2003Q1,1.687,1,2003,1.7025000000000001,False,0.5789473684210527,True,media,True
T01,2003Q2,1.682,2,2003,1.6455,True,0.3684210526315789,False,media,False
T01,2003Q3,1.73,3,2003,1.815,False,0.0,False,sin alerta,False
T01,2003Q4,1.704,4,2003,1.7465000000000002,False,0.6842105263157895,True,media,True
T01,2004Q1,1.552,1,2004,1.7025000000000001,False,0.5789473684210527,True,media,True
T01,2004Q2,1.599,2,2004,1.6455,False,0.3684210526315789,False,sin alerta,False
T01,2004Q3,1.724,3,2004,1.815,False,0.0,False,sin alerta,False
T01,2004Q4,1.596,4,2004,1.7465000000000002,False,0.6842105263157895,True,media,False
T01,2005Q1,1.671,1,2005,1.7025000000000001,False,0.5789473684210527,True,media,False
T01,2005Q2,1.606,2,2005,1.6455,False,0.3684210526315789,False,sin alerta,False
T01,2005Q3,1.814,3,2005,1.815,False,0.0,False,sin alerta,False
T01,2005Q4,1.668,4,2005,1.7465000000000002,False,0.6842105263157895,True,media,True
T01,2006Q1,1.713,1,2006,1.7025000000000001,True,0.5789473684210527,True,alta,False
T01,2006Q2,1.589,2,2006,1.6455,False,0.3684210526315789,False,sin alerta,False
T01,2006Q3,1.824,3,2006,1.815,True,0.0,False,media,False
T01,2006Q4,1.782,4,2006,1.7465000000000002,True,0.6842105263157895,True,alta,True
T01,2007Q1,1.693,1,2007,1.7025000000000001,False,0.5789473684210527,True,media,False
T01,2007Q2,1.646,2,2007,1.6455,True,0.3684210526315789,False,media,False
T01,2007Q3,1.78,3,2007,1.815,False,0.0,False,sin alerta,False
T01,2007Q4,1.639,4,2007,1.7465000000000002,False,0.6842105263157895,True,media,True
T01,2008Q1,1.575,1,2008,1.7025000000000001,False,0.5789473684210527,True,media,True
T01,2008Q2,1.606,2,2008,1.6455,False,0.3684210526315789,False,sin alerta,True
T01,2008Q3,1.707,3,2008,1.815,False,0.0,False,sin alerta,False
T01,2008Q4,1.626,4,2008,1.7465000000000002,False,0.6842105263157895,True,media,False
T01,2009Q1,1.627,1,2009,1.7025000000000001,False,0.5789473684210527,True,media,True
T01,2009Q2,1.581,2,2009,1.6455,False,0.3684210526315789,False,sin alerta,False
T01,2009Q3,1.779,3,2009,1.815,False,0.0,False,sin alerta,False
T01,2009Q4,1.619,4,2009,1.7465000000000002,False,0.6842105263157895,True,media,True
T01,2010Q1,1.708,1,2010,1.7025000000000001,True,0.5789473684210527,True,alta,True
T01,2010Q2,1.519,2,2010,1.6455,False,0.3684210526315789,False,sin alerta,True
T01,2010Q3,1.836,3,2010,1.815,True,0.0,False,media,False
T01,2010Q4,1.757,4,2010,1.7465000000000002,True,0.6842105263157895,True,alta,True
T01,2011Q1,1.705,1,2011,1.7025000000000001,True,0.5789473684210527,True,alta,False
T01,2011Q2,1.595,2,2011,1.6455,False,0.3684210526315789,False,sin alerta,False
T01,2011Q3,1.798,3,2011,1.815,False,0.0,False,sin alerta,False
T01,2011Q4,1.676,4,2011,1.7465000000000002,False,0.6842105263157895,True,media,True
T01,2012Q1,1.641,1,2012,1.7025000000000001,False,0.5789473684210527,True,media,False
T01,2012Q2,1.628,2,2012,1.6455,False,0.3684210526315789,False,sin alerta,False
T01,2012Q3,1.692,3,2012,1.815,False,0.0,False,sin alerta,False
T01,2012Q4,1.689,4,2012,1.7465000000000002,False,0.6842105263157895,True,media,True
T01,2013Q1,1.614,1,2013,1.7025000000000001,False,0.5789473684210527,True,media,True
T01,2013Q2,1.645,2,2013,1.6455,False,0.3684210526315789,False,sin alerta,False
T01,2013Q3,1.757,3,2013,1.815,False,0.0,False,sin alerta,False
T01,2013Q4,1.602,4,2013,1.7465000000000002,False,0.6842105263157895,True,media,True
T01,2014Q1,1.698,1,2014,1.7025000000000001,False,0.5789473684210527,True,media,True
T01,2014Q2,1.564,2,2014,1.6455,False,0.3684210526315789,False,sin alerta,True
T01,2014Q3,1.819,3,2014,1.815,True,0.0,False,media,False
T01,2014Q4,1.74,4,2014,1.7465000000000002,False,0.6842105263157895,True,media,True
T01,2015Q1,1.733,1,2015,1.7025000000000001,True,0.5789473684210527,True,alta,False
T01,2015Q2,1.657,2,2015,1.6455,True,0.3684210526315789,False,media,True
T01,2015Q3,1.816,3,2015,1.815,True,0.0,False,media,False
T01,2015Q4,1.714,4,2015,1.7465000000000002,False,0.6842105263157895,True,media,False
T01,2016Q1,1.682,1,2016,1.7025000000000001,False,0.5789473684210527,True,media,False
T01,2016Q2,1.712,2,2016,1.6455,True,0.3684210526315789,False,media,False
T01,2016Q3,1.776,3,2016,1.815,False,0.0,False,sin alerta,False
T01,2016Q4,1.745,4,2016,1.7465000000000002,False,0.6842105263157895,True,media,False
T01,2017Q1,1.619,1,2017,1.7025000000000001,False,0.5789473684210527,True,media,True
T01,2017Q2,1.631,2,2017,1.6455,False,0.3684210526315789,False,sin alerta,True
T01,2017Q3,1.708,3,2017,1.815,False,0.0,False,sin alerta,False
T01,2017Q4,1.679,4,2017,1.7465000000000002,False,0.6842105263157895,True,media,False
T01,2018Q1,1.631,1,2018,1.7025000000000001,False,0.5789473684210527,True,media,True
T01,2018Q2,1.606,2,2018,1.6455,False,0.3684210526315789,False,sin alerta,False
T01,2018Q3,1.809,3,2018,1.815,False,0.0,False,sin alerta,False
T01,2018Q4,1.748,4,2018,1.7465000000000002,True,0.6842105263157895,True,alta,False
T01,2019Q1,1.697,1,2019,1.7025000000000001,False,0.5789473684210527,True,media,False
T01,2019Q2,1.643,2,2019,1.6455,False,0.3684210526315789,False,sin alerta,False
T01,2019Q3,1.851,3,2019,1.815,True,0.0,False,media,False
T01,2019Q4,1.724,4,2019,1.7465000000000002,False,0.6842105263157895,True,media,True
T01,2020Q1,1.706,1,2020,1.7025000000000001,True,0.5789473684210527,True,alta,False
T01,2020Q2,1.696,2,2020,1.6455,True,0.3684210526315789,False,media,False
T01,2020Q3,1.811,3,2020,1.815,False,0.0,False,sin alerta,False
T01,2020Q4,1.799,4,2020,1.7465000000000002,True,0.6842105263157895,True,alta,True
T01,2021Q1,1.662,1,2021,1.7025000000000001,False,0.5789473684210527,True,media,True
T01,2021Q2,1.618,2,2021,1.6455,False,0.3684210526315789,False,sin alerta,True
T01,2021Q3,1.683,3,2021,1.815,False,0.0,False,sin alerta,False
T01,2021Q4,1.731,4,2021,1.7465000000000002,False,0.6842105263157895,True,media,False
T01,2022Q1,1.599,1,2022,1.7025000000000001,False,0.5789473684210527,True,media,True
T01,2022Q2,1.55,2,2022,1.6455,False,0.3684210526315789,False,sin alerta,False
T01,2022Q3,1.746,3,2022,1.815,False,0.0,False,sin alerta,False
T01,2022Q4,1.682,4,2022,1.7465000000000002,False,0.6842105263157895,True,media,True
T01,2023Q1,1.699,1,2023,1.7025000000000001,False,0.5789473684210527,True,media,False
T01,2023Q2,1.583,2,2023,1.6455,False,0.3684210526315789,False,sin alerta,False
T01,2023Q3,1.798,3,2023,1.815,False,0.0,False,sin alerta,False
T01,2023Q4,1.71,4,2023,1.7465000000000002,False,0.6842105263157895,True,media,True
T01,2024Q1,1.719,1,2024,1.7025000000000001,True,0.5789473684210527,True,alta,True
T01,2024Q2,1.696,2,2024,1.6455,True,0.3684210526315789,False,media,False
T01,2024Q3,1.806,3,2024,1.815,False,0.0,False,sin alerta,False
T01,2024Q4,1.733,4,2024,1.7465000000000002,False,0.6842105263157895,True,media,True
T01,2025Q1,1.695,1,2025,1.7025000000000001,False,0.5789473684210527,True,media,
T02,2000Q1,1.617,1,2000,1.71,False,0.6842105263157895,True,media,False
T02,2000Q2,1.561,2,2000,1.654,False,0.47368421052631576,False,sin alerta,True
T02,2000Q3,1.769,3,2000,1.8239999999999998,False,0.05263157894736842,False,sin alerta,False
T02,2000Q4,1.621,4,2000,1.7555,False,0.8421052631578947,True,media,True
T02,2001Q1,1.708,1,2001,1.71,False,0.6842105263157895,True,media,True
T02,2001Q2,1.664,2,2001,1.654,True,0.47368421052631576,False,media,False
T02,2001Q3,1.837,3,2001,1.8239999999999998,True,0.05263157894736842,False,media,False
T02,2001Q4,1.783,4,2001,1.7555,True,0.8421052631578947,True,alta,True
T02,2002Q1,1.745,1,2002,1.71,True,0.6842105263157895,True,alta,True
T02,2002Q2,1.641,2,2002,1.654,False,0.47368421052631576,False,sin alerta,True
T02,2002Q3,1.797,3,2002,1.8239999999999998,False,0.05263157894736842,False,sin alerta,True
T02,2002Q4,1.831,4,2002,1.7555,True,0.8421052631578947,True,alta,True
T02,2003Q1,1.694,1,2003,1.71,False,0.6842105263157895,True,media,True
T02,2003Q2,1.689,2,2003,1.654,True,0.47368421052631576,False,media,True
T02,2003Q3,1.739,3,2003,1.8239999999999998,False,0.05263157894736842,False,sin alerta,False
T02,2003Q4,1.712,4,2003,1.7555,False,0.8421052631578947,True,media,True
T02,2004Q1,1.558,1,2004,1.71,False,0.6842105263157895,True,media,True
T02,2004Q2,1.606,2,2004,1.654,False,0.47368421052631576,False,sin alerta,False
T02,2004Q3,1.733,3,2004,1.8239999999999998,False,0.05263157894736842,False,sin alerta,False
T02,2004Q4,1.605,4,2004,1.7555,False,0.8421052631578947,True,media,True
T02,2005Q1,1.678,1,2005,1.71,False,0.6842105263157895,True,media,False
T02,2005Q2,1.613,2,2005,1.654,False,0.47368421052631576,False,sin alerta,False
T02,2005Q3,1.823,3,2005,1.8239999999999998,False,0.05263157894736842,False,sin alerta,False
T02,2005Q4,1.676,4,2005,1.7555,False,0.8421052631578947,True,media,True
T02,2006Q1,1.721,1,2006,1.71,True,0.6842105263157895,True,alta,True
T02,2006Q2,1.597,2,2006,1.654,False,0.47368421052631576,False,sin alerta,False
T02,2006Q3,1.834,3,2006,1.8239999999999998,True,0.05263157894736842,False,media,False
T02,2006Q4,1.791,4,2006,1.7555,True,0.8421052631578947,True,alta,True
T02,2007Q1,1.7,1,2007,1.71,False,0.6842105263157895,True,media,False
T02,2007Q2,1.653,2,2007,1.654,False,0.47368421052631576,False,sin alerta,False
T02,2007Q3,1.789,3,2007,1.8239999999999998,False,0.05263157894736842,False,sin alerta,False
T02,2007Q4,1.647,4,2007,1.7555,False,0.8421052631578947,True,media,True
T02,2008Q1,1.581,1,2008,1.71,False,0.6842105263157895,True,media,True
T02,2008Q2,1.613,2,2008,1.654,False,0.47368421052631576,False,sin alerta,True
T02,2008Q3,1.716,3,2008,1.8239999999999998,False,0.05263157894736842,False,sin alerta,False
T02,2008Q4,1.634,4,2008,1.7555,False,0.8421052631578947,True,media,False
T02,2009Q1,1.634,1,2009,1.71,False,0.6842105263157895,True,media,True
T02,2009Q2,1.59,2,2009,1.654,False,0.47368421052631576,False,sin alerta,False
T02,2009Q3,1.789,3,2009,1.8239999999999998,False,0.05263157894736842,False,sin alerta,False
T02,2009Q4,1.627,4,2009,1.7555,False,0.8421052631578947,True,media,True
T02,2010Q1,1.715,1,2010,1.71,True,0.6842105263157895,True,alta,True
T02,2010Q2,1.526,2,2010,1.654,False,0.47368421052631576,False,sin alerta,True
T02,2010Q3,1.846,3,2010,1.8239999999999998,True,0.05263157894736842,False,media,False
T02,2010Q4,1.766,4,2010,1.7555,True,0.8421052631578947,True,alta,True
T02,2011Q1,1.712,1,2011,1.71,True,0.6842105263157895,True,alta,True
T02,2011Q2,1.605,2,2011,1.654,False,0.47368421052631576,False,sin alerta,False
T02,2011Q3,1.808,3,2011,1.8239999999999998,False,0.05263157894736842,False,sin alerta,False
T02,2011Q4,1.684,4,2011,1.7555,False,0.8421052631578947,True,media,True
T02,2012Q1,1.647,1,2012,1.71,False,0.6842105263157895,True,media,False
T02,2012Q2,1.635,2,2012,1.654,False,0.47368421052631576,False,sin alerta,False
T02,2012Q3,1.702,3,2012,1.8239999999999998,False,0.05263157894736842,False,sin alerta,False
T02,2012Q4,1.698,4,2012,1.7555,False,0.8421052631578947,True,media,True
T02,2013Q1,1.621,1,2013,1.71,False,0.6842105263157895,True,media,True
T02,2013Q2,1.655,2,2013,1.654,True,0.47368421052631576,False,media,False
T02,2013Q3,1.767,3,2013,1.8239999999999998,False,0.05263157894736842,False,sin alerta,False
T02,2013Q4,1.609,4,2013,1.7555,False,0.8421052631578947,True,media,True
T02,2014Q1,1.706,1,2014,1.71,False,0.6842105263157895,True,media,True
T02,2014Q2,1.573,2,2014,1.654,False,0.47368421052631576,False,sin alerta,True
T02,2014Q3,1.829,3,2014,1.8239999999999998,True,0.05263157894736842,False,media,False
T02,2014Q4,1.75,4,2014,1.7555,False,0.8421052631578947,True,media,True
T02,2015Q1,1.74,1,2015,1.71,True,0.6842105263157895,True,alta,False
T02,2015Q2,1.665,2,2015,1.654,True,0.47368421052631576,False,media,True
T02,2015Q3,1.825,3,2015,1.8239999999999998,True,0.05263157894736842,False,media,False
T02,2015Q4,1.723,4,2015,1.7555,False,0.8421052631578947,True,media,True
T02,2016Q1,1.689,1,2016,1.71,False,0.6842105263157895,True,media,False
T02,2016Q2,1.72,2,2016,1.654,True,0.47368421052631576,False,media,True
T02,2016Q3,1.786,3,2016,1.8239999999999998,False,0.05263157894736842,False,sin alerta,False
T02,2016Q4,1.754,4,2016,1.7555,False,0.8421052631578947,True,media,False
T02,2017Q1,1.627,1,2017,1.71,False,0.6842105263157895,True,media,True
T02,2017Q2,1.639,2,2017,1.654,False,0.47368421052631576,False,sin alerta,True
T02,2017Q3,1.718,3,2017,1.8239999999999998,False,0.05263157894736842,False,sin alerta,False
T02,2017Q4,1.688,4,2017,1.7555,False,0.8421052631578947,True,media,True
T02,2018Q1,1.638,1,2018,1.71,False,0.6842105263157895,True,media,True
T02,2018Q2,1.614,2,2018,1.654,False,0.47368421052631576,False,sin alerta,False
T02,2018Q3,1.819,3,2018,1.8239999999999998,False,0.05263157894736842,False,sin alerta,False
T02,2018Q4,1.757,4,2018,1.7555,True,0.8421052631578947,True,alta,False
T02,2019Q1,1.704,1,2019,1.71,False,0.6842105263157895,True,media,True
T02,2019Q2,1.651,2,2019,1.654,False,0.47368421052631576,False,sin alerta,False
T02,2019Q3,1.861,3,2019,1.8239999999999998,True,0.05263157894736842,False,media,False
T02,2019Q4,1.733,4,2019,1.7555,False,0.8421052631578947,True,media,True
T02,2020Q1,1.713,1,2020,1.71,True,0.6842105263157895,True,alta,False
T02,2020Q2,1.704,2,2020,1.654,True,0.47368421052631576,False,media,False
T02,2020Q3,1.821,3,2020,1.8239999999999998,False,0.05263157894736842,False,sin alerta,False
T02,2020Q4,1.808,4,2020,1.7555,True,0.8421052631578947,True,alta,True
T02,2021Q1,1.669,1,2021,1.71,False,0.6842105263157895,True,media,True
T02,2021Q2,1.626,2,2021,1.654,False,0.47368421052631576,False,sin alerta,True
T02,2021Q3,1.692,3,2021,1.8239999999999998,False,0.05263157894736842,False,sin alerta,False
T02,2021Q4,1.741,4,2021,1.7555,False,0.8421052631578947,True,media,True
T02,2022Q1,1.606,1,2022,1.71,False,0.6842105263157895,True,media,True
T02,2022Q2,1.556,2,2022,1.654,False,0.47368421052631576,False,sin alerta,False
T02,2022Q3,1.755,3,2022,1.8239999999999998,False,0.05263157894736842,False,sin alerta,False
T02,2022Q4,1.691,4,2022,1.7555,False,0.8421052631578947,True,media,True
T02,2023Q1,1.706,1,2023,1.71,False,0.6842105263157895,True,media,False
T02,2023Q2,1.591,2,2023,1.654,False,0.47368421052631576,False,sin alerta,False
T02,2023Q3,1.808,3,2023,1.8239999999999998,False,0.05263157894736842,False,sin alerta,False
T02,2023Q4,1.719,4,2023,1.7555,False,0.8421052631578947,True,media,True
T02,2024Q1,1.726,1,2024,1.71,True,0.6842105263157895,True,alta,True
T02,2024Q2,1.703,2,2024,1.654,True,0.47368421052631576,False,media,False
T02,2024Q3,1.816,3,2024,1.8239999999999998,False,0.05263157894736842,False,sin alerta,False
T02,2024Q4,1.742,4,2024,1.7555,False,0.8421052631578947,True,media,True
T02,2025Q1,1.702,1,2025,1.71,False,0.6842105263157895,True,media,
T03,2000Q1,1.619,1,2000,1.7125,False,0.7368421052631579,True,media,False
T03,2000Q2,1.565,2,2000,1.6585,False,0.47368421052631576,False,sin alerta,True
T03,2000Q3,1.772,3,2000,1.8275000000000001,False,0.05263157894736842,False,sin alerta,False
T03,2000Q4,1.623,4,2000,1.757,False,0.8421052631578947,True,media,True
T03,2001Q1,1.71,1,2001,1.7125,False,0.7368421052631579,True,media,True
T03,2001Q2,1.667,2,2001,1.6585,True,0.47368421052631576,False,media,False
T03,2001Q3,1.842,3,2001,1.8275000000000001,True,0.05263157894736842,False,media,False
T03,2001Q4,1.785,4,2001,1.757,True,0.8421052631578947,True,alta,True
T03,2002Q1,1.748,1,2002,1.7125,True,0.7368421052631579,True,alta,True
T03,2002Q2,1.644,2,2002,1.6585,False,0.47368421052631576,False,sin alerta,True
T03,2002Q3,1.8,3,2002,1.8275000000000001,False,0.05263157894736842,False,sin alerta,True
T03,2002Q4,1.834,4,2002,1.757,True,0.8421052631578947,True,alta,True
T03,2003Q1,1.696,1,2003,1.7125,False,0.7368421052631579,True,media,True
T03,2003Q2,1.693,2,2003,1.6585,True,0.47368421052631576,False,media,True
T03,2003Q3,1.743,3,2003,1.8275000000000001,False,0.05263157894736842,False,sin alerta,False
T03,2003Q4,1.714,4,2003,1.757,False,0.8421052631578947,True,media,True
T03,2004Q1,1.561,1,2004,1.7125,False,0.7368421052631579,True,media,True
T03,2004Q2,1.61,2,2004,1.6585,False,0.47368421052631576,False,sin alerta,False
T03,2004Q3,1.738,3,2004,1.8275000000000001,False,0.05263157894736842,False,sin alerta,False
T03,2004Q4,1.607,4,2004,1.757,False,0.8421052631578947,True,media,True
T03,2005Q1,1.681,1,2005,1.7125,False,0.7368421052631579,True,media,False
T03,2005Q2,1.616,2,2005,1.6585,False,0.47368421052631576,False,sin alerta,False
T03,2005Q3,1.826,3,2005,1.8275000000000001,False,0.05263157894736842,False,sin alerta,False
T03,2005Q4,1.679,4,2005,1.757,False,0.8421052631578947,True,media,True
T03,2006Q1,1.724,1,2006,1.7125,True,0.7368421052631579,True,alta,True
T03,2006Q2,1.601,2,2006,1.6585,False,0.47368421052631576,False,sin alerta,False
T03,2006Q3,1.838,3,2006,1.8275000000000001,True,0.05263157894736842,False,media,False
T03,2006Q4,1.793,4,2006,1.757,True,0.8421052631578947,True,alta,True
T03,2007Q1,1.704,1,2007,1.7125,False,0.7368421052631579,True,media,False
T03,2007Q2,1.657,2,2007,1.6585,False,0.47368421052631576,False,sin alerta,False
T03,2007Q3,1.792,3,2007,1.8275000000000001,False,0.05263157894736842,False,sin alerta,False
T03,2007Q4,1.648,4,2007,1.757,False,0.8421052631578947,True,media,True
T03,2008Q1,1.582,1,2008,1.7125,False,0.7368421052631579,True,media,True
T03,2008Q2,1.617,2,2008,1.6585,False,0.47368421052631576,False,sin alerta,True
T03,2008Q3,1.72,3,2008,1.8275000000000001,False,0.05263157894736842,False,sin alerta,False
T03,2008Q4,1.635,4,2008,1.757,False,0.8421052631578947,True,media,False
T03,2009Q1,1.636,1,2009,1.7125,False,0.7368421052631579,True,media,True
T03,2009Q2,1.595,2,2009,1.6585,False,0.47368421052631576,False,sin alerta,False
T03,2009Q3,1.794,3,2009,1.8275000000000001,False,0.05263157894736842,False,sin alerta,False
T03,2009Q4,1.629,4,2009,1.757,False,0.8421052631578947,True,media,True
T03,2010Q1,1.717,1,2010,1.7125,True,0.7368421052631579,True,alta,True
T03,2010Q2,1.528,2,2010,1.6585,False,0.47368421052631576,False,sin alerta,True
T03,2010Q3,1.85,3,2010,1.8275000000000001,True,0.05263157894736842,False,media,False
T03,2010Q4,1.768,4,2010,1.757,True,0.8421052631578947,True,alta,True
T03,2011Q1,1.715,1,2011,1.7125,True,0.7368421052631579,True,alta,True
T03,2011Q2,1.607,2,2011,1.6585,False,0.47368421052631576,False,sin alerta,False
T03,2011Q3,1.811,3,2011,1.8275000000000001,False,0.05263157894736842,False,sin alerta,False
T03,2011Q4,1.687,4,2011,1.757,False,0.8421052631578947,True,media,True
T03,2012Q1,1.649,1,2012,1.7125,False,0.7368421052631579,True,media,False
T03,2012Q2,1.638,2,2012,1.6585,False,0.47368421052631576,False,sin alerta,False
T03,2012Q3,1.706,3,2012,1.8275000000000001,False,0.05263157894736842,False,sin alerta,False
T03,2012Q4,1.7,4,2012,1.757,False,0.8421052631578947,True,media,True
T03,2013Q1,1.623,1,2013,1.7125,False,0.7368421052631579,True,media,True
T03,2013Q2,1.66,2,2013,1.6585,True,0.47368421052631576,False,media,False
T03,2013Q3,1.771,3,2013,1.8275000000000001,False,0.05263157894736842,False,sin alerta,False
T03,2013Q4,1.609,4,2013,1.757,False,0.8421052631578947,True,media,True
T03,2014Q1,1.708,1,2014,1.7125,False,0.7368421052631579,True,media,True
T03,2014Q2,1.578,2,2014,1.6585,False,0.47368421052631576,False,sin alerta,True
T03,2014Q3,1.833,3,2014,1.8275000000000001,True,0.05263157894736842,False,media,False
T03,2014Q4,1.753,4,2014,1.757,False,0.8421052631578947,True,media,True
T03,2015Q1,1.743,1,2015,1.7125,True,0.7368421052631579,True,alta,False
T03,2015Q2,1.668,2,2015,1.6585,True,0.47368421052631576,False,media,True
T03,2015Q3,1.829,3,2015,1.8275000000000001,True,0.05263157894736842,False,media,False
T03,2015Q4,1.725,4,2015,1.757,False,0.8421052631578947,True,media,True
T03,2016Q1,1.691,1,2016,1.7125,False,0.7368421052631579,True,media,True
T03,2016Q2,1.723,2,2016,1.6585,True,0.47368421052631576,False,media,True
T03,2016Q3,1.789,3,2016,1.8275000000000001,False,0.05263157894736842,False,sin alerta,False
T03,2016Q4,1.755,4,2016,1.757,False,0.8421052631578947,True,media,False
T03,2017Q1,1.629,1,2017,1.7125,False,0.7368421052631579,True,media,True
T03,2017Q2,1.643,2,2017,1.6585,False,0.47368421052631576,False,sin alerta,True
T03,2017Q3,1.722,3,2017,1.8275000000000001,False,0.05263157894736842,False,sin alerta,False
T03,2017Q4,1.69,4,2017,1.757,False,0.8421052631578947,True,media,True
T03,2018Q1,1.64,1,2018,1.7125,False,0.7368421052631579,True,media,True
T03,2018Q2,1.617,2,2018,1.6585,False,0.47368421052631576,False,sin alerta,False
T03,2018Q3,1.823,3,2018,1.8275000000000001,False,0.05263157894736842,False,sin alerta,False
T03,2018Q4,1.759,4,2018,1.757,True,0.8421052631578947,True,alta,False
T03,2019Q1,1.706,1,2019,1.7125,False,0.7368421052631579,True,media,True
T03,2019Q2,1.655,2,2019,1.6585,False,0.47368421052631576,False,sin alerta,True
T03,2019Q3,1.864,3,2019,1.8275000000000001,True,0.05263157894736842,False,media,False
T03,2019Q4,1.734,4,2019,1.757,False,0.8421052631578947,True,media,True
T03,2020Q1,1.714,1,2020,1.7125,True,0.7368421052631579,True,alta,False
T03,2020Q2,1.708,2,2020,1.6585,True,0.47368421052631576,False,media,False
T03,2020Q3,1.824,3,2020,1.8275000000000001,False,0.05263157894736842,False,sin alerta,False
T03,2020Q4,1.81,4,2020,1.757,True,0.8421052631578947,True,alta,True
T03,2021Q1,1.672,1,2021,1.7125,False,0.7368421052631579,True,media,True
T03,2021Q2,1.63,2,2021,1.6585,False,0.47368421052631576,False,sin alerta,False
T03,2021Q3,1.696,3,2021,1.8275000000000001,False,0.05263157894736842,False,sin alerta,False
T03,2021Q4,1.743,4,2021,1.757,False,0.8421052631578947,True,media,True
T03,2022Q1,1.608,1,2022,1.7125,False,0.7368421052631579,True,media,True
T03,2022Q2,1.559,2,2022,1.6585,False,0.47368421052631576,False,sin alerta,True
T03,2022Q3,1.76,3,2022,1.8275000000000001,False,0.05263157894736842,False,sin alerta,False
T03,2022Q4,1.693,4,2022,1.757,False,0.8421052631578947,True,media,True
T03,2023Q1,1.709,1,2023,1.7125,False,0.7368421052631579,True,media,False
T03,2023Q2,1.594,2,2023,1.6585,False,0.47368421052631576,False,sin alerta,False
T03,2023Q3,1.812,3,2023,1.8275000000000001,False,0.05263157894736842,False,sin alerta,False
T03,2023Q4,1.722,4,2023,1.757,False,0.8421052631578947,True,media,True
T03,2024Q1,1.729,1,2024,1.7125,True,0.7368421052631579,True,alta,True
T03,2024Q2,1.707,2,2024,1.6585,True,0.47368421052631576,False,media,False
T03,2024Q3,1.819,3,2024,1.8275000000000001,False,0.05263157894736842,False,sin alerta,False
T03,2024Q4,1.745,4,2024,1.757,False,0.8421052631578947,True,media,True
T03,2025Q1,1.705,1,2025,1.7125,False,0.7368421052631579,True,media,
T04,2000Q1,1.623,1,2000,1.717,False,0.7368421052631579,True,media,False
T04,2000Q2,1.574,2,2000,1.6644999999999999,False,0.3684210526315789,False,sin alerta,True
T04,2000Q3,1.779,3,2000,1.8345,False,0.05263157894736842,False,sin alerta,False
T04,2000Q4,1.628,4,2000,1.763,False,0.6842105263157895,True,media,True
T04,2001Q1,1.715,1,2001,1.717,False,0.7368421052631579,True,media,True
T04,2001Q2,1.671,2,2001,1.6644999999999999,True,0.3684210526315789,False,media,False
T04,2001Q3,1.849,3,2001,1.8345,True,0.05263157894736842,False,media,False
T04,2001Q4,1.791,4,2001,1.763,True,0.6842105263157895,True,alta,False
T04,2002Q1,1.753,1,2002,1.717,True,0.7368421052631579,True,alta,True
T04,2002Q2,1.649,2,2002,1.6644999999999999,False,0.3684210526315789,False,sin alerta,True
T04,2002Q3,1.806,3,2002,1.8345,False,0.05263157894736842,False,sin alerta,True
T04,2002Q4,1.841,4,2002,1.763,True,0.6842105263157895,True,alta,True
T04,2003Q1,1.7,1,2003,1.717,False,0.7368421052631579,True,media,True
T04,2003Q2,1.697,2,2003,1.6644999999999999,True,0.3684210526315789,False,media,True
T04,2003Q3,1.75,3,2003,1.8345,False,0.05263157894736842,False,sin alerta,False
T04,2003Q4,1.721,4,2003,1.763,False,0.6842105263157895,True,media,True
T04,2004Q1,1.565,1,2004,1.717,False,0.7368421052631579,True,media,True
T04,2004Q2,1.614,2,2004,1.6644999999999999,False,0.3684210526315789,False,sin alerta,False
T04,2004Q3,1.744,3,2004,1.8345,False,0.05263157894736842,False,sin alerta,False
T04,2004Q4,1.614,4,2004,1.763,False,0.6842105263157895,True,media,True
T04,2005Q1,1.686,1,2005,1.717,False,0.7368421052631579,True,media,False
T04,2005Q2,1.621,2,2005,1.6644999999999999,False,0.3684210526315789,False,sin alerta,False
T04,2005Q3,1.833,3,2005,1.8345,False,0.05263157894736842,False,sin alerta,False
T04,2005Q4,1.686,4,2005,1.763,False,0.6842105263157895,True,media,False
T04,2006Q1,1.729,1,2006,1.717,True,0.7368421052631579,True,alta,True
T04,2006Q2,1.606,2,2006,1.6644999999999999,False,0.3684210526315789,False,sin alerta,False
T04,2006Q3,1.845,3,2006,1.8345,True,0.05263157894736842,False,media,False
T04,2006Q4,1.799,4,2006,1.763,True,0.6842105263157895,True,alta,True
T04,2007Q1,1.709,1,2007,1.717,False,0.7368421052631579,True,media,False
T04,2007Q2,1.662,2,2007,1.6644999999999999,False,0.3684210526315789,False,sin alerta,False
T04,2007Q3,1.798,3,2007,1.8345,False,0.05263157894736842,False,sin alerta,False
T04,2007Q4,1.653,4,2007,1.763,False,0.6842105263157895,True,media,True
T04,2008Q1,1.585,1,2008,1.717,False,0.7368421052631579,True,media,True
T04,2008Q2,1.621,2,2008,1.6644999999999999,False,0.3684210526315789,False,sin alerta,True
T04,2008Q3,1.727,3,2008,1.8345,False,0.05263157894736842,False,sin alerta,False
T04,2008Q4,1.641,4,2008,1.763,False,0.6842105263157895,True,media,False
T04,2009Q1,1.64,1,2009,1.717,False,0.7368421052631579,True,media,True
T04,2009Q2,1.601,2,2009,1.6644999999999999,False,0.3684210526315789,False,sin alerta,False
T04,2009Q3,1.801,3,2009,1.8345,False,0.05263157894736842,False,sin alerta,False
T04,2009Q4,1.635,4,2009,1.763,False,0.6842105263157895,True,media,True
T04,2010Q1,1.721,1,2010,1.717,True,0.7368421052631579,True,alta,True
T04,2010Q2,1.532,2,2010,1.6644999999999999,False,0.3684210526315789,False,sin alerta,True
T04,2010Q3,1.857,3,2010,1.8345,True,0.05263157894736842,False,media,False
T04,2010Q4,1.774,4,2010,1.763,True,0.6842105263157895,True,alta,True
T04,2011Q1,1.719,1,2011,1.717,True,0.7368421052631579,True,alta,True
T04,2011Q2,1.615,2,2011,1.6644999999999999,False,0.3684210526315789,False,sin alerta,False
T04,2011Q3,1.818,3,2011,1.8345,False,0.05263157894736842,False,sin alerta,False
T04,2011Q4,1.693,4,2011,1.763,False,0.6842105263157895,True,media,True
T04,2012Q1,1.653,1,2012,1.717,False,0.7368421052631579,True,media,False
T04,2012Q2,1.642,2,2012,1.6644999999999999,False,0.3684210526315789,False,sin alerta,False
T04,2012Q3,1.713,3,2012,1.8345,False,0.05263157894736842,False,sin alerta,False
T04,2012Q4,1.706,4,2012,1.763,False,0.6842105263157895,True,media,False
T04,2013Q1,1.627,1,2013,1.717,False,0.7368421052631579,True,media,True
T04,2013Q2,1.667,2,2013,1.6644999999999999,True,0.3684210526315789,False,media,False
T04,2013Q3,1.778,3,2013,1.8345,False,0.05263157894736842,False,sin alerta,False
T04,2013Q4,1.614,4,2013,1.763,False,0.6842105263157895,True,media,True
T04,2014Q1,1.713,1,2014,1.717,False,0.7368421052631579,True,media,True
T04,2014Q2,1.586,2,2014,1.6644999999999999,False,0.3684210526315789,False,sin alerta,True
T04,2014Q3,1.839,3,2014,1.8345,True,0.05263157894736842,False,media,False
T04,2014Q4,1.759,4,2014,1.763,False,0.6842105263157895,True,media,True
T04,2015Q1,1.748,1,2015,1.717,True,0.7368421052631579,True,alta,False
T04,2015Q2,1.673,2,2015,1.6644999999999999,True,0.3684210526315789,False,media,False
T04,2015Q3,1.836,3,2015,1.8345,True,0.05263157894736842,False,media,False
T04,2015Q4,1.732,4,2015,1.763,False,0.6842105263157895,True,media,True
T04,2016Q1,1.696,1,2016,1.717,False,0.7368421052631579,True,media,True
T04,2016Q2,1.728,2,2016,1.6644999999999999,True,0.3684210526315789,False,media,True
T04,2016Q3,1.795,3,2016,1.8345,False,0.05263157894736842,False,sin alerta,False
T04,2016Q4,1.761,4,2016,1.763,False,0.6842105263157895,True,media,False
T04,2017Q1,1.634,1,2017,1.717,False,0.7368421052631579,True,media,True
T04,2017Q2,1.648,2,2017,1.6644999999999999,False,0.3684210526315789,False,sin alerta,False
T04,2017Q3,1.73,3,2017,1.8345,False,0.05263157894736842,False,sin alerta,False
T04,2017Q4,1.697,4,2017,1.763,False,0.6842105263157895,True,media,True
T04,2018Q1,1.644,1,2018,1.717,False,0.7368421052631579,True,media,True
T04,2018Q2,1.622,2,2018,1.6644999999999999,False,0.3684210526315789,False,sin alerta,False
T04,2018Q3,1.831,3,2018,1.8345,False,0.05263157894736842,False,sin alerta,False
T04,2018Q4,1.765,4,2018,1.763,True,0.6842105263157895,True,alta,False
T04,2019Q1,1.711,1,2019,1.717,False,0.7368421052631579,True,media,True
T04,2019Q2,1.66,2,2019,1.6644999999999999,False,0.3684210526315789,False,sin alerta,True
T04,2019Q3,1.871,3,2019,1.8345,True,0.05263157894736842,False,media,False
T04,2019Q4,1.74,4,2019,1.763,False,0.6842105263157895,True,media,True
T04,2020Q1,1.718,1,2020,1.717,True,0.7368421052631579,True,alta,False
T04,2020Q2,1.713,2,2020,1.6644999999999999,True,0.3684210526315789,False,media,False
T04,2020Q3,1.831,3,2020,1.8345,False,0.05263157894736842,False,sin alerta,False
T04,2020Q4,1.816,4,2020,1.763,True,0.6842105263157895,True,alta,True
T04,2021Q1,1.677,1,2021,1.717,False,0.7368421052631579,True,media,True
T04,2021Q2,1.636,2,2021,1.6644999999999999,False,0.3684210526315789,False,sin alerta,False
T04,2021Q3,1.703,3,2021,1.8345,False,0.05263157894736842,False,sin alerta,False
T04,2021Q4,1.75,4,2021,1.763,False,0.6842105263157895,True,media,True
T04,2022Q1,1.612,1,2022,1.717,False,0.7368421052631579,True,media,False
T04,2022Q2,1.563,2,2022,1.6644999999999999,False,0.3684210526315789,False,sin alerta,True
T04,2022Q3,1.767,3,2022,1.8345,False,0.05263157894736842,False,sin alerta,False
T04,2022Q4,1.699,4,2022,1.763,False,0.6842105263157895,True,media,True
T04,2023Q1,1.714,1,2023,1.717,False,0.7368421052631579,True,media,False
T04,2023Q2,1.599,2,2023,1.6644999999999999,False,0.3684210526315789,False,sin alerta,False
T04,2023Q3,1.819,3,2023,1.8345,False,0.05263157894736842,False,sin alerta,False
T04,2023Q4,1.728,4,2023,1.763,False,0.6842105263157895,True,media,True
T04,2024Q1,1.734,1,2024,1.717,True,0.7368421052631579,True,alta,True
T04,2024Q2,1.711,2,2024,1.6644999999999999,True,0.3684210526315789,False,media,False
T04,2024Q3,1.826,3,2024,1.8345,False,0.05263157894736842,False,sin alerta,False
T04,2024Q4,1.751,4,2024,1.763,False,0.6842105263157895,True,media,True
T04,2025Q1,1.71,1,2025,1.717,False,0.7368421052631579,True,media,
T05,2000Q1,1.625,1,2000,1.7185000000000001,False,0.7894736842105263,True,media,False
T05,2000Q2,1.578,2,2000,1.6675,False,0.47368421052631576,False,sin alerta,True
T05,2000Q3,1.781,3,2000,1.837,False,0.10526315789473684,False,sin alerta,False
T05,2000Q4,1.63,4,2000,1.7645,False,0.8421052631578947,True,media,True
T05,2001Q1,1.717,1,2001,1.7185000000000001,False,0.7894736842105263,True,media,True
T05,2001Q2,1.672,2,2001,1.6675,True,0.47368421052631576,False,media,False
T05,2001Q3,1.853,3,2001,1.837,True,0.10526315789473684,False,media,False
T05,2001Q4,1.793,4,2001,1.7645,True,0.8421052631578947,True,alta,False
T05,2002Q1,1.755,1,2002,1.7185000000000001,True,0.7894736842105263,True,alta,True
T05,2002Q2,1.65,2,2002,1.6675,False,0.47368421052631576,False,sin alerta,True
T05,2002Q3,1.808,3,2002,1.837,False,0.10526315789473684,False,sin alerta,True
T05,2002Q4,1.844,4,2002,1.7645,True,0.8421052631578947,True,alta,True
T05,2003Q1,1.701,1,2003,1.7185000000000001,False,0.7894736842105263,True,media,True
T05,2003Q2,1.699,2,2003,1.6675,True,0.47368421052631576,False,media,True
T05,2003Q3,1.753,3,2003,1.837,False,0.10526315789473684,False,sin alerta,False
T05,2003Q4,1.722,4,2003,1.7645,False,0.8421052631578947,True,media,True
T05,2004Q1,1.566,1,2004,1.7185000000000001,False,0.7894736842105263,True,media,True
T05,2004Q2,1.616,2,2004,1.6675,False,0.47368421052631576,False,sin alerta,False
T05,2004Q3,1.748,3,2004,1.837,False,0.10526315789473684,False,sin alerta,False
T05,2004Q4,1.616,4,2004,1.7645,False,0.8421052631578947,True,media,True
T05,2005Q1,1.688,1,2005,1.7185000000000001,False,0.7894736842105263,True,media,False
T05,2005Q2,1.622,2,2005,1.6675,False,0.47368421052631576,False,sin alerta,False
T05,2005Q3,1.835,3,2005,1.837,False,0.10526315789473684,False,sin alerta,False
T05,2005Q4,1.689,4,2005,1.7645,False,0.8421052631578947,True,media,True
T05,2006Q1,1.731,1,2006,1.7185000000000001,True,0.7894736842105263,True,alta,True
T05,2006Q2,1.608,2,2006,1.6675,False,0.47368421052631576,False,sin alerta,False
T05,2006Q3,1.849,3,2006,1.837,True,0.10526315789473684,False,media,False
T05,2006Q4,1.8,4,2006,1.7645,True,0.8421052631578947,True,alta,True
T05,2007Q1,1.711,1,2007,1.7185000000000001,False,0.7894736842105263,True,media,True
T05,2007Q2,1.663,2,2007,1.6675,False,0.47368421052631576,False,sin alerta,False
T05,2007Q3,1.8,3,2007,1.837,False,0.10526315789473684,False,sin alerta,False
T05,2007Q4,1.653,4,2007,1.7645,False,0.8421052631578947,True,media,True
T05,2008Q1,1.585,1,2008,1.7185000000000001,False,0.7894736842105263,True,media,True
T05,2008Q2,1.623,2,2008,1.6675,False,0.47368421052631576,False,sin alerta,True
T05,2008Q3,1.73,3,2008,1.837,False,0.10526315789473684,False,sin alerta,False
T05,2008Q4,1.642,4,2008,1.7645,False,0.8421052631578947,True,media,False
T05,2009Q1,1.641,1,2009,1.7185000000000001,False,0.7894736842105263,True,media,True
T05,2009Q2,1.605,2,2009,1.6675,False,0.47368421052631576,False,sin alerta,False
T05,2009Q3,1.806,3,2009,1.837,False,0.10526315789473684,False,sin alerta,False
T05,2009Q4,1.636,4,2009,1.7645,False,0.8421052631578947,True,media,True
T05,2010Q1,1.722,1,2010,1.7185000000000001,True,0.7894736842105263,True,alta,True
T05,2010Q2,1.533,2,2010,1.6675,False,0.47368421052631576,False,sin alerta,True
T05,2010Q3,1.861,3,2010,1.837,True,0.10526315789473684,False,media,False
T05,2010Q4,1.776,4,2010,1.7645,True,0.8421052631578947,True,alta,True
T05,2011Q1,1.72,1,2011,1.7185000000000001,True,0.7894736842105263,True,alta,True
T05,2011Q2,1.616,2,2011,1.6675,False,0.47368421052631576,False,sin alerta,True
T05,2011Q3,1.82,3,2011,1.837,False,0.10526315789473684,False,sin alerta,False
T05,2011Q4,1.696,4,2011,1.7645,False,0.8421052631578947,True,media,True
T05,2012Q1,1.653,1,2012,1.7185000000000001,False,0.7894736842105263,True,media,False
T05,2012Q2,1.643,2,2012,1.6675,False,0.47368421052631576,False,sin alerta,False
T05,2012Q3,1.716,3,2012,1.837,False,0.10526315789473684,False,sin alerta,False
T05,2012Q4,1.708,4,2012,1.7645,False,0.8421052631578947,True,media,True
T05,2013Q1,1.629,1,2013,1.7185000000000001,False,0.7894736842105263,True,media,True
T05,2013Q2,1.672,2,2013,1.6675,True,0.47368421052631576,False,media,False
T05,2013Q3,1.781,3,2013,1.837,False,0.10526315789473684,False,sin alerta,True
T05,2013Q4,1.615,4,2013,1.7645,False,0.8421052631578947,True,media,True
T05,2014Q1,1.715,1,2014,1.7185000000000001,False,0.7894736842105263,True,media,True
T05,2014Q2,1.591,2,2014,1.6675,False,0.47368421052631576,False,sin alerta,True
T05,2014Q3,1.842,3,2014,1.837,True,0.10526315789473684,False,media,False
T05,2014Q4,1.762,4,2014,1.7645,False,0.8421052631578947,True,media,True
T05,2015Q1,1.75,1,2015,1.7185000000000001,True,0.7894736842105263,True,alta,False
T05,2015Q2,1.675,2,2015,1.6675,True,0.47368421052631576,False,media,False
T05,2015Q3,1.839,3,2015,1.837,True,0.10526315789473684,False,media,False
T05,2015Q4,1.734,4,2015,1.7645,False,0.8421052631578947,True,media,True
T05,2016Q1,1.697,1,2016,1.7185000000000001,False,0.7894736842105263,True,media,True
T05,2016Q2,1.73,2,2016,1.6675,True,0.47368421052631576,False,media,True
T05,2016Q3,1.797,3,2016,1.837,False,0.10526315789473684,False,sin alerta,False
T05,2016Q4,1.762,4,2016,1.7645,False,0.8421052631578947,True,media,True
T05,2017Q1,1.635,1,2017,1.7185000000000001,False,0.7894736842105263,True,media,True
T05,2017Q2,1.651,2,2017,1.6675,False,0.47368421052631576,False,sin alerta,False
T05,2017Q3,1.734,3,2017,1.837,False,0.10526315789473684,False,sin alerta,False
T05,2017Q4,1.699,4,2017,1.7645,False,0.8421052631578947,True,media,True
T05,2018Q1,1.645,1,2018,1.7185000000000001,False,0.7894736842105263,True,media,True
T05,2018Q2,1.624,2,2018,1.6675,False,0.47368421052631576,False,sin alerta,True
T05,2018Q3,1.834,3,2018,1.837,False,0.10526315789473684,False,sin alerta,False
T05,2018Q4,1.767,4,2018,1.7645,True,0.8421052631578947,True,alta,False
T05,2019Q1,1.712,1,2019,1.7185000000000001,False,0.7894736842105263,True,media,True
T05,2019Q2,1.662,2,2019,1.6675,False,0.47368421052631576,False,sin alerta,True
T05,2019Q3,1.874,3,2019,1.837,True,0.10526315789473684,False,media,False
T05,2019Q4,1.741,4,2019,1.7645,False,0.8421052631578947,True,media,True
T05,2020Q1,1.719,1,2020,1.7185000000000001,True,0.7894736842105263,True,alta,False
T05,2020Q2,1.716,2,2020,1.6675,True,0.47368421052631576,False,media,True
T05,2020Q3,1.833,3,2020,1.837,False,0.10526315789473684,False,sin alerta,True
T05,2020Q4,1.818,4,2020,1.7645,True,0.8421052631578947,True,alta,True
T05,2021Q1,1.678,1,2021,1.7185000000000001,False,0.7894736842105263,True,media,True
T05,2021Q2,1.639,2,2021,1.6675,False,0.47368421052631576,False,sin alerta,False
T05,2021Q3,1.706,3,2021,1.837,False,0.10526315789473684,False,sin alerta,False
T05,2021Q4,1.753,4,2021,1.7645,False,0.8421052631578947,True,media,True
T05,2022Q1,1.614,1,2022,1.7185000000000001,False,0.7894736842105263,True,media,False
T05,2022Q2,1.565,2,2022,1.6675,False,0.47368421052631576,False,sin alerta,True
T05,2022Q3,1.771,3,2022,1.837,False,0.10526315789473684,False,sin alerta,False
T05,2022Q4,1.701,4,2022,1.7645,False,0.8421052631578947,True,media,True
T05,2023Q1,1.716,1,2023,1.7185000000000001,False,0.7894736842105263,True,media,False
T05,2023Q2,1.601,2,2023,1.6675,False,0.47368421052631576,False,sin alerta,False
T05,2023Q3,1.821,3,2023,1.837,False,0.10526315789473684,False,sin alerta,False
T05,2023Q4,1.73,4,2023,1.7645,False,0.8421052631578947,True,media,True
T05,2024Q1,1.736,1,2024,1.7185000000000001,True,0.7894736842105263,True,alta,True
T05,2024Q2,1.713,2,2024,1.6675,True,0.47368421052631576,False,media,False
T05,2024Q3,1.828,3,2024,1.837,False,0.10526315789473684,False,sin alerta,False
T05,2024Q4,1.753,4,2024,1.7645,False,0.8421052631578947,True,media,True
T05,2025Q1,1.712,1,2025,1.7185000000000001,False,0.7894736842105263,True,media,
T06,2000Q1,1.628,1,2000,1.721,False,0.8421052631578947,True,media,False
T06,2000Q2,1.582,2,2000,1.6705,False,0.5789473684210527,True,media,True
T06,2000Q3,1.784,3,2000,1.8399999999999999,False,0.10526315789473684,False,sin alerta,False
T06,2000Q4,1.633,4,2000,1.7665,False,0.8947368421052632,True,media,True
T06,2001Q1,1.72,1,2001,1.721,False,0.8421052631578947,True,media,True
T06,2001Q2,1.675,2,2001,1.6705,True,0.5789473684210527,True,alta,False
T06,2001Q3,1.857,3,2001,1.8399999999999999,True,0.10526315789473684,False,media,False
T06,2001Q4,1.795,4,2001,1.7665,True,0.8947368421052632,True,alta,False
T06,2002Q1,1.758,1,2002,1.721,True,0.8421052631578947,True,alta,True
T06,2002Q2,1.653,2,2002,1.6705,False,0.5789473684210527,True,media,True
T06,2002Q3,1.812,3,2002,1.8399999999999999,False,0.10526315789473684,False,sin alerta,True
T06,2002Q4,1.847,4,2002,1.7665,True,0.8947368421052632,True,alta,True
T06,2003Q1,1.703,1,2003,1.721,False,0.8421052631578947,True,media,True
T06,2003Q2,1.702,2,2003,1.6705,True,0.5789473684210527,True,alta,True
T06,2003Q3,1.757,3,2003,1.8399999999999999,False,0.10526315789473684,False,sin alerta,False
T06,2003Q4,1.724,4,2003,1.7665,False,0.8947368421052632,True,media,True
T06,2004Q1,1.569,1,2004,1.721,False,0.8421052631578947,True,media,True
T06,2004Q2,1.619,2,2004,1.6705,False,0.5789473684210527,True,media,True
T06,2004Q3,1.752,3,2004,1.8399999999999999,False,0.10526315789473684,False,sin alerta,False
T06,2004Q4,1.618,4,2004,1.7665,False,0.8947368421052632,True,media,True
T06,2005Q1,1.692,1,2005,1.721,False,0.8421052631578947,True,media,True
T06,2005Q2,1.625,2,2005,1.6705,False,0.5789473684210527,True,media,False
T06,2005Q3,1.839,3,2005,1.8399999999999999,False,0.10526315789473684,False,sin alerta,False
T06,2005Q4,1.692,4,2005,1.7665,False,0.8947368421052632,True,media,True
T06,2006Q1,1.734,1,2006,1.721,True,0.8421052631578947,True,alta,True
T06,2006Q2,1.612,2,2006,1.6705,False,0.5789473684210527,True,media,False
T06,2006Q3,1.853,3,2006,1.8399999999999999,True,0.10526315789473684,False,media,False
T06,2006Q4,1.802,4,2006,1.7665,True,0.8947368421052632,True,alta,True
T06,2007Q1,1.714,1,2007,1.721,False,0.8421052631578947,True,media,True
T06,2007Q2,1.666,2,2007,1.6705,False,0.5789473684210527,True,media,False
T06,2007Q3,1.803,3,2007,1.8399999999999999,False,0.10526315789473684,False,sin alerta,False
T06,2007Q4,1.654,4,2007,1.7665,False,0.8947368421052632,True,media,True
T06,2008Q1,1.588,1,2008,1.721,False,0.8421052631578947,True,media,True
T06,2008Q2,1.626,2,2008,1.6705,False,0.5789473684210527,True,media,True
T06,2008Q3,1.734,3,2008,1.8399999999999999,False,0.10526315789473684,False,sin alerta,False
T06,2008Q4,1.643,4,2008,1.7665,False,0.8947368421052632,True,media,True
T06,2009Q1,1.645,1,2009,1.721,False,0.8421052631578947,True,media,True
T06,2009Q2,1.61,2,2009,1.6705,False,0.5789473684210527,True,media,False
T06,2009Q3,1.811,3,2009,1.8399999999999999,False,0.10526315789473684,False,sin alerta,False
T06,2009Q4,1.638,4,2009,1.7665,False,0.8947368421052632,True,media,True
T06,2010Q1,1.725,1,2010,1.721,True,0.8421052631578947,True,alta,True
T06,2010Q2,1.535,2,2010,1.6705,False,0.5789473684210527,True,media,True
T06,2010Q3,1.865,3,2010,1.8399999999999999,True,0.10526315789473684,False,media,False
T06,2010Q4,1.777,4,2010,1.7665,True,0.8947368421052632,True,alta,True
T06,2011Q1,1.722,1,2011,1.721,True,0.8421052631578947,True,alta,True
T06,2011Q2,1.617,2,2011,1.6705,False,0.5789473684210527,True,media,True
T06,2011Q3,1.823,3,2011,1.8399999999999999,False,0.10526315789473684,False,sin alerta,False
T06,2011Q4,1.698,4,2011,1.7665,False,0.8947368421052632,True,media,True
T06,2012Q1,1.656,1,2012,1.721,False,0.8421052631578947,True,media,False
T06,2012Q2,1.645,2,2012,1.6705,False,0.5789473684210527,True,media,False
T06,2012Q3,1.719,3,2012,1.8399999999999999,False,0.10526315789473684,False,sin alerta,False
T06,2012Q4,1.709,4,2012,1.7665,False,0.8947368421052632,True,media,True
T06,2013Q1,1.632,1,2013,1.721,False,0.8421052631578947,True,media,True
T06,2013Q2,1.677,2,2013,1.6705,True,0.5789473684210527,True,alta,True
T06,2013Q3,1.785,3,2013,1.8399999999999999,False,0.10526315789473684,False,sin alerta,True
T06,2013Q4,1.617,4,2013,1.7665,False,0.8947368421052632,True,media,True
T06,2014Q1,1.718,1,2014,1.721,False,0.8421052631578947,True,media,True
T06,2014Q2,1.595,2,2014,1.6705,False,0.5789473684210527,True,media,True
T06,2014Q3,1.845,3,2014,1.8399999999999999,True,0.10526315789473684,False,media,False
T06,2014Q4,1.764,4,2014,1.7665,False,0.8947368421052632,True,media,True
T06,2015Q1,1.753,1,2015,1.721,True,0.8421052631578947,True,alta,False
T06,2015Q2,1.677,2,2015,1.6705,True,0.5789473684210527,True,alta,False
T06,2015Q3,1.841,3,2015,1.8399999999999999,True,0.10526315789473684,False,media,False
T06,2015Q4,1.735,4,2015,1.7665,False,0.8947368421052632,True,media,True
T06,2016Q1,1.699,1,2016,1.721,False,0.8421052631578947,True,media,True
T06,2016Q2,1.734,2,2016,1.6705,True,0.5789473684210527,True,alta,True
T06,2016Q3,1.798,3,2016,1.8399999999999999,False,0.10526315789473684,False,sin alerta,False
T06,2016Q4,1.764,4,2016,1.7665,False,0.8947368421052632,True,media,True
T06,2017Q1,1.637,1,2017,1.721,False,0.8421052631578947,True,media,True
T06,2017Q2,1.654,2,2017,1.6705,False,0.5789473684210527,True,media,False
T06,2017Q3,1.738,3,2017,1.8399999999999999,False,0.10526315789473684,False,sin alerta,False
T06,2017Q4,1.701,4,2017,1.7665,False,0.8947368421052632,True,media,True
T06,2018Q1,1.648,1,2018,1.721,False,0.8421052631578947,True,media,True
T06,2018Q2,1.627,2,2018,1.6705,False,0.5789473684210527,True,media,True
T06,2018Q3,1.838,3,2018,1.8399999999999999,False,0.10526315789473684,False,sin alerta,False
T06,2018Q4,1.769,4,2018,1.7665,True,0.8947368421052632,True,alta,False
T06,2019Q1,1.715,1,2019,1.721,False,0.8421052631578947,True,media,True
T06,2019Q2,1.666,2,2019,1.6705,False,0.5789473684210527,True,media,True
T06,2019Q3,1.877,3,2019,1.8399999999999999,True,0.10526315789473684,False,media,False
T06,2019Q4,1.742,4,2019,1.7665,False,0.8947368421052632,True,media,True
T06,2020Q1,1.721,1,2020,1.721,False,0.8421052631578947,True,media,False
T06,2020Q2,1.72,2,2020,1.6705,True,0.5789473684210527,True,alta,True
T06,2020Q3,1.836,3,2020,1.8399999999999999,False,0.10526315789473684,False,sin alerta,True
T06,2020Q4,1.82,4,2020,1.7665,True,0.8947368421052632,True,alta,True
T06,2021Q1,1.681,1,2021,1.721,False,0.8421052631578947,True,media,True
T06,2021Q2,1.642,2,2021,1.6705,False,0.5789473684210527,True,media,False
T06,2021Q3,1.709,3,2021,1.8399999999999999,False,0.10526315789473684,False,sin alerta,False
T06,2021Q4,1.755,4,2021,1.7665,False,0.8947368421052632,True,media,True
T06,2022Q1,1.617,1,2022,1.721,False,0.8421052631578947,True,media,False
T06,2022Q2,1.567,2,2022,1.6705,False,0.5789473684210527,True,media,True
T06,2022Q3,1.775,3,2022,1.8399999999999999,False,0.10526315789473684,False,sin alerta,False
T06,2022Q4,1.703,4,2022,1.7665,False,0.8947368421052632,True,media,True
T06,2023Q1,1.719,1,2023,1.721,False,0.8421052631578947,True,media,False
T06,2023Q2,1.605,2,2023,1.6705,False,0.5789473684210527,True,media,False
T06,2023Q3,1.825,3,2023,1.8399999999999999,False,0.10526315789473684,False,sin alerta,False
T06,2023Q4,1.732,4,2023,1.7665,False,0.8947368421052632,True,media,True
T06,2024Q1,1.739,1,2024,1.721,True,0.8421052631578947,True,alta,True
T06,2024Q2,1.716,2,2024,1.6705,True,0.5789473684210527,True,alta,True
T06,2024Q3,1.831,3,2024,1.8399999999999999,False,0.10526315789473684,False,sin alerta,False
T06,2024Q4,1.755,4,2024,1.7665,False,0.8947368421052632,True,media,True
T06,2025Q1,1.715,1,2025,1.721,False,0.8421052631578947,True,media,
T07,2000Q1,1.632,1,2000,1.725,False,0.8947368421052632,True,media,False
T07,2000Q2,1.587,2,2000,1.6745,False,0.5789473684210527,True,media,True
T07,2000Q3,1.789,3,2000,1.8450000000000002,False,0.10526315789473684,False,sin alerta,False
T07,2000Q4,1.637,4,2000,1.7705,False,0.8947368421052632,True,media,True
T07,2001Q1,1.724,1,2001,1.725,False,0.8947368421052632,True,media,True
T07,2001Q2,1.679,2,2001,1.6745,True,0.5789473684210527,True,alta,False
T07,2001Q3,1.863,3,2001,1.8450000000000002,True,0.10526315789473684,False,media,False
T07,2001Q4,1.8,4,2001,1.7705,True,0.8947368421052632,True,alta,False
T07,2002Q1,1.762,1,2002,1.725,True,0.8947368421052632,True,alta,True
T07,2002Q2,1.656,2,2002,1.6745,False,0.5789473684210527,True,media,True
T07,2002Q3,1.817,3,2002,1.8450000000000002,False,0.10526315789473684,False,sin alerta,True
T07,2002Q4,1.852,4,2002,1.7705,True,0.8947368421052632,True,alta,True
T07,2003Q1,1.706,1,2003,1.725,False,0.8947368421052632,True,media,True
T07,2003Q2,1.705,2,2003,1.6745,True,0.5789473684210527,True,alta,True
T07,2003Q3,1.762,3,2003,1.8450000000000002,False,0.10526315789473684,False,sin alerta,False
T07,2003Q4,1.728,4,2003,1.7705,False,0.8947368421052632,True,media,True
T07,2004Q1,1.573,1,2004,1.725,False,0.8947368421052632,True,media,True
T07,2004Q2,1.623,2,2004,1.6745,False,0.5789473684210527,True,media,True
T07,2004Q3,1.758,3,2004,1.8450000000000002,False,0.10526315789473684,False,sin alerta,False
T07,2004Q4,1.622,4,2004,1.7705,False,0.8947368421052632,True,media,True
T07,2005Q1,1.696,1,2005,1.725,False,0.8947368421052632,True,media,True
T07,2005Q2,1.629,2,2005,1.6745,False,0.5789473684210527,True,media,False
T07,2005Q3,1.844,3,2005,1.8450000000000002,False,0.10526315789473684,False,sin alerta,False
T07,2005Q4,1.697,4,2005,1.7705,False,0.8947368421052632,True,media,True
T07,2006Q1,1.738,1,2006,1.725,True,0.8947368421052632,True,alta,True
T07,2006Q2,1.616,2,2006,1.6745,False,0.5789473684210527,True,media,False
T07,2006Q3,1.858,3,2006,1.8450000000000002,True,0.10526315789473684,False,media,False
T07,2006Q4,1.806,4,2006,1.7705,True,0.8947368421052632,True,alta,True
T07,2007Q1,1.719,1,2007,1.725,False,0.8947368421052632,True,media,True
T07,2007Q2,1.67,2,2007,1.6745,False,0.5789473684210527,True,media,False
T07,2007Q3,1.807,3,2007,1.8450000000000002,False,0.10526315789473684,False,sin alerta,False
T07,2007Q4,1.657,4,2007,1.7705,False,0.8947368421052632,True,media,True
T07,2008Q1,1.591,1,2008,1.725,False,0.8947368421052632,True,media,True
T07,2008Q2,1.63,2,2008,1.6745,False,0.5789473684210527,True,media,True
T07,2008Q3,1.74,3,2008,1.8450000000000002,False,0.10526315789473684,False,sin alerta,False
T07,2008Q4,1.646,4,2008,1.7705,False,0.8947368421052632,True,media,True
T07,2009Q1,1.649,1,2009,1.725,False,0.8947368421052632,True,media,True
T07,2009Q2,1.616,2,2009,1.6745,False,0.5789473684210527,True,media,False
T07,2009Q3,1.817,3,2009,1.8450000000000002,False,0.10526315789473684,False,sin alerta,False
T07,2009Q4,1.642,4,2009,1.7705,False,0.8947368421052632,True,media,True
T07,2010Q1,1.729,1,2010,1.725,True,0.8947368421052632,True,alta,True
T07,2010Q2,1.538,2,2010,1.6745,False,0.5789473684210527,True,media,True
T07,2010Q3,1.87,3,2010,1.8450000000000002,True,0.10526315789473684,False,media,False
T07,2010Q4,1.781,4,2010,1.7705,True,0.8947368421052632,True,alta,True
T07,2011Q1,1.726,1,2011,1.725,True,0.8947368421052632,True,alta,True
T07,2011Q2,1.621,2,2011,1.6745,False,0.5789473684210527,True,media,True
T07,2011Q3,1.827,3,2011,1.8450000000000002,False,0.10526315789473684,False,sin alerta,False
T07,2011Q4,1.702,4,2011,1.7705,False,0.8947368421052632,True,media,True
T07,2012Q1,1.659,1,2012,1.725,False,0.8947368421052632,True,media,False
T07,2012Q2,1.648,2,2012,1.6745,False,0.5789473684210527,True,media,False
T07,2012Q3,1.724,3,2012,1.8450000000000002,False,0.10526315789473684,False,sin alerta,False
T07,2012Q4,1.713,4,2012,1.7705,False,0.8947368421052632,True,media,True
T07,2013Q1,1.636,1,2013,1.725,False,0.8947368421052632,True,media,True
T07,2013Q2,1.683,2,2013,1.6745,True,0.5789473684210527,True,alta,True
T07,2013Q3,1.79,3,2013,1.8450000000000002,False,0.10526315789473684,False,sin alerta,True
T07,2013Q4,1.621,4,2013,1.7705,False,0.8947368421052632,True,media,True
T07,2014Q1,1.722,1,2014,1.725,False,0.8947368421052632,True,media,True
T07,2014Q2,1.601,2,2014,1.6745,False,0.5789473684210527,True,media,True
T07,2014Q3,1.85,3,2014,1.8450000000000002,True,0.10526315789473684,False,media,False
T07,2014Q4,1.768,4,2014,1.7705,False,0.8947368421052632,True,media,True
T07,2015Q1,1.757,1,2015,1.725,True,0.8947368421052632,True,alta,True
T07,2015Q2,1.681,2,2015,1.6745,True,0.5789473684210527,True,alta,False
T07,2015Q3,1.846,3,2015,1.8450000000000002,True,0.10526315789473684,False,media,False
T07,2015Q4,1.739,4,2015,1.7705,False,0.8947368421052632,True,media,True
T07,2016Q1,1.703,1,2016,1.725,False,0.8947368421052632,True,media,True
T07,2016Q2,1.737,2,2016,1.6745,True,0.5789473684210527,True,alta,True
T07,2016Q3,1.803,3,2016,1.8450000000000002,False,0.10526315789473684,False,sin alerta,False
T07,2016Q4,1.767,4,2016,1.7705,False,0.8947368421052632,True,media,True
T07,2017Q1,1.641,1,2017,1.725,False,0.8947368421052632,True,media,True
T07,2017Q2,1.657,2,2017,1.6745,False,0.5789473684210527,True,media,False
T07,2017Q3,1.744,3,2017,1.8450000000000002,False,0.10526315789473684,False,sin alerta,False
T07,2017Q4,1.705,4,2017,1.7705,False,0.8947368421052632,True,media,True
T07,2018Q1,1.651,1,2018,1.725,False,0.8947368421052632,True,media,True
T07,2018Q2,1.631,2,2018,1.6745,False,0.5789473684210527,True,media,True
T07,2018Q3,1.844,3,2018,1.8450000000000002,False,0.10526315789473684,False,sin alerta,False
T07,2018Q4,1.773,4,2018,1.7705,True,0.8947368421052632,True,alta,False
T07,2019Q1,1.719,1,2019,1.725,False,0.8947368421052632,True,media,True
T07,2019Q2,1.67,2,2019,1.6745,False,0.5789473684210527,True,media,True
T07,2019Q3,1.882,3,2019,1.8450000000000002,True,0.10526315789473684,False,media,False
T07,2019Q4,1.746,4,2019,1.7705,False,0.8947368421052632,True,media,True
T07,2020Q1,1.724,1,2020,1.725,False,0.8947368421052632,True,media,False
T07,2020Q2,1.724,2,2020,1.6745,True,0.5789473684210527,True,alta,True
T07,2020Q3,1.841,3,2020,1.8450000000000002,False,0.10526315789473684,False,sin alerta,True
T07,2020Q4,1.825,4,2020,1.7705,True,0.8947368421052632,True,alta,True
T07,2021Q1,1.685,1,2021,1.725,False,0.8947368421052632,True,media,True
T07,2021Q2,1.646,2,2021,1.6745,False,0.5789473684210527,True,media,False
T07,2021Q3,1.714,3,2021,1.8450000000000002,False,0.10526315789473684,False,sin alerta,False
T07,2021Q4,1.76,4,2021,1.7705,False,0.8947368421052632,True,media,True
T07,2022Q1,1.621,1,2022,1.725,False,0.8947368421052632,True,media,False
T07,2022Q2,1.571,2,2022,1.6745,False,0.5789473684210527,True,media,True
T07,2022Q3,1.781,3,2022,1.8450000000000002,False,0.10526315789473684,False,sin alerta,False
T07,2022Q4,1.708,4,2022,1.7705,False,0.8947368421052632,True,media,True
T07,2023Q1,1.723,1,2023,1.725,False,0.8947368421052632,True,media,False
T07,2023Q2,1.609,2,2023,1.6745,False,0.5789473684210527,True,media,False
T07,2023Q3,1.83,3,2023,1.8450000000000002,False,0.10526315789473684,False,sin alerta,False
T07,2023Q4,1.736,4,2023,1.7705,False,0.8947368421052632,True,media,True
T07,2024Q1,1.744,1,2024,1.725,True,0.8947368421052632,True,alta,True
T07,2024Q2,1.719,2,2024,1.6745,True,0.5789473684210527,True,alta,True
T07,2024Q3,1.836,3,2024,1.8450000000000002,False,0.10526315789473684,False,sin alerta,False
T07,2024Q4,1.759,4,2024,1.7705,False,0.8947368421052632,True,media,True
T07,2025Q1,1.718,1,2025,1.725,False,0.8947368421052632,True,media,
T08,2000Q1,1.639,1,2000,1.732,False,0.8947368421052632,True,media,False
T08,2000Q2,1.595,2,2000,1.681,False,0.5263157894736842,True,media,True
T08,2000Q3,1.797,3,2000,1.8530000000000002,False,0.10526315789473684,False,sin alerta,False
T08,2000Q4,1.643,4,2000,1.777,False,0.8947368421052632,True,media,True
T08,2001Q1,1.732,1,2001,1.732,False,0.8947368421052632,True,media,True
T08,2001Q2,1.686,2,2001,1.681,True,0.5263157894736842,True,alta,False
T08,2001Q3,1.871,3,2001,1.8530000000000002,True,0.10526315789473684,False,media,False
T08,2001Q4,1.806,4,2001,1.777,True,0.8947368421052632,True,alta,False
T08,2002Q1,1.77,1,2002,1.732,True,0.8947368421052632,True,alta,True
T08,2002Q2,1.663,2,2002,1.681,False,0.5263157894736842,True,media,True
T08,2002Q3,1.825,3,2002,1.8530000000000002,False,0.10526315789473684,False,sin alerta,True
T08,2002Q4,1.859,4,2002,1.777,True,0.8947368421052632,True,alta,True
T08,2003Q1,1.713,1,2003,1.732,False,0.8947368421052632,True,media,True
T08,2003Q2,1.712,2,2003,1.681,True,0.5263157894736842,True,alta,True
T08,2003Q3,1.77,3,2003,1.8530000000000002,False,0.10526315789473684,False,sin alerta,False
T08,2003Q4,1.734,4,2003,1.777,False,0.8947368421052632,True,media,True
T08,2004Q1,1.58,1,2004,1.732,False,0.8947368421052632,True,media,True
T08,2004Q2,1.629,2,2004,1.681,False,0.5263157894736842,True,media,False
T08,2004Q3,1.766,3,2004,1.8530000000000002,False,0.10526315789473684,False,sin alerta,False
T08,2004Q4,1.628,4,2004,1.777,False,0.8947368421052632,True,media,True
T08,2005Q1,1.704,1,2005,1.732,False,0.8947368421052632,True,media,True
T08,2005Q2,1.635,2,2005,1.681,False,0.5263157894736842,True,media,False
T08,2005Q3,1.851,3,2005,1.8530000000000002,False,0.10526315789473684,False,sin alerta,False
T08,2005Q4,1.704,4,2005,1.777,False,0.8947368421052632,True,media,True
T08,2006Q1,1.746,1,2006,1.732,True,0.8947368421052632,True,alta,True
T08,2006Q2,1.624,2,2006,1.681,False,0.5263157894736842,True,media,False
T08,2006Q3,1.867,3,2006,1.8530000000000002,True,0.10526315789473684,False,media,False
T08,2006Q4,1.812,4,2006,1.777,True,0.8947368421052632,True,alta,True
T08,2007Q1,1.726,1,2007,1.732,False,0.8947368421052632,True,media,True
T08,2007Q2,1.676,2,2007,1.681,False,0.5263157894736842,True,media,False
T08,2007Q3,1.814,3,2007,1.8530000000000002,False,0.10526315789473684,False,sin alerta,False
T08,2007Q4,1.662,4,2007,1.777,False,0.8947368421052632,True,media,True
T08,2008Q1,1.597,1,2008,1.732,False,0.8947368421052632,True,media,True
T08,2008Q2,1.637,2,2008,1.681,False,0.5263157894736842,True,media,True
T08,2008Q3,1.748,3,2008,1.8530000000000002,False,0.10526315789473684,False,sin alerta,False
T08,2008Q4,1.652,4,2008,1.777,False,0.8947368421052632,True,media,True
T08,2009Q1,1.656,1,2009,1.732,False,0.8947368421052632,True,media,True
T08,2009Q2,1.624,2,2009,1.681,False,0.5263157894736842,True,media,False
T08,2009Q3,1.826,3,2009,1.8530000000000002,False,0.10526315789473684,False,sin alerta,False
T08,2009Q4,1.648,4,2009,1.777,False,0.8947368421052632,True,media,True
T08,2010Q1,1.736,1,2010,1.732,True,0.8947368421052632,True,alta,True
T08,2010Q2,1.544,2,2010,1.681,False,0.5263157894736842,True,media,True
T08,2010Q3,1.878,3,2010,1.8530000000000002,True,0.10526315789473684,False,media,False
T08,2010Q4,1.787,4,2010,1.777,True,0.8947368421052632,True,alta,True
T08,2011Q1,1.732,1,2011,1.732,False,0.8947368421052632,True,media,True
T08,2011Q2,1.627,2,2011,1.681,False,0.5263157894736842,True,media,True
T08,2011Q3,1.834,3,2011,1.8530000000000002,False,0.10526315789473684,False,sin alerta,False
T08,2011Q4,1.708,4,2011,1.777,False,0.8947368421052632,True,media,True
T08,2012Q1,1.666,1,2012,1.732,False,0.8947368421052632,True,media,False
T08,2012Q2,1.654,2,2012,1.681,False,0.5263157894736842,True,media,False
T08,2012Q3,1.731,3,2012,1.8530000000000002,False,0.10526315789473684,False,sin alerta,False
T08,2012Q4,1.718,4,2012,1.777,False,0.8947368421052632,True,media,True
T08,2013Q1,1.643,1,2013,1.732,False,0.8947368421052632,True,media,True
T08,2013Q2,1.692,2,2013,1.681,True,0.5263157894736842,True,alta,True
T08,2013Q3,1.798,3,2013,1.8530000000000002,False,0.10526315789473684,False,sin alerta,True
T08,2013Q4,1.626,4,2013,1.777,False,0.8947368421052632,True,media,True
T08,2014Q1,1.729,1,2014,1.732,False,0.8947368421052632,True,media,True
T08,2014Q2,1.61,2,2014,1.681,False,0.5263157894736842,True,media,True
T08,2014Q3,1.857,3,2014,1.8530000000000002,True,0.10526315789473684,False,media,False
T08,2014Q4,1.775,4,2014,1.777,False,0.8947368421052632,True,media,True
T08,2015Q1,1.765,1,2015,1.732,True,0.8947368421052632,True,alta,True
T08,2015Q2,1.687,2,2015,1.681,True,0.5263157894736842,True,alta,False
T08,2015Q3,1.854,3,2015,1.8530000000000002,True,0.10526315789473684,False,media,False
T08,2015Q4,1.745,4,2015,1.777,False,0.8947368421052632,True,media,True
T08,2016Q1,1.709,1,2016,1.732,False,0.8947368421052632,True,media,True
T08,2016Q2,1.744,2,2016,1.681,True,0.5263157894736842,True,alta,True
T08,2016Q3,1.809,3,2016,1.8530000000000002,False,0.10526315789473684,False,sin alerta,False
T08,2016Q4,1.773,4,2016,1.777,False,0.8947368421052632,True,media,True
T08,2017Q1,1.647,1,2017,1.732,False,0.8947368421052632,True,media,True
T08,2017Q2,1.664,2,2017,1.681,False,0.5263157894736842,True,media,False
T08,2017Q3,1.753,3,2017,1.8530000000000002,False,0.10526315789473684,False,sin alerta,False
T08,2017Q4,1.711,4,2017,1.777,False,0.8947368421052632,True,media,True
T08,2018Q1,1.658,1,2018,1.732,False,0.8947368421052632,True,media,True
T08,2018Q2,1.638,2,2018,1.681,False,0.5263157894736842,True,media,True
T08,2018Q3,1.852,3,2018,1.8530000000000002,False,0.10526315789473684,False,sin alerta,False
T08,2018Q4,1.779,4,2018,1.777,True,0.8947368421052632,True,alta,False
T08,2019Q1,1.725,1,2019,1.732,False,0.8947368421052632,True,media,True
T08,2019Q2,1.677,2,2019,1.681,False,0.5263157894736842,True,media,True
T08,2019Q3,1.89,3,2019,1.8530000000000002,True,0.10526315789473684,False,media,False
T08,2019Q4,1.751,4,2019,1.777,False,0.8947368421052632,True,media,True
T08,2020Q1,1.731,1,2020,1.732,False,0.8947368421052632,True,media,False
T08,2020Q2,1.732,2,2020,1.681,True,0.5263157894736842,True,alta,True
T08,2020Q3,1.848,3,2020,1.8530000000000002,False,0.10526315789473684,False,sin alerta,True
T08,2020Q4,1.831,4,2020,1.777,True,0.8947368421052632,True,alta,True
T08,2021Q1,1.692,1,2021,1.732,False,0.8947368421052632,True,media,True
T08,2021Q2,1.653,2,2021,1.681,False,0.5263157894736842,True,media,False
T08,2021Q3,1.721,3,2021,1.8530000000000002,False,0.10526315789473684,False,sin alerta,False
T08,2021Q4,1.767,4,2021,1.777,False,0.8947368421052632,True,media,True
T08,2022Q1,1.629,1,2022,1.732,False,0.8947368421052632,True,media,False
T08,2022Q2,1.577,2,2022,1.681,False,0.5263157894736842,True,media,True
T08,2022Q3,1.79,3,2022,1.8530000000000002,False,0.10526315789473684,False,sin alerta,False
T08,2022Q4,1.714,4,2022,1.777,False,0.8947368421052632,True,media,True
T08,2023Q1,1.731,1,2023,1.732,False,0.8947368421052632,True,media,False
T08,2023Q2,1.617,2,2023,1.681,False,0.5263157894736842,True,media,False
T08,2023Q3,1.838,3,2023,1.8530000000000002,False,0.10526315789473684,False,sin alerta,False
T08,2023Q4,1.742,4,2023,1.777,False,0.8947368421052632,True,media,True
T08,2024Q1,1.752,1,2024,1.732,True,0.8947368421052632,True,alta,True
T08,2024Q2,1.726,2,2024,1.681,True,0.5263157894736842,True,alta,True
T08,2024Q3,1.843,3,2024,1.8530000000000002,False,0.10526315789473684,False,sin alerta,False
T08,2024Q4,1.765,4,2024,1.777,False,0.8947368421052632,True,media,True
T08,2025Q1,1.726,1,2025,1.732,False,0.8947368421052632,True,media,
T09,2000Q1,1.648,1,2000,1.7415,False,0.8421052631578947,True,media,False
T09,2000Q2,1.607,2,2000,1.6895,False,0.47368421052631576,False,sin alerta,True
T09,2000Q3,1.808,3,2000,1.8635000000000002,False,0.10526315789473684,False,sin alerta,False
T09,2000Q4,1.651,4,2000,1.785,False,0.8421052631578947,True,media,True
T09,2001Q1,1.742,1,2001,1.7415,True,0.8421052631578947,True,alta,True
T09,2001Q2,1.694,2,2001,1.6895,True,0.47368421052631576,False,media,False
T09,2001Q3,1.883,3,2001,1.8635000000000002,True,0.10526315789473684,False,media,False
T09,2001Q4,1.814,4,2001,1.785,True,0.8421052631578947,True,alta,False
T09,2002Q1,1.779,1,2002,1.7415,True,0.8421052631578947,True,alta,True
T09,2002Q2,1.67,2,2002,1.6895,False,0.47368421052631576,False,sin alerta,True
T09,2002Q3,1.836,3,2002,1.8635000000000002,False,0.10526315789473684,False,sin alerta,True
T09,2002Q4,1.869,4,2002,1.785,True,0.8421052631578947,True,alta,True
T09,2003Q1,1.721,1,2003,1.7415,False,0.8421052631578947,True,media,True
T09,2003Q2,1.721,2,2003,1.6895,True,0.47368421052631576,False,media,True
T09,2003Q3,1.78,3,2003,1.8635000000000002,False,0.10526315789473684,False,sin alerta,False
T09,2003Q4,1.741,4,2003,1.785,False,0.8421052631578947,True,media,True
T09,2004Q1,1.589,1,2004,1.7415,False,0.8421052631578947,True,media,True
T09,2004Q2,1.638,2,2004,1.6895,False,0.47368421052631576,False,sin alerta,False
T09,2004Q3,1.778,3,2004,1.8635000000000002,False,0.10526315789473684,False,sin alerta,False
T09,2004Q4,1.637,4,2004,1.785,False,0.8421052631578947,True,media,True
T09,2005Q1,1.715,1,2005,1.7415,False,0.8421052631578947,True,media,True
T09,2005Q2,1.644,2,2005,1.6895,False,0.47368421052631576,False,sin alerta,False
T09,2005Q3,1.862,3,2005,1.8635000000000002,False,0.10526315789473684,False,sin alerta,False
T09,2005Q4,1.714,4,2005,1.785,False,0.8421052631578947,True,media,True
T09,2006Q1,1.756,1,2006,1.7415,True,0.8421052631578947,True,alta,True
T09,2006Q2,1.633,2,2006,1.6895,False,0.47368421052631576,False,sin alerta,False
T09,2006Q3,1.878,3,2006,1.8635000000000002,True,0.10526315789473684,False,media,False
T09,2006Q4,1.82,4,2006,1.785,True,0.8421052631578947,True,alta,True
T09,2007Q1,1.737,1,2007,1.7415,False,0.8421052631578947,True,media,True
T09,2007Q2,1.685,2,2007,1.6895,False,0.47368421052631576,False,sin alerta,False
T09,2007Q3,1.823,3,2007,1.8635000000000002,False,0.10526315789473684,False,sin alerta,False
T09,2007Q4,1.667,4,2007,1.785,False,0.8421052631578947,True,media,True
T09,2008Q1,1.606,1,2008,1.7415,False,0.8421052631578947,True,media,True
T09,2008Q2,1.645,2,2008,1.6895,False,0.47368421052631576,False,sin alerta,True
T09,2008Q3,1.759,3,2008,1.8635000000000002,False,0.10526315789473684,False,sin alerta,False
T09,2008Q4,1.658,4,2008,1.785,False,0.8421052631578947,True,media,False
T09,2009Q1,1.666,1,2009,1.7415,False,0.8421052631578947,True,media,True
T09,2009Q2,1.636,2,2009,1.6895,False,0.47368421052631576,False,sin alerta,False
T09,2009Q3,1.84,3,2009,1.8635000000000002,False,0.10526315789473684,False,sin alerta,False
T09,2009Q4,1.656,4,2009,1.785,False,0.8421052631578947,True,media,True
T09,2010Q1,1.745,1,2010,1.7415,True,0.8421052631578947,True,alta,True
T09,2010Q2,1.556,2,2010,1.6895,False,0.47368421052631576,False,sin alerta,True
T09,2010Q3,1.89,3,2010,1.8635000000000002,True,0.10526315789473684,False,media,False
T09,2010Q4,1.795,4,2010,1.785,True,0.8421052631578947,True,alta,True
T09,2011Q1,1.741,1,2011,1.7415,False,0.8421052631578947,True,media,True
T09,2011Q2,1.636,2,2011,1.6895,False,0.47368421052631576,False,sin alerta,False
T09,2011Q3,1.843,3,2011,1.8635000000000002,False,0.10526315789473684,False,sin alerta,False
T09,2011Q4,1.715,4,2011,1.785,False,0.8421052631578947,True,media,True
T09,2012Q1,1.675,1,2012,1.7415,False,0.8421052631578947,True,media,False
T09,2012Q2,1.661,2,2012,1.6895,False,0.47368421052631576,False,sin alerta,False
T09,2012Q3,1.742,3,2012,1.8635000000000002,False,0.10526315789473684,False,sin alerta,False
T09,2012Q4,1.725,4,2012,1.785,False,0.8421052631578947,True,media,True
T09,2013Q1,1.653,1,2013,1.7415,False,0.8421052631578947,True,media,True
T09,2013Q2,1.705,2,2013,1.6895,True,0.47368421052631576,False,media,True
T09,2013Q3,1.809,3,2013,1.8635000000000002,False,0.10526315789473684,False,sin alerta,True
T09,2013Q4,1.634,4,2013,1.785,False,0.8421052631578947,True,media,True
T09,2014Q1,1.739,1,2014,1.7415,False,0.8421052631578947,True,media,True
T09,2014Q2,1.623,2,2014,1.6895,False,0.47368421052631576,False,sin alerta,True
T09,2014Q3,1.867,3,2014,1.8635000000000002,True,0.10526315789473684,False,media,False
T09,2014Q4,1.783,4,2014,1.785,False,0.8421052631578947,True,media,True
T09,2015Q1,1.774,1,2015,1.7415,True,0.8421052631578947,True,alta,False
T09,2015Q2,1.695,2,2015,1.6895,True,0.47368421052631576,False,media,False
T09,2015Q3,1.863,3,2015,1.8635000000000002,False,0.10526315789473684,False,sin alerta,False
T09,2015Q4,1.752,4,2015,1.785,False,0.8421052631578947,True,media,True
T09,2016Q1,1.718,1,2016,1.7415,False,0.8421052631578947,True,media,True
T09,2016Q2,1.753,2,2016,1.6895,True,0.47368421052631576,False,media,True
T09,2016Q3,1.817,3,2016,1.8635000000000002,False,0.10526315789473684,False,sin alerta,False
T09,2016Q4,1.78,4,2016,1.785,False,0.8421052631578947,True,media,True
T09,2017Q1,1.657,1,2017,1.7415,False,0.8421052631578947,True,media,True
T09,2017Q2,1.672,2,2017,1.6895,False,0.47368421052631576,False,sin alerta,False
T09,2017Q3,1.765,3,2017,1.8635000000000002,False,0.10526315789473684,False,sin alerta,False
T09,2017Q4,1.719,4,2017,1.785,False,0.8421052631578947,True,media,True
T09,2018Q1,1.666,1,2018,1.7415,False,0.8421052631578947,True,media,True
T09,2018Q2,1.648,2,2018,1.6895,False,0.47368421052631576,False,sin alerta,True
T09,2018Q3,1.864,3,2018,1.8635000000000002,True,0.10526315789473684,False,media,False
T09,2018Q4,1.787,4,2018,1.785,True,0.8421052631578947,True,alta,False
T09,2019Q1,1.734,1,2019,1.7415,False,0.8421052631578947,True,media,True
T09,2019Q2,1.686,2,2019,1.6895,False,0.47368421052631576,False,sin alerta,False
T09,2019Q3,1.9,3,2019,1.8635000000000002,True,0.10526315789473684,False,media,False
T09,2019Q4,1.758,4,2019,1.785,False,0.8421052631578947,True,media,True
T09,2020Q1,1.739,1,2020,1.7415,False,0.8421052631578947,True,media,False
T09,2020Q2,1.743,2,2020,1.6895,True,0.47368421052631576,False,media,True
T09,2020Q3,1.859,3,2020,1.8635000000000002,False,0.10526315789473684,False,sin alerta,True
T09,2020Q4,1.839,4,2020,1.785,True,0.8421052631578947,True,alta,True
T09,2021Q1,1.701,1,2021,1.7415,False,0.8421052631578947,True,media,True
T09,2021Q2,1.662,2,2021,1.6895,False,0.47368421052631576,False,sin alerta,False
T09,2021Q3,1.732,3,2021,1.8635000000000002,False,0.10526315789473684,False,sin alerta,False
T09,2021Q4,1.776,4,2021,1.785,False,0.8421052631578947,True,media,True
T09,2022Q1,1.639,1,2022,1.7415,False,0.8421052631578947,True,media,False
T09,2022Q2,1.585,2,2022,1.6895,False,0.47368421052631576,False,sin alerta,True
T09,2022Q3,1.802,3,2022,1.8635000000000002,False,0.10526315789473684,False,sin alerta,False
T09,2022Q4,1.722,4,2022,1.785,False,0.8421052631578947,True,media,True
T09,2023Q1,1.74,1,2023,1.7415,False,0.8421052631578947,True,media,False
T09,2023Q2,1.626,2,2023,1.6895,False,0.47368421052631576,False,sin alerta,False
T09,2023Q3,1.848,3,2023,1.8635000000000002,False,0.10526315789473684,False,sin alerta,False
T09,2023Q4,1.75,4,2023,1.785,False,0.8421052631578947,True,media,True
T09,2024Q1,1.762,1,2024,1.7415,True,0.8421052631578947,True,alta,True
T09,2024Q2,1.735,2,2024,1.6895,True,0.47368421052631576,False,media,False
T09,2024Q3,1.853,3,2024,1.8635000000000002,False,0.10526315789473684,False,sin alerta,False
T09,2024Q4,1.773,4,2024,1.785,False,0.8421052631578947,True,media,True
T09,2025Q1,1.735,1,2025,1.7415,False,0.8421052631578947,True,media,
T10,2000Q1,1.651,1,2000,1.7440000000000002,False,0.8421052631578947,True,media,False
T10,2000Q2,1.611,2,2000,1.692,False,0.47368421052631576,False,sin alerta,True
T10,2000Q3,1.812,3,2000,1.8655,False,0.0,False,sin alerta,False
T10,2000Q4,1.653,4,2000,1.7865,False,0.8947368421052632,True,media,True
T10,2001Q1,1.745,1,2001,1.7440000000000002,True,0.8421052631578947,True,alta,True
T10,2001Q2,1.696,2,2001,1.692,True,0.47368421052631576,False,media,False
T10,2001Q3,1.887,3,2001,1.8655,True,0.0,False,media,False
T10,2001Q4,1.816,4,2001,1.7865,True,0.8947368421052632,True,alta,False
T10,2002Q1,1.782,1,2002,1.7440000000000002,True,0.8421052631578947,True,alta,True
T10,2002Q2,1.672,2,2002,1.692,False,0.47368421052631576,False,sin alerta,True
T10,2002Q3,1.839,3,2002,1.8655,False,0.0,False,sin alerta,False
T10,2002Q4,1.872,4,2002,1.7865,True,0.8947368421052632,True,alta,True
T10,2003Q1,1.724,1,2003,1.7440000000000002,False,0.8421052631578947,True,media,True
T10,2003Q2,1.723,2,2003,1.692,True,0.47368421052631576,False,media,True
T10,2003Q3,1.784,3,2003,1.8655,False,0.0,False,sin alerta,False
T10,2003Q4,1.743,4,2003,1.7865,False,0.8947368421052632,True,media,True
T10,2004Q1,1.592,1,2004,1.7440000000000002,False,0.8421052631578947,True,media,True
T10,2004Q2,1.642,2,2004,1.692,False,0.47368421052631576,False,sin alerta,False
T10,2004Q3,1.781,3,2004,1.8655,False,0.0,False,sin alerta,False
T10,2004Q4,1.639,4,2004,1.7865,False,0.8947368421052632,True,media,True
T10,2005Q1,1.719,1,2005,1.7440000000000002,False,0.8421052631578947,True,media,True
T10,2005Q2,1.648,2,2005,1.692,False,0.47368421052631576,False,sin alerta,False
T10,2005Q3,1.863,3,2005,1.8655,False,0.0,False,sin alerta,False
T10,2005Q4,1.718,4,2005,1.7865,False,0.8947368421052632,True,media,True
T10,2006Q1,1.759,1,2006,1.7440000000000002,True,0.8421052631578947,True,alta,True
T10,2006Q2,1.636,2,2006,1.692,False,0.47368421052631576,False,sin alerta,False
T10,2006Q3,1.881,3,2006,1.8655,True,0.0,False,media,False
T10,2006Q4,1.821,4,2006,1.7865,True,0.8947368421052632,True,alta,True
T10,2007Q1,1.741,1,2007,1.7440000000000002,False,0.8421052631578947,True,media,False
T10,2007Q2,1.688,2,2007,1.692,False,0.47368421052631576,False,sin alerta,False
T10,2007Q3,1.825,3,2007,1.8655,False,0.0,False,sin alerta,False
T10,2007Q4,1.668,4,2007,1.7865,False,0.8947368421052632,True,media,True
T10,2008Q1,1.61,1,2008,1.7440000000000002,False,0.8421052631578947,True,media,True
T10,2008Q2,1.649,2,2008,1.692,False,0.47368421052631576,False,sin alerta,True
T10,2008Q3,1.762,3,2008,1.8655,False,0.0,False,sin alerta,False
T10,2008Q4,1.659,4,2008,1.7865,False,0.8947368421052632,True,media,True
T10,2009Q1,1.669,1,2009,1.7440000000000002,False,0.8421052631578947,True,media,True
T10,2009Q2,1.639,2,2009,1.692,False,0.47368421052631576,False,sin alerta,False
T10,2009Q3,1.844,3,2009,1.8655,False,0.0,False,sin alerta,False
T10,2009Q4,1.657,4,2009,1.7865,False,0.8947368421052632,True,media,True
T10,2010Q1,1.748,1,2010,1.7440000000000002,True,0.8421052631578947,True,alta,True
T10,2010Q2,1.559,2,2010,1.692,False,0.47368421052631576,False,sin alerta,True
T10,2010Q3,1.893,3,2010,1.8655,True,0.0,False,media,False
T10,2010Q4,1.796,4,2010,1.7865,True,0.8947368421052632,True,alta,True
T10,2011Q1,1.743,1,2011,1.7440000000000002,False,0.8421052631578947,True,media,True
T10,2011Q2,1.639,2,2011,1.692,False,0.47368421052631576,False,sin alerta,False
T10,2011Q3,1.845,3,2011,1.8655,False,0.0,False,sin alerta,False
T10,2011Q4,1.717,4,2011,1.7865,False,0.8947368421052632,True,media,True
T10,2012Q1,1.678,1,2012,1.7440000000000002,False,0.8421052631578947,True,media,False
T10,2012Q2,1.663,2,2012,1.692,False,0.47368421052631576,False,sin alerta,False
T10,2012Q3,1.745,3,2012,1.8655,False,0.0,False,sin alerta,False
T10,2012Q4,1.727,4,2012,1.7865,False,0.8947368421052632,True,media,True
T10,2013Q1,1.657,1,2013,1.7440000000000002,False,0.8421052631578947,True,media,True
T10,2013Q2,1.709,2,2013,1.692,True,0.47368421052631576,False,media,True
T10,2013Q3,1.812,3,2013,1.8655,False,0.0,False,sin alerta,False
T10,2013Q4,1.635,4,2013,1.7865,False,0.8947368421052632,True,media,True
T10,2014Q1,1.743,1,2014,1.7440000000000002,False,0.8421052631578947,True,media,True
T10,2014Q2,1.628,2,2014,1.692,False,0.47368421052631576,False,sin alerta,True
T10,2014Q3,1.869,3,2014,1.8655,True,0.0,False,media,False
T10,2014Q4,1.785,4,2014,1.7865,False,0.8947368421052632,True,media,True
T10,2015Q1,1.777,1,2015,1.7440000000000002,True,0.8421052631578947,True,alta,True
T10,2015Q2,1.697,2,2015,1.692,True,0.47368421052631576,False,media,False
T10,2015Q3,1.864,3,2015,1.8655,False,0.0,False,sin alerta,False
T10,2015Q4,1.754,4,2015,1.7865,False,0.8947368421052632,True,media,True
T10,2016Q1,1.721,1,2016,1.7440000000000002,False,0.8421052631578947,True,media,True
T10,2016Q2,1.757,2,2016,1.692,True,0.47368421052631576,False,media,True
T10,2016Q3,1.818,3,2016,1.8655,False,0.0,False,sin alerta,False
T10,2016Q4,1.78,4,2016,1.7865,False,0.8947368421052632,True,media,True
T10,2017Q1,1.661,1,2017,1.7440000000000002,False,0.8421052631578947,True,media,True
T10,2017Q2,1.675,2,2017,1.692,False,0.47368421052631576,False,sin alerta,False
T10,2017Q3,1.768,3,2017,1.8655,False,0.0,False,sin alerta,False
T10,2017Q4,1.721,4,2017,1.7865,False,0.8947368421052632,True,media,True
T10,2018Q1,1.669,1,2018,1.7440000000000002,False,0.8421052631578947,True,media,True
T10,2018Q2,1.651,2,2018,1.692,False,0.47368421052631576,False,sin alerta,True
T10,2018Q3,1.867,3,2018,1.8655,True,0.0,False,media,False
T10,2018Q4,1.788,4,2018,1.7865,True,0.8947368421052632,True,alta,False
T10,2019Q1,1.736,1,2019,1.7440000000000002,False,0.8421052631578947,True,media,True
T10,2019Q2,1.69,2,2019,1.692,False,0.47368421052631576,False,sin alerta,False
T10,2019Q3,1.902,3,2019,1.8655,True,0.0,False,media,False
T10,2019Q4,1.76,4,2019,1.7865,False,0.8947368421052632,True,media,True
T10,2020Q1,1.741,1,2020,1.7440000000000002,False,0.8421052631578947,True,media,False
T10,2020Q2,1.747,2,2020,1.692,True,0.47368421052631576,False,media,True
T10,2020Q3,1.862,3,2020,1.8655,False,0.0,False,sin alerta,True
T10,2020Q4,1.841,4,2020,1.7865,True,0.8947368421052632,True,alta,True
T10,2021Q1,1.704,1,2021,1.7440000000000002,False,0.8421052631578947,True,media,True
T10,2021Q2,1.666,2,2021,1.692,False,0.47368421052631576,False,sin alerta,False
T10,2021Q3,1.735,3,2021,1.8655,False,0.0,False,sin alerta,False
T10,2021Q4,1.778,4,2021,1.7865,False,0.8947368421052632,True,media,True
T10,2022Q1,1.642,1,2022,1.7440000000000002,False,0.8421052631578947,True,media,False
T10,2022Q2,1.587,2,2022,1.692,False,0.47368421052631576,False,sin alerta,True
T10,2022Q3,1.806,3,2022,1.8655,False,0.0,False,sin alerta,False
T10,2022Q4,1.724,4,2022,1.7865,False,0.8947368421052632,True,media,True
T10,2023Q1,1.744,1,2023,1.7440000000000002,False,0.8421052631578947,True,media,False
T10,2023Q2,1.629,2,2023,1.692,False,0.47368421052631576,False,sin alerta,False
T10,2023Q3,1.851,3,2023,1.8655,False,0.0,False,sin alerta,False
T10,2023Q4,1.751,4,2023,1.7865,False,0.8947368421052632,True,media,True
T10,2024Q1,1.767,1,2024,1.7440000000000002,True,0.8421052631578947,True,alta,True
T10,2024Q2,1.738,2,2024,1.692,True,0.47368421052631576,False,media,False
T10,2024Q3,1.855,3,2024,1.8655,False,0.0,False,sin alerta,False
T10,2024Q4,1.775,4,2024,1.7865,False,0.8947368421052632,True,media,True
T10,2025Q1,1.739,1,2025,1.7440000000000002,False,0.8421052631578947,True,media,
T11,2000Q1,1.652,1,2000,1.745,False,0.8421052631578947,True,media,False
T11,2000Q2,1.611,2,2000,1.691,False,0.47368421052631576,False,sin alerta,True
T11,2000Q3,1.813,3,2000,1.865,False,0.0,False,sin alerta,False
T11,2000Q4,1.652,4,2000,1.786,False,0.8947368421052632,True,media,True
T11,2001Q1,1.746,1,2001,1.745,True,0.8421052631578947,True,alta,True
T11,2001Q2,1.695,2,2001,1.691,True,0.47368421052631576,False,media,False
T11,2001Q3,1.887,3,2001,1.865,True,0.0,False,media,False
T11,2001Q4,1.815,4,2001,1.786,True,0.8947368421052632,True,alta,False
T11,2002Q1,1.782,1,2002,1.745,True,0.8421052631578947,True,alta,True
T11,2002Q2,1.67,2,2002,1.691,False,0.47368421052631576,False,sin alerta,True
T11,2002Q3,1.839,3,2002,1.865,False,0.0,False,sin alerta,False
T11,2002Q4,1.872,4,2002,1.786,True,0.8947368421052632,True,alta,True
T11,2003Q1,1.724,1,2003,1.745,False,0.8421052631578947,True,media,True
T11,2003Q2,1.723,2,2003,1.691,True,0.47368421052631576,False,media,True
T11,2003Q3,1.785,3,2003,1.865,False,0.0,False,sin alerta,False
T11,2003Q4,1.742,4,2003,1.786,False,0.8947368421052632,True,media,True
T11,2004Q1,1.593,1,2004,1.745,False,0.8421052631578947,True,media,True
T11,2004Q2,1.642,2,2004,1.691,False,0.47368421052631576,False,sin alerta,False
T11,2004Q3,1.781,3,2004,1.865,False,0.0,False,sin alerta,False
T11,2004Q4,1.639,4,2004,1.786,False,0.8947368421052632,True,media,True
T11,2005Q1,1.721,1,2005,1.745,False,0.8421052631578947,True,media,True
T11,2005Q2,1.649,2,2005,1.691,False,0.47368421052631576,False,sin alerta,False
T11,2005Q3,1.862,3,2005,1.865,False,0.0,False,sin alerta,False
T11,2005Q4,1.719,4,2005,1.786,False,0.8947368421052632,True,media,True
T11,2006Q1,1.76,1,2006,1.745,True,0.8421052631578947,True,alta,True
T11,2006Q2,1.637,2,2006,1.691,False,0.47368421052631576,False,sin alerta,False
T11,2006Q3,1.881,3,2006,1.865,True,0.0,False,media,False
T11,2006Q4,1.819,4,2006,1.786,True,0.8947368421052632,True,alta,True
T11,2007Q1,1.743,1,2007,1.745,False,0.8421052631578947,True,media,False
T11,2007Q2,1.687,2,2007,1.691,False,0.47368421052631576,False,sin alerta,False
T11,2007Q3,1.824,3,2007,1.865,False,0.0,False,sin alerta,False
T11,2007Q4,1.665,4,2007,1.786,False,0.8947368421052632,True,media,True
T11,2008Q1,1.611,1,2008,1.745,False,0.8421052631578947,True,media,True
T11,2008Q2,1.65,2,2008,1.691,False,0.47368421052631576,False,sin alerta,True
T11,2008Q3,1.763,3,2008,1.865,False,0.0,False,sin alerta,False
T11,2008Q4,1.657,4,2008,1.786,False,0.8947368421052632,True,media,True
T11,2009Q1,1.67,1,2009,1.745,False,0.8421052631578947,True,media,True
T11,2009Q2,1.639,2,2009,1.691,False,0.47368421052631576,False,sin alerta,False
T11,2009Q3,1.845,3,2009,1.865,False,0.0,False,sin alerta,False
T11,2009Q4,1.656,4,2009,1.786,False,0.8947368421052632,True,media,True
T11,2010Q1,1.749,1,2010,1.745,True,0.8421052631578947,True,alta,True
T11,2010Q2,1.56,2,2010,1.691,False,0.47368421052631576,False,sin alerta,True
T11,2010Q3,1.893,3,2010,1.865,True,0.0,False,media,False
T11,2010Q4,1.794,4,2010,1.786,True,0.8947368421052632,True,alta,True
T11,2011Q1,1.743,1,2011,1.745,False,0.8421052631578947,True,media,True
T11,2011Q2,1.639,2,2011,1.691,False,0.47368421052631576,False,sin alerta,False
T11,2011Q3,1.845,3,2011,1.865,False,0.0,False,sin alerta,False
T11,2011Q4,1.716,4,2011,1.786,False,0.8947368421052632,True,media,True
T11,2012Q1,1.678,1,2012,1.745,False,0.8421052631578947,True,media,False
T11,2012Q2,1.662,2,2012,1.691,False,0.47368421052631576,False,sin alerta,False
T11,2012Q3,1.745,3,2012,1.865,False,0.0,False,sin alerta,False
T11,2012Q4,1.725,4,2012,1.786,False,0.8947368421052632,True,media,True
T11,2013Q1,1.658,1,2013,1.745,False,0.8421052631578947,True,media,True
T11,2013Q2,1.709,2,2013,1.691,True,0.47368421052631576,False,media,True
T11,2013Q3,1.811,3,2013,1.865,False,0.0,False,sin alerta,False
T11,2013Q4,1.634,4,2013,1.786,False,0.8947368421052632,True,media,True
T11,2014Q1,1.744,1,2014,1.745,False,0.8421052631578947,True,media,True
T11,2014Q2,1.629,2,2014,1.691,False,0.47368421052631576,False,sin alerta,True
T11,2014Q3,1.867,3,2014,1.865,True,0.0,False,media,False
T11,2014Q4,1.785,4,2014,1.786,False,0.8947368421052632,True,media,True
T11,2015Q1,1.778,1,2015,1.745,True,0.8421052631578947,True,alta,True
T11,2015Q2,1.696,2,2015,1.691,True,0.47368421052631576,False,media,False
T11,2015Q3,1.863,3,2015,1.865,False,0.0,False,sin alerta,False
T11,2015Q4,1.753,4,2015,1.786,False,0.8947368421052632,True,media,True
T11,2016Q1,1.721,1,2016,1.745,False,0.8421052631578947,True,media,True
T11,2016Q2,1.756,2,2016,1.691,True,0.47368421052631576,False,media,True
T11,2016Q3,1.817,3,2016,1.865,False,0.0,False,sin alerta,False
T11,2016Q4,1.779,4,2016,1.786,False,0.8947368421052632,True,media,True
T11,2017Q1,1.662,1,2017,1.745,False,0.8421052631578947,True,media,True
T11,2017Q2,1.674,2,2017,1.691,False,0.47368421052631576,False,sin alerta,False
T11,2017Q3,1.769,3,2017,1.865,False,0.0,False,sin alerta,False
T11,2017Q4,1.719,4,2017,1.786,False,0.8947368421052632,True,media,True
T11,2018Q1,1.669,1,2018,1.745,False,0.8421052631578947,True,media,True
T11,2018Q2,1.652,2,2018,1.691,False,0.47368421052631576,False,sin alerta,True
T11,2018Q3,1.867,3,2018,1.865,True,0.0,False,media,False
T11,2018Q4,1.787,4,2018,1.786,True,0.8947368421052632,True,alta,False
T11,2019Q1,1.736,1,2019,1.745,False,0.8421052631578947,True,media,True
T11,2019Q2,1.69,2,2019,1.691,False,0.47368421052631576,False,sin alerta,False
T11,2019Q3,1.901,3,2019,1.865,True,0.0,False,media,False
T11,2019Q4,1.759,4,2019,1.786,False,0.8947368421052632,True,media,True
T11,2020Q1,1.74,1,2020,1.745,False,0.8421052631578947,True,media,False
T11,2020Q2,1.748,2,2020,1.691,True,0.47368421052631576,False,media,True
T11,2020Q3,1.863,3,2020,1.865,False,0.0,False,sin alerta,True
T11,2020Q4,1.839,4,2020,1.786,True,0.8947368421052632,True,alta,True
T11,2021Q1,1.704,1,2021,1.745,False,0.8421052631578947,True,media,True
T11,2021Q2,1.667,2,2021,1.691,False,0.47368421052631576,False,sin alerta,False
T11,2021Q3,1.735,3,2021,1.865,False,0.0,False,sin alerta,False
T11,2021Q4,1.778,4,2021,1.786,False,0.8947368421052632,True,media,True
T11,2022Q1,1.644,1,2022,1.745,False,0.8421052631578947,True,media,False
T11,2022Q2,1.587,2,2022,1.691,False,0.47368421052631576,False,sin alerta,True
T11,2022Q3,1.807,3,2022,1.865,False,0.0,False,sin alerta,False
T11,2022Q4,1.725,4,2022,1.786,False,0.8947368421052632,True,media,True
T11,2023Q1,1.744,1,2023,1.745,False,0.8421052631578947,True,media,False
T11,2023Q2,1.63,2,2023,1.691,False,0.47368421052631576,False,sin alerta,False
T11,2023Q3,1.851,3,2023,1.865,False,0.0,False,sin alerta,False
T11,2023Q4,1.75,4,2023,1.786,False,0.8947368421052632,True,media,True
T11,2024Q1,1.768,1,2024,1.745,True,0.8421052631578947,True,alta,True
T11,2024Q2,1.738,2,2024,1.691,True,0.47368421052631576,False,media,False
T11,2024Q3,1.853,3,2024,1.865,False,0.0,False,sin alerta,False
T11,2024Q4,1.774,4,2024,1.786,False,0.8947368421052632,True,media,True
T11,2025Q1,1.739,1,2025,1.745,False,0.8421052631578947,True,media,
T12,2000Q1,1.633,1,2000,1.7245,False,0.8947368421052632,True,media,False
T12,2000Q2,1.59,2,2000,1.6709999999999998,False,0.7368421052631579,True,media,True
T12,2000Q3,1.793,3,2000,1.842,False,0.15789473684210525,False,sin alerta,False
T12,2000Q4,1.635,4,2000,1.765,False,1.0,True,media,True
T12,2001Q1,1.725,1,2001,1.7245,True,0.8947368421052632,True,alta,True
T12,2001Q2,1.674,2,2001,1.6709999999999998,True,0.7368421052631579,True,alta,False
T12,2001Q3,1.867,3,2001,1.842,True,0.15789473684210525,False,media,False
T12,2001Q4,1.794,4,2001,1.765,True,1.0,True,alta,True
T12,2002Q1,1.761,1,2002,1.7245,True,0.8947368421052632,True,alta,True
T12,2002Q2,1.65,2,2002,1.6709999999999998,False,0.7368421052631579,True,media,True
T12,2002Q3,1.818,3,2002,1.842,False,0.15789473684210525,False,sin alerta,True
T12,2002Q4,1.851,4,2002,1.765,True,1.0,True,alta,True
T12,2003Q1,1.703,1,2003,1.7245,False,0.8947368421052632,True,media,True
T12,2003Q2,1.702,2,2003,1.6709999999999998,True,0.7368421052631579,True,alta,True
T12,2003Q3,1.766,3,2003,1.842,False,0.15789473684210525,False,sin alerta,False
T12,2003Q4,1.723,4,2003,1.765,False,1.0,True,media,True
T12,2004Q1,1.574,1,2004,1.7245,False,0.8947368421052632,True,media,True
T12,2004Q2,1.623,2,2004,1.6709999999999998,False,0.7368421052631579,True,media,True
T12,2004Q3,1.759,3,2004,1.842,False,0.15789473684210525,False,sin alerta,False
T12,2004Q4,1.621,4,2004,1.765,False,1.0,True,media,True
T12,2005Q1,1.702,1,2005,1.7245,False,0.8947368421052632,True,media,True
T12,2005Q2,1.632,2,2005,1.6709999999999998,False,0.7368421052631579,True,media,True
T12,2005Q3,1.84,3,2005,1.842,False,0.15789473684210525,False,sin alerta,False
T12,2005Q4,1.703,4,2005,1.765,False,1.0,True,media,True
T12,2006Q1,1.741,1,2006,1.7245,True,0.8947368421052632,True,alta,True
T12,2006Q2,1.619,2,2006,1.6709999999999998,False,0.7368421052631579,True,media,True
T12,2006Q3,1.859,3,2006,1.842,True,0.15789473684210525,False,media,False
T12,2006Q4,1.796,4,2006,1.765,True,1.0,True,alta,True
T12,2007Q1,1.724,1,2007,1.7245,False,0.8947368421052632,True,media,True
T12,2007Q2,1.668,2,2007,1.6709999999999998,False,0.7368421052631579,True,media,False
T12,2007Q3,1.802,3,2007,1.842,False,0.15789473684210525,False,sin alerta,False
T12,2007Q4,1.645,4,2007,1.765,False,1.0,True,media,True
T12,2008Q1,1.593,1,2008,1.7245,False,0.8947368421052632,True,media,True
T12,2008Q2,1.631,2,2008,1.6709999999999998,False,0.7368421052631579,True,media,True
T12,2008Q3,1.743,3,2008,1.842,False,0.15789473684210525,False,sin alerta,False
T12,2008Q4,1.637,4,2008,1.765,False,1.0,True,media,True
T12,2009Q1,1.65,1,2009,1.7245,False,0.8947368421052632,True,media,True
T12,2009Q2,1.616,2,2009,1.6709999999999998,False,0.7368421052631579,True,media,False
T12,2009Q3,1.825,3,2009,1.842,False,0.15789473684210525,False,sin alerta,False
T12,2009Q4,1.638,4,2009,1.765,False,1.0,True,media,True
T12,2010Q1,1.728,1,2010,1.7245,True,0.8947368421052632,True,alta,True
T12,2010Q2,1.538,2,2010,1.6709999999999998,False,0.7368421052631579,True,media,True
T12,2010Q3,1.872,3,2010,1.842,True,0.15789473684210525,False,media,False
T12,2010Q4,1.773,4,2010,1.765,True,1.0,True,alta,True
T12,2011Q1,1.721,1,2011,1.7245,False,0.8947368421052632,True,media,True
T12,2011Q2,1.621,2,2011,1.6709999999999998,False,0.7368421052631579,True,media,True
T12,2011Q3,1.824,3,2011,1.842,False,0.15789473684210525,False,sin alerta,False
T12,2011Q4,1.696,4,2011,1.765,False,1.0,True,media,True
T12,2012Q1,1.659,1,2012,1.7245,False,0.8947368421052632,True,media,False
T12,2012Q2,1.641,2,2012,1.6709999999999998,False,0.7368421052631579,True,media,True
T12,2012Q3,1.726,3,2012,1.842,False,0.15789473684210525,False,sin alerta,False
T12,2012Q4,1.706,4,2012,1.765,False,1.0,True,media,True
T12,2013Q1,1.64,1,2013,1.7245,False,0.8947368421052632,True,media,True
T12,2013Q2,1.687,2,2013,1.6709999999999998,True,0.7368421052631579,True,alta,True
T12,2013Q3,1.788,3,2013,1.842,False,0.15789473684210525,False,sin alerta,True
T12,2013Q4,1.616,4,2013,1.765,False,1.0,True,media,True
T12,2014Q1,1.724,1,2014,1.7245,False,0.8947368421052632,True,media,True
T12,2014Q2,1.608,2,2014,1.6709999999999998,False,0.7368421052631579,True,media,True
T12,2014Q3,1.844,3,2014,1.842,True,0.15789473684210525,False,media,True
T12,2014Q4,1.765,4,2014,1.765,False,1.0,True,media,True
T12,2015Q1,1.758,1,2015,1.7245,True,0.8947368421052632,True,alta,True
T12,2015Q2,1.675,2,2015,1.6709999999999998,True,0.7368421052631579,True,alta,False
T12,2015Q3,1.838,3,2015,1.842,False,0.15789473684210525,False,sin alerta,False
T12,2015Q4,1.734,4,2015,1.765,False,1.0,True,media,True
T12,2016Q1,1.701,1,2016,1.7245,False,0.8947368421052632,True,media,True
T12,2016Q2,1.736,2,2016,1.6709999999999998,True,0.7368421052631579,True,alta,True
T12,2016Q3,1.795,3,2016,1.842,False,0.15789473684210525,False,sin alerta,False
T12,2016Q4,1.761,4,2016,1.765,False,1.0,True,media,True
T12,2017Q1,1.644,1,2017,1.7245,False,0.8947368421052632,True,media,True
T12,2017Q2,1.655,2,2017,1.6709999999999998,False,0.7368421052631579,True,media,False
T12,2017Q3,1.748,3,2017,1.842,False,0.15789473684210525,False,sin alerta,False
T12,2017Q4,1.699,4,2017,1.765,False,1.0,True,media,True
T12,2018Q1,1.648,1,2018,1.7245,False,0.8947368421052632,True,media,True
T12,2018Q2,1.634,2,2018,1.6709999999999998,False,0.7368421052631579,True,media,True
T12,2018Q3,1.845,3,2018,1.842,True,0.15789473684210525,False,media,False
T12,2018Q4,1.765,4,2018,1.765,False,1.0,True,media,True
T12,2019Q1,1.717,1,2019,1.7245,False,0.8947368421052632,True,media,True
T12,2019Q2,1.671,2,2019,1.6709999999999998,True,0.7368421052631579,True,alta,True
T12,2019Q3,1.88,3,2019,1.842,True,0.15789473684210525,False,media,False
T12,2019Q4,1.74,4,2019,1.765,False,1.0,True,media,True
T12,2020Q1,1.718,1,2020,1.7245,False,0.8947368421052632,True,media,False
T12,2020Q2,1.73,2,2020,1.6709999999999998,True,0.7368421052631579,True,alta,True
T12,2020Q3,1.842,3,2020,1.842,False,0.15789473684210525,False,sin alerta,True
T12,2020Q4,1.818,4,2020,1.765,True,1.0,True,alta,True
T12,2021Q1,1.684,1,2021,1.7245,False,0.8947368421052632,True,media,True
T12,2021Q2,1.649,2,2021,1.6709999999999998,False,0.7368421052631579,True,media,True
T12,2021Q3,1.714,3,2021,1.842,False,0.15789473684210525,False,sin alerta,False
T12,2021Q4,1.758,4,2021,1.765,False,1.0,True,media,True
T12,2022Q1,1.625,1,2022,1.7245,False,0.8947368421052632,True,media,False
T12,2022Q2,1.568,2,2022,1.6709999999999998,False,0.7368421052631579,True,media,True
T12,2022Q3,1.788,3,2022,1.842,False,0.15789473684210525,False,sin alerta,False
T12,2022Q4,1.707,4,2022,1.765,False,1.0,True,media,True
T12,2023Q1,1.724,1,2023,1.7245,False,0.8947368421052632,True,media,True
T12,2023Q2,1.611,2,2023,1.6709999999999998,False,0.7368421052631579,True,media,False
T12,2023Q3,1.831,3,2023,1.842,False,0.15789473684210525,False,sin alerta,False
T12,2023Q4,1.729,4,2023,1.765,False,1.0,True,media,True
T12,2024Q1,1.748,1,2024,1.7245,True,0.8947368421052632,True,alta,True
T12,2024Q2,1.717,2,2024,1.6709999999999998,True,0.7368421052631579,True,alta,True
T12,2024Q3,1.83,3,2024,1.842,False,0.15789473684210525,False,sin alerta,False
T12,2024Q4,1.755,4,2024,1.765,False,1.0,True,media,True
T12,2025Q1,1.719,1,2025,1.7245,False,0.8947368421052632,True,media,
T13,2000Q1,1.608,1,2000,1.7005,False,0.8947368421052632,True,media,False
T13,2000Q2,1.565,2,2000,1.6465,False,0.8947368421052632,True,media,True
T13,2000Q3,1.769,3,2000,1.815,False,0.15789473684210525,False,sin alerta,False
T13,2000Q4,1.612,4,2000,1.741,False,1.0,True,media,True
T13,2001Q1,1.699,1,2001,1.7005,False,0.8947368421052632,True,media,True
T13,2001Q2,1.648,2,2001,1.6465,True,0.8947368421052632,True,alta,False
T13,2001Q3,1.842,3,2001,1.815,True,0.15789473684210525,False,media,False
T13,2001Q4,1.77,4,2001,1.741,True,1.0,True,alta,True
T13,2002Q1,1.735,1,2002,1.7005,True,0.8947368421052632,True,alta,True
T13,2002Q2,1.625,2,2002,1.6465,False,0.8947368421052632,True,media,True
T13,2002Q3,1.795,3,2002,1.815,False,0.15789473684210525,False,sin alerta,True
T13,2002Q4,1.828,4,2002,1.741,True,1.0,True,alta,True
T13,2003Q1,1.679,1,2003,1.7005,False,0.8947368421052632,True,media,True
T13,2003Q2,1.678,2,2003,1.6465,True,0.8947368421052632,True,alta,True
T13,2003Q3,1.744,3,2003,1.815,False,0.15789473684210525,False,sin alerta,False
T13,2003Q4,1.701,4,2003,1.741,False,1.0,True,media,True
T13,2004Q1,1.551,1,2004,1.7005,False,0.8947368421052632,True,media,True
T13,2004Q2,1.601,2,2004,1.6465,False,0.8947368421052632,True,media,True
T13,2004Q3,1.733,3,2004,1.815,False,0.15789473684210525,False,sin alerta,False
T13,2004Q4,1.601,4,2004,1.741,False,1.0,True,media,True
T13,2005Q1,1.678,1,2005,1.7005,False,0.8947368421052632,True,media,True
T13,2005Q2,1.608,2,2005,1.6465,False,0.8947368421052632,True,media,True
T13,2005Q3,1.813,3,2005,1.815,False,0.15789473684210525,False,sin alerta,False
T13,2005Q4,1.682,4,2005,1.741,False,1.0,True,media,True
T13,2006Q1,1.716,1,2006,1.7005,True,0.8947368421052632,True,alta,True
T13,2006Q2,1.597,2,2006,1.6465,False,0.8947368421052632,True,media,True
T13,2006Q3,1.833,3,2006,1.815,True,0.15789473684210525,False,media,False
T13,2006Q4,1.771,4,2006,1.741,True,1.0,True,alta,True
T13,2007Q1,1.701,1,2007,1.7005,True,0.8947368421052632,True,alta,True
T13,2007Q2,1.645,2,2007,1.6465,False,0.8947368421052632,True,media,True
T13,2007Q3,1.777,3,2007,1.815,False,0.15789473684210525,False,sin alerta,False
T13,2007Q4,1.622,4,2007,1.741,False,1.0,True,media,True
T13,2008Q1,1.571,1,2008,1.7005,False,0.8947368421052632,True,media,True
T13,2008Q2,1.609,2,2008,1.6465,False,0.8947368421052632,True,media,True
T13,2008Q3,1.718,3,2008,1.815,False,0.15789473684210525,False,sin alerta,False
T13,2008Q4,1.615,4,2008,1.741,False,1.0,True,media,True
T13,2009Q1,1.626,1,2009,1.7005,False,0.8947368421052632,True,media,True
T13,2009Q2,1.59,2,2009,1.6465,False,0.8947368421052632,True,media,False
T13,2009Q3,1.801,3,2009,1.815,False,0.15789473684210525,False,sin alerta,False
T13,2009Q4,1.616,4,2009,1.741,False,1.0,True,media,True
T13,2010Q1,1.702,1,2010,1.7005,True,0.8947368421052632,True,alta,True
T13,2010Q2,1.517,2,2010,1.6465,False,0.8947368421052632,True,media,True
T13,2010Q3,1.847,3,2010,1.815,True,0.15789473684210525,False,media,False
T13,2010Q4,1.749,4,2010,1.741,True,1.0,True,alta,True
T13,2011Q1,1.696,1,2011,1.7005,False,0.8947368421052632,True,media,True
T13,2011Q2,1.6,2,2011,1.6465,False,0.8947368421052632,True,media,True
T13,2011Q3,1.8,3,2011,1.815,False,0.15789473684210525,False,sin alerta,False
T13,2011Q4,1.672,4,2011,1.741,False,1.0,True,media,True
T13,2012Q1,1.635,1,2012,1.7005,False,0.8947368421052632,True,media,False
T13,2012Q2,1.617,2,2012,1.6465,False,0.8947368421052632,True,media,True
T13,2012Q3,1.704,3,2012,1.815,False,0.15789473684210525,False,sin alerta,False
T13,2012Q4,1.683,4,2012,1.741,False,1.0,True,media,True
T13,2013Q1,1.617,1,2013,1.7005,False,0.8947368421052632,True,media,True
T13,2013Q2,1.661,2,2013,1.6465,True,0.8947368421052632,True,alta,True
T13,2013Q3,1.762,3,2013,1.815,False,0.15789473684210525,False,sin alerta,True
T13,2013Q4,1.593,4,2013,1.741,False,1.0,True,media,True
T13,2014Q1,1.7,1,2014,1.7005,False,0.8947368421052632,True,media,True
T13,2014Q2,1.584,2,2014,1.6465,False,0.8947368421052632,True,media,True
T13,2014Q3,1.817,3,2014,1.815,True,0.15789473684210525,False,media,True
T13,2014Q4,1.742,4,2014,1.741,True,1.0,True,alta,True
T13,2015Q1,1.733,1,2015,1.7005,True,0.8947368421052632,True,alta,True
T13,2015Q2,1.651,2,2015,1.6465,True,0.8947368421052632,True,alta,True
T13,2015Q3,1.811,3,2015,1.815,False,0.15789473684210525,False,sin alerta,False
T13,2015Q4,1.711,4,2015,1.741,False,1.0,True,media,True
T13,2016Q1,1.677,1,2016,1.7005,False,0.8947368421052632,True,media,True
T13,2016Q2,1.712,2,2016,1.6465,True,0.8947368421052632,True,alta,True
T13,2016Q3,1.77,3,2016,1.815,False,0.15789473684210525,False,sin alerta,False
T13,2016Q4,1.738,4,2016,1.741,False,1.0,True,media,True
T13,2017Q1,1.622,1,2017,1.7005,False,0.8947368421052632,True,media,True
T13,2017Q2,1.632,2,2017,1.6465,False,0.8947368421052632,True,media,True
T13,2017Q3,1.723,3,2017,1.815,False,0.15789473684210525,False,sin alerta,False
T13,2017Q4,1.675,4,2017,1.741,False,1.0,True,media,True
T13,2018Q1,1.621,1,2018,1.7005,False,0.8947368421052632,True,media,True
T13,2018Q2,1.611,2,2018,1.6465,False,0.8947368421052632,True,media,True
T13,2018Q3,1.819,3,2018,1.815,True,0.15789473684210525,False,media,False
T13,2018Q4,1.74,4,2018,1.741,False,1.0,True,media,True
T13,2019Q1,1.694,1,2019,1.7005,False,0.8947368421052632,True,media,True
T13,2019Q2,1.648,2,2019,1.6465,True,0.8947368421052632,True,alta,True
T13,2019Q3,1.854,3,2019,1.815,True,0.15789473684210525,False,media,False
T13,2019Q4,1.716,4,2019,1.741,False,1.0,True,media,True
T13,2020Q1,1.691,1,2020,1.7005,False,0.8947368421052632,True,media,False
T13,2020Q2,1.707,2,2020,1.6465,True,0.8947368421052632,True,alta,True
T13,2020Q3,1.818,3,2020,1.815,True,0.15789473684210525,False,media,True
T13,2020Q4,1.794,4,2020,1.741,True,1.0,True,alta,True
T13,2021Q1,1.659,1,2021,1.7005,False,0.8947368421052632,True,media,True
T13,2021Q2,1.627,2,2021,1.6465,False,0.8947368421052632,True,media,True
T13,2021Q3,1.692,3,2021,1.815,False,0.15789473684210525,False,sin alerta,False
T13,2021Q4,1.736,4,2021,1.741,False,1.0,True,media,True
T13,2022Q1,1.601,1,2022,1.7005,False,0.8947368421052632,True,media,False
T13,2022Q2,1.545,2,2022,1.6465,False,0.8947368421052632,True,media,True
T13,2022Q3,1.765,3,2022,1.815,False,0.15789473684210525,False,sin alerta,False
T13,2022Q4,1.685,4,2022,1.741,False,1.0,True,media,True
T13,2023Q1,1.699,1,2023,1.7005,False,0.8947368421052632,True,media,True
T13,2023Q2,1.588,2,2023,1.6465,False,0.8947368421052632,True,media,False
T13,2023Q3,1.808,3,2023,1.815,False,0.15789473684210525,False,sin alerta,False
T13,2023Q4,1.705,4,2023,1.741,False,1.0,True,media,True
T13,2024Q1,1.724,1,2024,1.7005,True,0.8947368421052632,True,alta,True
T13,2024Q2,1.692,2,2024,1.6465,True,0.8947368421052632,True,alta,True
T13,2024Q3,1.807,3,2024,1.815,False,0.15789473684210525,False,sin alerta,False
T13,2024Q4,1.732,4,2024,1.741,False,1.0,True,media,True
T13,2025Q1,1.695,1,2025,1.7005,False,0.8947368421052632,True,media,
T14,2000Q1,1.599,1,2000,1.693,False,0.8947368421052632,True,media,False
T14,2000Q2,1.557,2,2000,1.639,False,0.7894736842105263,True,media,True
T14,2000Q3,1.761,3,2000,1.805,False,0.15789473684210525,False,sin alerta,False
T14,2000Q4,1.605,4,2000,1.7349999999999999,False,1.0,True,media,True
T14,2001Q1,1.69,1,2001,1.693,False,0.8947368421052632,True,media,True
T14,2001Q2,1.639,2,2001,1.639,False,0.7894736842105263,True,media,False
T14,2001Q3,1.835,3,2001,1.805,True,0.15789473684210525,False,media,False
T14,2001Q4,1.763,4,2001,1.7349999999999999,True,1.0,True,alta,True
T14,2002Q1,1.726,1,2002,1.693,True,0.8947368421052632,True,alta,True
T14,2002Q2,1.616,2,2002,1.639,False,0.7894736842105263,True,media,True
T14,2002Q3,1.788,3,2002,1.805,False,0.15789473684210525,False,sin alerta,True
T14,2002Q4,1.821,4,2002,1.7349999999999999,True,1.0,True,alta,True
T14,2003Q1,1.672,1,2003,1.693,False,0.8947368421052632,True,media,True
T14,2003Q2,1.67,2,2003,1.639,True,0.7894736842105263,True,alta,True
T14,2003Q3,1.739,3,2003,1.805,False,0.15789473684210525,False,sin alerta,False
T14,2003Q4,1.696,4,2003,1.7349999999999999,False,1.0,True,media,True
T14,2004Q1,1.543,1,2004,1.693,False,0.8947368421052632,True,media,True
T14,2004Q2,1.594,2,2004,1.639,False,0.7894736842105263,True,media,True
T14,2004Q3,1.722,3,2004,1.805,False,0.15789473684210525,False,sin alerta,False
T14,2004Q4,1.598,4,2004,1.7349999999999999,False,1.0,True,media,True
T14,2005Q1,1.671,1,2005,1.693,False,0.8947368421052632,True,media,True
T14,2005Q2,1.601,2,2005,1.639,False,0.7894736842105263,True,media,True
T14,2005Q3,1.803,3,2005,1.805,False,0.15789473684210525,False,sin alerta,False
T14,2005Q4,1.677,4,2005,1.7349999999999999,False,1.0,True,media,True
T14,2006Q1,1.71,1,2006,1.693,True,0.8947368421052632,True,alta,True
T14,2006Q2,1.59,2,2006,1.639,False,0.7894736842105263,True,media,True
T14,2006Q3,1.824,3,2006,1.805,True,0.15789473684210525,False,media,False
T14,2006Q4,1.763,4,2006,1.7349999999999999,True,1.0,True,alta,True
T14,2007Q1,1.695,1,2007,1.693,True,0.8947368421052632,True,alta,True
T14,2007Q2,1.639,2,2007,1.639,False,0.7894736842105263,True,media,False
T14,2007Q3,1.77,3,2007,1.805,False,0.15789473684210525,False,sin alerta,False
T14,2007Q4,1.617,4,2007,1.7349999999999999,False,1.0,True,media,True
T14,2008Q1,1.567,1,2008,1.693,False,0.8947368421052632,True,media,True
T14,2008Q2,1.604,2,2008,1.639,False,0.7894736842105263,True,media,True
T14,2008Q3,1.709,3,2008,1.805,False,0.15789473684210525,False,sin alerta,False
T14,2008Q4,1.609,4,2008,1.7349999999999999,False,1.0,True,media,True
T14,2009Q1,1.616,1,2009,1.693,False,0.8947368421052632,True,media,True
T14,2009Q2,1.578,2,2009,1.639,False,0.7894736842105263,True,media,False
T14,2009Q3,1.793,3,2009,1.805,False,0.15789473684210525,False,sin alerta,False
T14,2009Q4,1.61,4,2009,1.7349999999999999,False,1.0,True,media,True
T14,2010Q1,1.693,1,2010,1.693,False,0.8947368421052632,True,media,True
T14,2010Q2,1.513,2,2010,1.639,False,0.7894736842105263,True,media,True
T14,2010Q3,1.84,3,2010,1.805,True,0.15789473684210525,False,media,False
T14,2010Q4,1.743,4,2010,1.7349999999999999,True,1.0,True,alta,True
T14,2011Q1,1.688,1,2011,1.693,False,0.8947368421052632,True,media,True
T14,2011Q2,1.597,2,2011,1.639,False,0.7894736842105263,True,media,True
T14,2011Q3,1.794,3,2011,1.805,False,0.15789473684210525,False,sin alerta,False
T14,2011Q4,1.663,4,2011,1.7349999999999999,False,1.0,True,media,True
T14,2012Q1,1.629,1,2012,1.693,False,0.8947368421052632,True,media,False
T14,2012Q2,1.61,2,2012,1.639,False,0.7894736842105263,True,media,True
T14,2012Q3,1.699,3,2012,1.805,False,0.15789473684210525,False,sin alerta,False
T14,2012Q4,1.679,4,2012,1.7349999999999999,False,1.0,True,media,True
T14,2013Q1,1.609,1,2013,1.693,False,0.8947368421052632,True,media,True
T14,2013Q2,1.651,2,2013,1.639,True,0.7894736842105263,True,alta,True
T14,2013Q3,1.751,3,2013,1.805,False,0.15789473684210525,False,sin alerta,True
T14,2013Q4,1.583,4,2013,1.7349999999999999,False,1.0,True,media,True
T14,2014Q1,1.693,1,2014,1.693,False,0.8947368421052632,True,media,True
T14,2014Q2,1.576,2,2014,1.639,False,0.7894736842105263,True,media,True
T14,2014Q3,1.807,3,2014,1.805,True,0.15789473684210525,False,media,True
T14,2014Q4,1.736,4,2014,1.7349999999999999,True,1.0,True,alta,True
T14,2015Q1,1.726,1,2015,1.693,True,0.8947368421052632,True,alta,True
T14,2015Q2,1.644,2,2015,1.639,True,0.7894736842105263,True,alta,False
T14,2015Q3,1.802,3,2015,1.805,False,0.15789473684210525,False,sin alerta,False
T14,2015Q4,1.707,4,2015,1.7349999999999999,False,1.0,True,media,True
T14,2016Q1,1.671,1,2016,1.693,False,0.8947368421052632,True,media,True
T14,2016Q2,1.705,2,2016,1.639,True,0.7894736842105263,True,alta,True
T14,2016Q3,1.762,3,2016,1.805,False,0.15789473684210525,False,sin alerta,False
T14,2016Q4,1.734,4,2016,1.7349999999999999,False,1.0,True,media,True
T14,2017Q1,1.616,1,2017,1.693,False,0.8947368421052632,True,media,True
T14,2017Q2,1.626,2,2017,1.639,False,0.7894736842105263,True,media,True
T14,2017Q3,1.714,3,2017,1.805,False,0.15789473684210525,False,sin alerta,False
T14,2017Q4,1.668,4,2017,1.7349999999999999,False,1.0,True,media,True
T14,2018Q1,1.611,1,2018,1.693,False,0.8947368421052632,True,media,True
T14,2018Q2,1.604,2,2018,1.639,False,0.7894736842105263,True,media,True
T14,2018Q3,1.81,3,2018,1.805,True,0.15789473684210525,False,media,False
T14,2018Q4,1.731,4,2018,1.7349999999999999,False,1.0,True,media,True
T14,2019Q1,1.688,1,2019,1.693,False,0.8947368421052632,True,media,True
T14,2019Q2,1.642,2,2019,1.639,True,0.7894736842105263,True,alta,True
T14,2019Q3,1.845,3,2019,1.805,True,0.15789473684210525,False,media,False
T14,2019Q4,1.708,4,2019,1.7349999999999999,False,1.0,True,media,True
T14,2020Q1,1.682,1,2020,1.693,False,0.8947368421052632,True,media,False
T14,2020Q2,1.702,2,2020,1.639,True,0.7894736842105263,True,alta,True
T14,2020Q3,1.811,3,2020,1.805,True,0.15789473684210525,False,media,True
T14,2020Q4,1.787,4,2020,1.7349999999999999,True,1.0,True,alta,True
T14,2021Q1,1.65,1,2021,1.693,False,0.8947368421052632,True,media,True
T14,2021Q2,1.623,2,2021,1.639,False,0.7894736842105263,True,media,True
T14,2021Q3,1.686,3,2021,1.805,False,0.15789473684210525,False,sin alerta,False
T14,2021Q4,1.729,4,2021,1.7349999999999999,False,1.0,True,media,True
T14,2022Q1,1.592,1,2022,1.693,False,0.8947368421052632,True,media,False
T14,2022Q2,1.537,2,2022,1.639,False,0.7894736842105263,True,media,True
T14,2022Q3,1.757,3,2022,1.805,False,0.15789473684210525,False,sin alerta,False
T14,2022Q4,1.678,4,2022,1.7349999999999999,False,1.0,True,media,True
T14,2023Q1,1.69,1,2023,1.693,False,0.8947368421052632,True,media,True
T14,2023Q2,1.579,2,2023,1.639,False,0.7894736842105263,True,media,False
T14,2023Q3,1.801,3,2023,1.805,False,0.15789473684210525,False,sin alerta,False
T14,2023Q4,1.7,4,2023,1.7349999999999999,False,1.0,True,media,True
T14,2024Q1,1.716,1,2024,1.693,True,0.8947368421052632,True,alta,True
T14,2024Q2,1.685,2,2024,1.639,True,0.7894736842105263,True,alta,True
T14,2024Q3,1.802,3,2024,1.805,False,0.15789473684210525,False,sin alerta,False
T14,2024Q4,1.728,4,2024,1.7349999999999999,False,1.0,True,media,True
T14,2025Q1,1.688,1,2025,1.693,False,0.8947368421052632,True,media,
T15,2000Q1,1.58,1,2000,1.674,False,0.8947368421052632,True,media,False
T15,2000Q2,1.539,2,2000,1.6215000000000002,False,0.8947368421052632,True,media,True
T15,2000Q3,1.742,3,2000,1.783,False,0.15789473684210525,False,sin alerta,False
T15,2000Q4,1.588,4,2000,1.7205,False,1.0,True,media,True
T15,2001Q1,1.67,1,2001,1.674,False,0.8947368421052632,True,media,True
T15,2001Q2,1.619,2,2001,1.6215000000000002,False,0.8947368421052632,True,media,False
T15,2001Q3,1.816,3,2001,1.783,True,0.15789473684210525,False,media,False
T15,2001Q4,1.745,4,2001,1.7205,True,1.0,True,alta,True
T15,2002Q1,1.707,1,2002,1.674,True,0.8947368421052632,True,alta,True
T15,2002Q2,1.6,2,2002,1.6215000000000002,False,0.8947368421052632,True,media,True
T15,2002Q3,1.77,3,2002,1.783,False,0.15789473684210525,False,sin alerta,True
T15,2002Q4,1.804,4,2002,1.7205,True,1.0,True,alta,True
T15,2003Q1,1.654,1,2003,1.674,False,0.8947368421052632,True,media,True
T15,2003Q2,1.651,2,2003,1.6215000000000002,True,0.8947368421052632,True,alta,True
T15,2003Q3,1.723,3,2003,1.783,False,0.15789473684210525,False,sin alerta,False
T15,2003Q4,1.681,4,2003,1.7205,False,1.0,True,media,True
T15,2004Q1,1.527,1,2004,1.674,False,0.8947368421052632,True,media,True
T15,2004Q2,1.578,2,2004,1.6215000000000002,False,0.8947368421052632,True,media,True
T15,2004Q3,1.7,3,2004,1.783,False,0.15789473684210525,False,sin alerta,False
T15,2004Q4,1.584,4,2004,1.7205,False,1.0,True,media,True
T15,2005Q1,1.653,1,2005,1.674,False,0.8947368421052632,True,media,True
T15,2005Q2,1.584,2,2005,1.6215000000000002,False,0.8947368421052632,True,media,True
T15,2005Q3,1.781,3,2005,1.783,False,0.15789473684210525,False,sin alerta,False
T15,2005Q4,1.663,4,2005,1.7205,False,1.0,True,media,True
T15,2006Q1,1.692,1,2006,1.674,True,0.8947368421052632,True,alta,True
T15,2006Q2,1.574,2,2006,1.6215000000000002,False,0.8947368421052632,True,media,True
T15,2006Q3,1.803,3,2006,1.783,True,0.15789473684210525,False,media,False
T15,2006Q4,1.743,4,2006,1.7205,True,1.0,True,alta,True
T15,2007Q1,1.679,1,2007,1.674,True,0.8947368421052632,True,alta,True
T15,2007Q2,1.624,2,2007,1.6215000000000002,True,0.8947368421052632,True,alta,True
T15,2007Q3,1.751,3,2007,1.783,False,0.15789473684210525,False,sin alerta,False
T15,2007Q4,1.605,4,2007,1.7205,False,1.0,True,media,True
T15,2008Q1,1.552,1,2008,1.674,False,0.8947368421052632,True,media,True
T15,2008Q2,1.59,2,2008,1.6215000000000002,False,0.8947368421052632,True,media,True
T15,2008Q3,1.69,3,2008,1.783,False,0.15789473684210525,False,sin alerta,False
T15,2008Q4,1.593,4,2008,1.7205,False,1.0,True,media,True
T15,2009Q1,1.596,1,2009,1.674,False,0.8947368421052632,True,media,True
T15,2009Q2,1.555,2,2009,1.6215000000000002,False,0.8947368421052632,True,media,False
T15,2009Q3,1.773,3,2009,1.783,False,0.15789473684210525,False,sin alerta,False
T15,2009Q4,1.593,4,2009,1.7205,False,1.0,True,media,True
T15,2010Q1,1.673,1,2010,1.674,False,0.8947368421052632,True,media,True
T15,2010Q2,1.5,2,2010,1.6215000000000002,False,0.8947368421052632,True,media,True
T15,2010Q3,1.821,3,2010,1.783,True,0.15789473684210525,False,media,False
T15,2010Q4,1.726,4,2010,1.7205,True,1.0,True,alta,True
T15,2011Q1,1.669,1,2011,1.674,False,0.8947368421052632,True,media,True
T15,2011Q2,1.584,2,2011,1.6215000000000002,False,0.8947368421052632,True,media,True
T15,2011Q3,1.777,3,2011,1.783,False,0.15789473684210525,False,sin alerta,False
T15,2011Q4,1.645,4,2011,1.7205,False,1.0,True,media,True
T15,2012Q1,1.612,1,2012,1.674,False,0.8947368421052632,True,media,False
T15,2012Q2,1.593,2,2012,1.6215000000000002,False,0.8947368421052632,True,media,True
T15,2012Q3,1.684,3,2012,1.783,False,0.15789473684210525,False,sin alerta,False
T15,2012Q4,1.664,4,2012,1.7205,False,1.0,True,media,True
T15,2013Q1,1.592,1,2013,1.674,False,0.8947368421052632,True,media,True
T15,2013Q2,1.63,2,2013,1.6215000000000002,True,0.8947368421052632,True,alta,True
T15,2013Q3,1.73,3,2013,1.783,False,0.15789473684210525,False,sin alerta,True
T15,2013Q4,1.564,4,2013,1.7205,False,1.0,True,media,True
T15,2014Q1,1.675,1,2014,1.674,True,0.8947368421052632,True,alta,True
T15,2014Q2,1.557,2,2014,1.6215000000000002,False,0.8947368421052632,True,media,True
T15,2014Q3,1.785,3,2014,1.783,True,0.15789473684210525,False,media,True
T15,2014Q4,1.721,4,2014,1.7205,True,1.0,True,alta,True
T15,2015Q1,1.708,1,2015,1.674,True,0.8947368421052632,True,alta,True
T15,2015Q2,1.627,2,2015,1.6215000000000002,True,0.8947368421052632,True,alta,True
T15,2015Q3,1.78,3,2015,1.783,False,0.15789473684210525,False,sin alerta,False
T15,2015Q4,1.692,4,2015,1.7205,False,1.0,True,media,True
T15,2016Q1,1.654,1,2016,1.674,False,0.8947368421052632,True,media,True
T15,2016Q2,1.688,2,2016,1.6215000000000002,True,0.8947368421052632,True,alta,True
T15,2016Q3,1.743,3,2016,1.783,False,0.15789473684210525,False,sin alerta,False
T15,2016Q4,1.72,4,2016,1.7205,False,1.0,True,media,True
T15,2017Q1,1.601,1,2017,1.674,False,0.8947368421052632,True,media,True
T15,2017Q2,1.61,2,2017,1.6215000000000002,False,0.8947368421052632,True,media,True
T15,2017Q3,1.694,3,2017,1.783,False,0.15789473684210525,False,sin alerta,False
T15,2017Q4,1.651,4,2017,1.7205,False,1.0,True,media,True
T15,2018Q1,1.594,1,2018,1.674,False,0.8947368421052632,True,media,True
T15,2018Q2,1.588,2,2018,1.6215000000000002,False,0.8947368421052632,True,media,True
T15,2018Q3,1.789,3,2018,1.783,True,0.15789473684210525,False,media,False
T15,2018Q4,1.711,4,2018,1.7205,False,1.0,True,media,True
T15,2019Q1,1.672,1,2019,1.674,False,0.8947368421052632,True,media,True
T15,2019Q2,1.626,2,2019,1.6215000000000002,True,0.8947368421052632,True,alta,True
T15,2019Q3,1.826,3,2019,1.783,True,0.15789473684210525,False,media,False
T15,2019Q4,1.691,4,2019,1.7205,False,1.0,True,media,True
T15,2020Q1,1.661,1,2020,1.674,False,0.8947368421052632,True,media,False
T15,2020Q2,1.686,2,2020,1.6215000000000002,True,0.8947368421052632,True,alta,True
T15,2020Q3,1.792,3,2020,1.783,True,0.15789473684210525,False,media,True
T15,2020Q4,1.769,4,2020,1.7205,True,1.0,True,alta,True
T15,2021Q1,1.632,1,2021,1.674,False,0.8947368421052632,True,media,True
T15,2021Q2,1.609,2,2021,1.6215000000000002,False,0.8947368421052632,True,media,True
T15,2021Q3,1.669,3,2021,1.783,False,0.15789473684210525,False,sin alerta,False
T15,2021Q4,1.713,4,2021,1.7205,False,1.0,True,media,True
T15,2022Q1,1.572,1,2022,1.674,False,0.8947368421052632,True,media,False
T15,2022Q2,1.521,2,2022,1.6215000000000002,False,0.8947368421052632,True,media,True
T15,2022Q3,1.739,3,2022,1.783,False,0.15789473684210525,False,sin alerta,False
T15,2022Q4,1.662,4,2022,1.7205,False,1.0,True,media,True
T15,2023Q1,1.671,1,2023,1.674,False,0.8947368421052632,True,media,True
T15,2023Q2,1.561,2,2023,1.6215000000000002,False,0.8947368421052632,True,media,False
T15,2023Q3,1.784,3,2023,1.783,True,0.15789473684210525,False,media,False
T15,2023Q4,1.682,4,2023,1.7205,False,1.0,True,media,True
T15,2024Q1,1.698,1,2024,1.674,True,0.8947368421052632,True,alta,True
T15,2024Q2,1.666,2,2024,1.6215000000000002,True,0.8947368421052632,True,alta,True
T15,2024Q3,1.785,3,2024,1.783,True,0.15789473684210525,False,media,False
T15,2024Q4,1.712,4,2024,1.7205,False,1.0,True,media,True
T15,2025Q1,1.671,1,2025,1.674,False,0.8947368421052632,True,media,
T16,2000Q1,1.564,1,2000,1.6585,False,0.8947368421052632,True,media,False
T16,2000Q2,1.524,2,2000,1.607,False,0.8421052631578947,True,media,True
T16,2000Q3,1.725,3,2000,1.767,False,0.15789473684210525,False,sin alerta,False
T16,2000Q4,1.574,4,2000,1.708,False,1.0,True,media,True
T16,2001Q1,1.653,1,2001,1.6585,False,0.8947368421052632,True,media,True
T16,2001Q2,1.603,2,2001,1.607,False,0.8421052631578947,True,media,False
T16,2001Q3,1.799,3,2001,1.767,True,0.15789473684210525,False,media,False
T16,2001Q4,1.731,4,2001,1.708,True,1.0,True,alta,True
T16,2002Q1,1.69,1,2002,1.6585,True,0.8947368421052632,True,alta,True
T16,2002Q2,1.588,2,2002,1.607,False,0.8421052631578947,True,media,True
T16,2002Q3,1.754,3,2002,1.767,False,0.15789473684210525,False,sin alerta,True
T16,2002Q4,1.789,4,2002,1.708,True,1.0,True,alta,True
T16,2003Q1,1.639,1,2003,1.6585,False,0.8947368421052632,True,media,True
T16,2003Q2,1.637,2,2003,1.607,True,0.8421052631578947,True,alta,True
T16,2003Q3,1.71,3,2003,1.767,False,0.15789473684210525,False,sin alerta,False
T16,2003Q4,1.669,4,2003,1.708,False,1.0,True,media,True
T16,2004Q1,1.514,1,2004,1.6585,False,0.8947368421052632,True,media,True
T16,2004Q2,1.565,2,2004,1.607,False,0.8421052631578947,True,media,True
T16,2004Q3,1.681,3,2004,1.767,False,0.15789473684210525,False,sin alerta,False
T16,2004Q4,1.574,4,2004,1.708,False,1.0,True,media,True
T16,2005Q1,1.637,1,2005,1.6585,False,0.8947368421052632,True,media,True
T16,2005Q2,1.569,2,2005,1.607,False,0.8421052631578947,True,media,True
T16,2005Q3,1.763,3,2005,1.767,False,0.15789473684210525,False,sin alerta,False
T16,2005Q4,1.65,4,2005,1.708,False,1.0,True,media,True
T16,2006Q1,1.677,1,2006,1.6585,True,0.8947368421052632,True,alta,True
T16,2006Q2,1.561,2,2006,1.607,False,0.8421052631578947,True,media,True
T16,2006Q3,1.785,3,2006,1.767,True,0.15789473684210525,False,media,False
T16,2006Q4,1.727,4,2006,1.708,True,1.0,True,alta,True
T16,2007Q1,1.665,1,2007,1.6585,True,0.8947368421052632,True,alta,True
T16,2007Q2,1.611,2,2007,1.607,True,0.8421052631578947,True,alta,True
T16,2007Q3,1.735,3,2007,1.767,False,0.15789473684210525,False,sin alerta,False
T16,2007Q4,1.595,4,2007,1.708,False,1.0,True,media,True
T16,2008Q1,1.54,1,2008,1.6585,False,0.8947368421052632,True,media,True
T16,2008Q2,1.578,2,2008,1.607,False,0.8421052631578947,True,media,True
T16,2008Q3,1.672,3,2008,1.767,False,0.15789473684210525,False,sin alerta,False
T16,2008Q4,1.581,4,2008,1.708,False,1.0,True,media,True
T16,2009Q1,1.579,1,2009,1.6585,False,0.8947368421052632,True,media,True
T16,2009Q2,1.535,2,2009,1.607,False,0.8421052631578947,True,media,False
T16,2009Q3,1.755,3,2009,1.767,False,0.15789473684210525,False,sin alerta,False
T16,2009Q4,1.58,4,2009,1.708,False,1.0,True,media,True
T16,2010Q1,1.657,1,2010,1.6585,False,0.8947368421052632,True,media,True
T16,2010Q2,1.489,2,2010,1.607,False,0.8421052631578947,True,media,True
T16,2010Q3,1.805,3,2010,1.767,True,0.15789473684210525,False,media,False
T16,2010Q4,1.712,4,2010,1.708,True,1.0,True,alta,True
T16,2011Q1,1.653,1,2011,1.6585,False,0.8947368421052632,True,media,True
T16,2011Q2,1.573,2,2011,1.607,False,0.8421052631578947,True,media,True
T16,2011Q3,1.763,3,2011,1.767,False,0.15789473684210525,False,sin alerta,False
T16,2011Q4,1.63,4,2011,1.708,False,1.0,True,media,True
T16,2012Q1,1.598,1,2012,1.6585,False,0.8947368421052632,True,media,False
T16,2012Q2,1.579,2,2012,1.607,False,0.8421052631578947,True,media,True
T16,2012Q3,1.671,3,2012,1.767,False,0.15789473684210525,False,sin alerta,False
T16,2012Q4,1.652,4,2012,1.708,False,1.0,True,media,True
T16,2013Q1,1.577,1,2013,1.6585,False,0.8947368421052632,True,media,True
T16,2013Q2,1.611,2,2013,1.607,True,0.8421052631578947,True,alta,True
T16,2013Q3,1.711,3,2013,1.767,False,0.15789473684210525,False,sin alerta,True
T16,2013Q4,1.552,4,2013,1.708,False,1.0,True,media,True
T16,2014Q1,1.66,1,2014,1.6585,True,0.8947368421052632,True,alta,True
T16,2014Q2,1.54,2,2014,1.607,False,0.8421052631578947,True,media,True
T16,2014Q3,1.768,3,2014,1.767,True,0.15789473684210525,False,media,True
T16,2014Q4,1.708,4,2014,1.708,False,1.0,True,media,True
T16,2015Q1,1.694,1,2015,1.6585,True,0.8947368421052632,True,alta,True
T16,2015Q2,1.613,2,2015,1.607,True,0.8421052631578947,True,alta,False
T16,2015Q3,1.766,3,2015,1.767,False,0.15789473684210525,False,sin alerta,False
T16,2015Q4,1.68,4,2015,1.708,False,1.0,True,media,True
T16,2016Q1,1.64,1,2016,1.6585,False,0.8947368421052632,True,media,True
T16,2016Q2,1.674,2,2016,1.607,True,0.8421052631578947,True,alta,True
T16,2016Q3,1.727,3,2016,1.767,False,0.15789473684210525,False,sin alerta,False
T16,2016Q4,1.708,4,2016,1.708,False,1.0,True,media,True
T16,2017Q1,1.589,1,2017,1.6585,False,0.8947368421052632,True,media,True
T16,2017Q2,1.598,2,2017,1.607,False,0.8421052631578947,True,media,True
T16,2017Q3,1.676,3,2017,1.767,False,0.15789473684210525,False,sin alerta,False
T16,2017Q4,1.637,4,2017,1.708,False,1.0,True,media,True
T16,2018Q1,1.58,1,2018,1.6585,False,0.8947368421052632,True,media,True
T16,2018Q2,1.574,2,2018,1.607,False,0.8421052631578947,True,media,True
T16,2018Q3,1.772,3,2018,1.767,True,0.15789473684210525,False,media,False
T16,2018Q4,1.696,4,2018,1.708,False,1.0,True,media,True
T16,2019Q1,1.658,1,2019,1.6585,False,0.8947368421052632,True,media,True
T16,2019Q2,1.613,2,2019,1.607,True,0.8421052631578947,True,alta,True
T16,2019Q3,1.809,3,2019,1.767,True,0.15789473684210525,False,media,False
T16,2019Q4,1.676,4,2019,1.708,False,1.0,True,media,True
T16,2020Q1,1.645,1,2020,1.6585,False,0.8947368421052632,True,media,False
T16,2020Q2,1.673,2,2020,1.607,True,0.8421052631578947,True,alta,True
T16,2020Q3,1.776,3,2020,1.767,True,0.15789473684210525,False,media,True
T16,2020Q4,1.754,4,2020,1.708,True,1.0,True,alta,True
T16,2021Q1,1.616,1,2021,1.6585,False,0.8947368421052632,True,media,True
T16,2021Q2,1.598,2,2021,1.607,False,0.8421052631578947,True,media,True
T16,2021Q3,1.654,3,2021,1.767,False,0.15789473684210525,False,sin alerta,False
T16,2021Q4,1.699,4,2021,1.708,False,1.0,True,media,True
T16,2022Q1,1.556,1,2022,1.6585,False,0.8947368421052632,True,media,False
T16,2022Q2,1.508,2,2022,1.607,False,0.8421052631578947,True,media,True
T16,2022Q3,1.722,3,2022,1.767,False,0.15789473684210525,False,sin alerta,False
T16,2022Q4,1.647,4,2022,1.708,False,1.0,True,media,True
T16,2023Q1,1.655,1,2023,1.6585,False,0.8947368421052632,True,media,True
T16,2023Q2,1.546,2,2023,1.607,False,0.8421052631578947,True,media,False
T16,2023Q3,1.769,3,2023,1.767,True,0.15789473684210525,False,media,False
T16,2023Q4,1.669,4,2023,1.708,False,1.0,True,media,True
T16,2024Q1,1.682,1,2024,1.6585,True,0.8947368421052632,True,alta,True
T16,2024Q2,1.651,2,2024,1.607,True,0.8421052631578947,True,alta,True
T16,2024Q3,1.771,3,2024,1.767,True,0.15789473684210525,False,media,False
T16,2024Q4,1.7,4,2024,1.708,False,1.0,True,media,True
T16,2025Q1,1.657,1,2025,1.6585,False,0.8947368421052632,True,media,
T17,2000Q1,1.508,1,2000,1.6035,False,0.8947368421052632,True,media,False
T17,2000Q2,1.478,2,2000,1.5545,False,0.8947368421052632,True,media,True
T17,2000Q3,1.667,3,2000,1.7125,False,0.21052631578947367,False,sin alerta,False
T17,2000Q4,1.527,4,2000,1.6625,False,1.0,True,media,True
T17,2001Q1,1.596,1,2001,1.6035,False,0.8947368421052632,True,media,True
T17,2001Q2,1.554,2,2001,1.5545,False,0.8947368421052632,True,media,False
T17,2001Q3,1.743,3,2001,1.7125,True,0.21052631578947367,False,media,True
T17,2001Q4,1.68,4,2001,1.6625,True,1.0,True,alta,True
T17,2002Q1,1.635,1,2002,1.6035,True,0.8947368421052632,True,alta,True
T17,2002Q2,1.548,2,2002,1.5545,False,0.8947368421052632,True,media,True
T17,2002Q3,1.699,3,2002,1.7125,False,0.21052631578947367,False,sin alerta,True
T17,2002Q4,1.737,4,2002,1.6625,True,1.0,True,alta,True
T17,2003Q1,1.587,1,2003,1.6035,False,0.8947368421052632,True,media,True
T17,2003Q2,1.586,2,2003,1.5545,True,0.8947368421052632,True,alta,True
T17,2003Q3,1.662,3,2003,1.7125,False,0.21052631578947367,False,sin alerta,False
T17,2003Q4,1.626,4,2003,1.6625,False,1.0,True,media,True
T17,2004Q1,1.466,1,2004,1.6035,False,0.8947368421052632,True,media,True
T17,2004Q2,1.518,2,2004,1.5545,False,0.8947368421052632,True,media,True
T17,2004Q3,1.618,3,2004,1.7125,False,0.21052631578947367,False,sin alerta,False
T17,2004Q4,1.534,4,2004,1.6625,False,1.0,True,media,True
T17,2005Q1,1.583,1,2005,1.6035,False,0.8947368421052632,True,media,True
T17,2005Q2,1.519,2,2005,1.5545,False,0.8947368421052632,True,media,True
T17,2005Q3,1.702,3,2005,1.7125,False,0.21052631578947367,False,sin alerta,False
T17,2005Q4,1.606,4,2005,1.6625,False,1.0,True,media,True
T17,2006Q1,1.626,1,2006,1.6035,True,0.8947368421052632,True,alta,True
T17,2006Q2,1.516,2,2006,1.5545,False,0.8947368421052632,True,media,True
T17,2006Q3,1.725,3,2006,1.7125,True,0.21052631578947367,False,media,False
T17,2006Q4,1.672,4,2006,1.6625,True,1.0,True,alta,True
T17,2007Q1,1.616,1,2007,1.6035,True,0.8947368421052632,True,alta,True
T17,2007Q2,1.567,2,2007,1.5545,True,0.8947368421052632,True,alta,True
T17,2007Q3,1.681,3,2007,1.7125,False,0.21052631578947367,False,sin alerta,False
T17,2007Q4,1.559,4,2007,1.6625,False,1.0,True,media,True
T17,2008Q1,1.495,1,2008,1.6035,False,0.8947368421052632,True,media,True
T17,2008Q2,1.536,2,2008,1.5545,False,0.8947368421052632,True,media,True
T17,2008Q3,1.614,3,2008,1.7125,False,0.21052631578947367,False,sin alerta,False
T17,2008Q4,1.537,4,2008,1.6625,False,1.0,True,media,True
T17,2009Q1,1.528,1,2009,1.6035,False,0.8947368421052632,True,media,True
T17,2009Q2,1.472,2,2009,1.5545,False,0.8947368421052632,True,media,False
T17,2009Q3,1.696,3,2009,1.7125,False,0.21052631578947367,False,sin alerta,False
T17,2009Q4,1.532,4,2009,1.6625,False,1.0,True,media,True
T17,2010Q1,1.599,1,2010,1.6035,False,0.8947368421052632,True,media,True
T17,2010Q2,1.452,2,2010,1.5545,False,0.8947368421052632,True,media,True
T17,2010Q3,1.749,3,2010,1.7125,True,0.21052631578947367,False,media,False
T17,2010Q4,1.663,4,2010,1.6625,True,1.0,True,alta,True
T17,2011Q1,1.6,1,2011,1.6035,False,0.8947368421052632,True,media,True
T17,2011Q2,1.534,2,2011,1.5545,False,0.8947368421052632,True,media,True
T17,2011Q3,1.713,3,2011,1.7125,True,0.21052631578947367,False,media,False
T17,2011Q4,1.585,4,2011,1.6625,False,1.0,True,media,True
T17,2012Q1,1.548,1,2012,1.6035,False,0.8947368421052632,True,media,False
T17,2012Q2,1.537,2,2012,1.5545,False,0.8947368421052632,True,media,True
T17,2012Q3,1.625,3,2012,1.7125,False,0.21052631578947367,False,sin alerta,False
T17,2012Q4,1.61,4,2012,1.6625,False,1.0,True,media,True
T17,2013Q1,1.524,1,2013,1.6035,False,0.8947368421052632,True,media,True
T17,2013Q2,1.55,2,2013,1.5545,False,0.8947368421052632,True,media,True
T17,2013Q3,1.649,3,2013,1.7125,False,0.21052631578947367,False,sin alerta,True
T17,2013Q4,1.51,4,2013,1.6625,False,1.0,True,media,True
T17,2014Q1,1.607,1,2014,1.6035,True,0.8947368421052632,True,alta,True
T17,2014Q2,1.485,2,2014,1.5545,False,0.8947368421052632,True,media,True
T17,2014Q3,1.708,3,2014,1.7125,False,0.21052631578947367,False,sin alerta,True
T17,2014Q4,1.662,4,2014,1.6625,False,1.0,True,media,True
T17,2015Q1,1.643,1,2015,1.6035,True,0.8947368421052632,True,alta,True
T17,2015Q2,1.567,2,2015,1.5545,True,0.8947368421052632,True,alta,True
T17,2015Q3,1.719,3,2015,1.7125,True,0.21052631578947367,False,media,False
T17,2015Q4,1.639,4,2015,1.6625,False,1.0,True,media,True
T17,2016Q1,1.591,1,2016,1.6035,False,0.8947368421052632,True,media,True
T17,2016Q2,1.627,2,2016,1.5545,True,0.8947368421052632,True,alta,True
T17,2016Q3,1.673,3,2016,1.7125,False,0.21052631578947367,False,sin alerta,False
T17,2016Q4,1.666,4,2016,1.6625,True,1.0,True,alta,True
T17,2017Q1,1.545,1,2017,1.6035,False,0.8947368421052632,True,media,True
T17,2017Q2,1.555,2,2017,1.5545,True,0.8947368421052632,True,alta,True
T17,2017Q3,1.617,3,2017,1.7125,False,0.21052631578947367,False,sin alerta,False
T17,2017Q4,1.589,4,2017,1.6625,False,1.0,True,media,True
T17,2018Q1,1.531,1,2018,1.6035,False,0.8947368421052632,True,media,True
T17,2018Q2,1.526,2,2018,1.5545,False,0.8947368421052632,True,media,True
T17,2018Q3,1.712,3,2018,1.7125,False,0.21052631578947367,False,sin alerta,False
T17,2018Q4,1.641,4,2018,1.6625,False,1.0,True,media,True
T17,2019Q1,1.609,1,2019,1.6035,True,0.8947368421052632,True,alta,True
T17,2019Q2,1.567,2,2019,1.5545,True,0.8947368421052632,True,alta,True
T17,2019Q3,1.752,3,2019,1.7125,True,0.21052631578947367,False,media,False
T17,2019Q4,1.625,4,2019,1.6625,False,1.0,True,media,True
T17,2020Q1,1.587,1,2020,1.6035,False,0.8947368421052632,True,media,True
T17,2020Q2,1.627,2,2020,1.5545,True,0.8947368421052632,True,alta,True
T17,2020Q3,1.721,3,2020,1.7125,True,0.21052631578947367,False,media,True
T17,2020Q4,1.703,4,2020,1.6625,True,1.0,True,alta,True
T17,2021Q1,1.564,1,2021,1.6035,False,0.8947368421052632,True,media,True
T17,2021Q2,1.557,2,2021,1.5545,True,0.8947368421052632,True,alta,True
T17,2021Q3,1.603,3,2021,1.7125,False,0.21052631578947367,False,sin alerta,False
T17,2021Q4,1.651,4,2021,1.6625,False,1.0,True,media,True
T17,2022Q1,1.5,1,2022,1.6035,False,0.8947368421052632,True,media,True
T17,2022Q2,1.462,2,2022,1.5545,False,0.8947368421052632,True,media,True
T17,2022Q3,1.666,3,2022,1.7125,False,0.21052631578947367,False,sin alerta,True
T17,2022Q4,1.597,4,2022,1.6625,False,1.0,True,media,True
T17,2023Q1,1.599,1,2023,1.6035,False,0.8947368421052632,True,media,True
T17,2023Q2,1.496,2,2023,1.5545,False,0.8947368421052632,True,media,False
T17,2023Q3,1.717,3,2023,1.7125,True,0.21052631578947367,False,media,False
T17,2023Q4,1.619,4,2023,1.6625,False,1.0,True,media,True
T17,2024Q1,1.627,1,2024,1.6035,True,0.8947368421052632,True,alta,True
T17,2024Q2,1.6,2,2024,1.5545,True,0.8947368421052632,True,alta,True
T17,2024Q3,1.72,3,2024,1.7125,True,0.21052631578947367,False,media,False
T17,2024Q4,1.655,4,2024,1.6625,False,1.0,True,media,True
T17,2025Q1,1.607,1,2025,1.6035,True,0.8947368421052632,True,alta,
T18,2000Q1,1.435,1,2000,1.5314999999999999,False,0.8947368421052632,True,media,False
T18,2000Q2,1.423,2,2000,1.4929999999999999,False,0.7368421052631579,True,media,True
T18,2000Q3,1.592,3,2000,1.6415,False,0.15789473684210525,False,sin alerta,False
T18,2000Q4,1.462,4,2000,1.5955,False,1.0,True,media,True
T18,2001Q1,1.52,1,2001,1.5314999999999999,False,0.8947368421052632,True,media,True
T18,2001Q2,1.492,2,2001,1.4929999999999999,False,0.7368421052631579,True,media,False
T18,2001Q3,1.668,3,2001,1.6415,True,0.15789473684210525,False,media,False
T18,2001Q4,1.61,4,2001,1.5955,True,1.0,True,alta,True
T18,2002Q1,1.56,1,2002,1.5314999999999999,True,0.8947368421052632,True,alta,True
T18,2002Q2,1.489,2,2002,1.4929999999999999,False,0.7368421052631579,True,media,True
T18,2002Q3,1.625,3,2002,1.6415,False,0.15789473684210525,False,sin alerta,True
T18,2002Q4,1.667,4,2002,1.5955,True,1.0,True,alta,True
T18,2003Q1,1.516,1,2003,1.5314999999999999,False,0.8947368421052632,True,media,True
T18,2003Q2,1.517,2,2003,1.4929999999999999,True,0.7368421052631579,True,alta,True
T18,2003Q3,1.596,3,2003,1.6415,False,0.15789473684210525,False,sin alerta,False
T18,2003Q4,1.564,4,2003,1.5955,False,1.0,True,media,True
T18,2004Q1,1.401,1,2004,1.5314999999999999,False,0.8947368421052632,True,media,True
T18,2004Q2,1.455,2,2004,1.4929999999999999,False,0.7368421052631579,True,media,True
T18,2004Q3,1.537,3,2004,1.6415,False,0.15789473684210525,False,sin alerta,False
T18,2004Q4,1.478,4,2004,1.5955,False,1.0,True,media,True
T18,2005Q1,1.51,1,2005,1.5314999999999999,False,0.8947368421052632,True,media,True
T18,2005Q2,1.452,2,2005,1.4929999999999999,False,0.7368421052631579,True,media,True
T18,2005Q3,1.622,3,2005,1.6415,False,0.15789473684210525,False,sin alerta,False
T18,2005Q4,1.544,4,2005,1.5955,False,1.0,True,media,True
T18,2006Q1,1.555,1,2006,1.5314999999999999,True,0.8947368421052632,True,alta,True
T18,2006Q2,1.452,2,2006,1.4929999999999999,False,0.7368421052631579,True,media,True
T18,2006Q3,1.645,3,2006,1.6415,True,0.15789473684210525,False,media,False
T18,2006Q4,1.608,4,2006,1.5955,True,1.0,True,alta,True
T18,2007Q1,1.548,1,2007,1.5314999999999999,True,0.8947368421052632,True,alta,True
T18,2007Q2,1.503,2,2007,1.4929999999999999,True,0.7368421052631579,True,alta,False
T18,2007Q3,1.609,3,2007,1.6415,False,0.15789473684210525,False,sin alerta,False
T18,2007Q4,1.505,4,2007,1.5955,False,1.0,True,media,True
T18,2008Q1,1.432,1,2008,1.5314999999999999,False,0.8947368421052632,True,media,True
T18,2008Q2,1.475,2,2008,1.4929999999999999,False,0.7368421052631579,True,media,True
T18,2008Q3,1.537,3,2008,1.6415,False,0.15789473684210525,False,sin alerta,False
T18,2008Q4,1.476,4,2008,1.5955,False,1.0,True,media,True
T18,2009Q1,1.462,1,2009,1.5314999999999999,False,0.8947368421052632,True,media,True
T18,2009Q2,1.391,2,2009,1.4929999999999999,False,0.7368421052631579,True,media,False
T18,2009Q3,1.617,3,2009,1.6415,False,0.15789473684210525,False,sin alerta,False
T18,2009Q4,1.467,4,2009,1.5955,False,1.0,True,media,True
T18,2010Q1,1.523,1,2010,1.5314999999999999,False,0.8947368421052632,True,media,True
T18,2010Q2,1.396,2,2010,1.4929999999999999,False,0.7368421052631579,True,media,True
T18,2010Q3,1.673,3,2010,1.6415,True,0.15789473684210525,False,media,False
T18,2010Q4,1.594,4,2010,1.5955,False,1.0,True,media,True
T18,2011Q1,1.528,1,2011,1.5314999999999999,False,0.8947368421052632,True,media,True
T18,2011Q2,1.477,2,2011,1.4929999999999999,False,0.7368421052631579,True,media,True
T18,2011Q3,1.644,3,2011,1.6415,True,0.15789473684210525,False,media,False
T18,2011Q4,1.524,4,2011,1.5955,False,1.0,True,media,True
T18,2012Q1,1.481,1,2012,1.5314999999999999,False,0.8947368421052632,True,media,False
T18,2012Q2,1.481,2,2012,1.4929999999999999,False,0.7368421052631579,True,media,True
T18,2012Q3,1.562,3,2012,1.6415,False,0.15789473684210525,False,sin alerta,False
T18,2012Q4,1.55,4,2012,1.5955,False,1.0,True,media,True
T18,2013Q1,1.453,1,2013,1.5314999999999999,False,0.8947368421052632,True,media,True
T18,2013Q2,1.472,2,2013,1.4929999999999999,False,0.7368421052631579,True,media,True
T18,2013Q3,1.57,3,2013,1.6415,False,0.15789473684210525,False,sin alerta,True
T18,2013Q4,1.453,4,2013,1.5955,False,1.0,True,media,True
T18,2014Q1,1.535,1,2014,1.5314999999999999,True,0.8947368421052632,True,alta,True
T18,2014Q2,1.427,2,2014,1.4929999999999999,False,0.7368421052631579,True,media,True
T18,2014Q3,1.639,3,2014,1.6415,False,0.15789473684210525,False,sin alerta,True
T18,2014Q4,1.597,4,2014,1.5955,True,1.0,True,alta,True
T18,2015Q1,1.572,1,2015,1.5314999999999999,True,0.8947368421052632,True,alta,True
T18,2015Q2,1.501,2,2015,1.4929999999999999,True,0.7368421052631579,True,alta,False
T18,2015Q3,1.653,3,2015,1.6415,True,0.15789473684210525,False,media,False
T18,2015Q4,1.578,4,2015,1.5955,False,1.0,True,media,True
T18,2016Q1,1.525,1,2016,1.5314999999999999,False,0.8947368421052632,True,media,True
T18,2016Q2,1.56,2,2016,1.4929999999999999,True,0.7368421052631579,True,alta,True
T18,2016Q3,1.6,3,2016,1.6415,False,0.15789473684210525,False,sin alerta,False
T18,2016Q4,1.605,4,2016,1.5955,True,1.0,True,alta,True
T18,2017Q1,1.483,1,2017,1.5314999999999999,False,0.8947368421052632,True,media,True
T18,2017Q2,1.494,2,2017,1.4929999999999999,True,0.7368421052631579,True,alta,False
T18,2017Q3,1.54,3,2017,1.6415,False,0.15789473684210525,False,sin alerta,False
T18,2017Q4,1.524,4,2017,1.5955,False,1.0,True,media,True
T18,2018Q1,1.464,1,2018,1.5314999999999999,False,0.8947368421052632,True,media,True
T18,2018Q2,1.461,2,2018,1.4929999999999999,False,0.7368421052631579,True,media,True
T18,2018Q3,1.635,3,2018,1.6415,False,0.15789473684210525,False,sin alerta,False
T18,2018Q4,1.569,4,2018,1.5955,False,1.0,True,media,True
T18,2019Q1,1.541,1,2019,1.5314999999999999,True,0.8947368421052632,True,alta,True
T18,2019Q2,1.503,2,2019,1.4929999999999999,True,0.7368421052631579,True,alta,True
T18,2019Q3,1.676,3,2019,1.6415,True,0.15789473684210525,False,media,False
T18,2019Q4,1.557,4,2019,1.5955,False,1.0,True,media,True
T18,2020Q1,1.511,1,2020,1.5314999999999999,False,0.8947368421052632,True,media,True
T18,2020Q2,1.561,2,2020,1.4929999999999999,True,0.7368421052631579,True,alta,True
T18,2020Q3,1.648,3,2020,1.6415,True,0.15789473684210525,False,media,True
T18,2020Q4,1.632,4,2020,1.5955,True,1.0,True,alta,True
T18,2021Q1,1.494,1,2021,1.5314999999999999,False,0.8947368421052632,True,media,True
T18,2021Q2,1.498,2,2021,1.4929999999999999,True,0.7368421052631579,True,alta,True
T18,2021Q3,1.534,3,2021,1.6415,False,0.15789473684210525,False,sin alerta,False
T18,2021Q4,1.585,4,2021,1.5955,False,1.0,True,media,True
T18,2022Q1,1.427,1,2022,1.5314999999999999,False,0.8947368421052632,True,media,False
T18,2022Q2,1.405,2,2022,1.4929999999999999,False,0.7368421052631579,True,media,True
T18,2022Q3,1.593,3,2022,1.6415,False,0.15789473684210525,False,sin alerta,True
T18,2022Q4,1.53,4,2022,1.5955,False,1.0,True,media,True
T18,2023Q1,1.524,1,2023,1.5314999999999999,False,0.8947368421052632,True,media,True
T18,2023Q2,1.427,2,2023,1.4929999999999999,False,0.7368421052631579,True,media,False
T18,2023Q3,1.646,3,2023,1.6415,True,0.15789473684210525,False,media,False
T18,2023Q4,1.55,4,2023,1.5955,False,1.0,True,media,True
T18,2024Q1,1.554,1,2024,1.5314999999999999,True,0.8947368421052632,True,alta,True
T18,2024Q2,1.529,2,2024,1.4929999999999999,True,0.7368421052631579,True,alta,True
T18,2024Q3,1.65,3,2024,1.6415,True,0.15789473684210525,False,media,False
T18,2024Q4,1.591,4,2024,1.5955,False,1.0,True,media,True
T18,2025Q1,1.538,1,2025,1.5314999999999999,True,0.8947368421052632,True,alta,
T19,2000Q1,1.135,1,2000,1.2165,False,0.8947368421052632,True,media,False
T19,2000Q2,1.144,2,2000,1.189,False,0.8947368421052632,True,media,True
T19,2000Q3,1.271,3,2000,1.3105,False,0.21052631578947367,False,sin alerta,False
T19,2000Q4,1.175,4,2000,1.279,False,1.0,True,media,True
T19,2001Q1,1.193,1,2001,1.2165,False,0.8947368421052632,True,media,True
T19,2001Q2,1.191,2,2001,1.189,True,0.8947368421052632,True,alta,False
T19,2001Q3,1.335,3,2001,1.3105,True,0.21052631578947367,False,media,True
T19,2001Q4,1.286,4,2001,1.279,True,1.0,True,alta,True
T19,2002Q1,1.226,1,2002,1.2165,True,0.8947368421052632,True,alta,True
T19,2002Q2,1.197,2,2002,1.189,True,0.8947368421052632,True,alta,True
T19,2002Q3,1.297,3,2002,1.3105,False,0.21052631578947367,False,sin alerta,True
T19,2002Q4,1.337,4,2002,1.279,True,1.0,True,alta,True
T19,2003Q1,1.2,1,2003,1.2165,False,0.8947368421052632,True,media,True
T19,2003Q2,1.201,2,2003,1.189,True,0.8947368421052632,True,alta,True
T19,2003Q3,1.287,3,2003,1.3105,False,0.21052631578947367,False,sin alerta,False
T19,2003Q4,1.256,4,2003,1.279,False,1.0,True,media,True
T19,2004Q1,1.106,1,2004,1.2165,False,0.8947368421052632,True,media,True
T19,2004Q2,1.156,2,2004,1.189,False,0.8947368421052632,True,media,True
T19,2004Q3,1.223,3,2004,1.3105,False,0.21052631578947367,False,sin alerta,False
T19,2004Q4,1.198,4,2004,1.279,False,1.0,True,media,True
T19,2005Q1,1.19,1,2005,1.2165,False,0.8947368421052632,True,media,True
T19,2005Q2,1.149,2,2005,1.189,False,0.8947368421052632,True,media,True
T19,2005Q3,1.299,3,2005,1.3105,False,0.21052631578947367,False,sin alerta,False
T19,2005Q4,1.246,4,2005,1.279,False,1.0,True,media,True
T19,2006Q1,1.227,1,2006,1.2165,True,0.8947368421052632,True,alta,True
T19,2006Q2,1.149,2,2006,1.189,False,0.8947368421052632,True,media,True
T19,2006Q3,1.305,3,2006,1.3105,False,0.21052631578947367,False,sin alerta,False
T19,2006Q4,1.294,4,2006,1.279,True,1.0,True,alta,True
T19,2007Q1,1.228,1,2007,1.2165,True,0.8947368421052632,True,alta,True
T19,2007Q2,1.188,2,2007,1.189,False,0.8947368421052632,True,media,True
T19,2007Q3,1.28,3,2007,1.3105,False,0.21052631578947367,False,sin alerta,False
T19,2007Q4,1.221,4,2007,1.279,False,1.0,True,media,True
T19,2008Q1,1.137,1,2008,1.2165,False,0.8947368421052632,True,media,True
T19,2008Q2,1.175,2,2008,1.189,False,0.8947368421052632,True,media,True
T19,2008Q3,1.214,3,2008,1.3105,False,0.21052631578947367,False,sin alerta,False
T19,2008Q4,1.186,4,2008,1.279,False,1.0,True,media,True
T19,2009Q1,1.157,1,2009,1.2165,False,0.8947368421052632,True,media,True
T19,2009Q2,1.106,2,2009,1.189,False,0.8947368421052632,True,media,False
T19,2009Q3,1.283,3,2009,1.3105,False,0.21052631578947367,False,sin alerta,False
T19,2009Q4,1.171,4,2009,1.279,False,1.0,True,media,True
T19,2010Q1,1.199,1,2010,1.2165,False,0.8947368421052632,True,media,True
T19,2010Q2,1.113,2,2010,1.189,False,0.8947368421052632,True,media,True
T19,2010Q3,1.333,3,2010,1.3105,True,0.21052631578947367,False,media,False
T19,2010Q4,1.274,4,2010,1.279,False,1.0,True,media,True
T19,2011Q1,1.219,1,2011,1.2165,True,0.8947368421052632,True,alta,True
T19,2011Q2,1.184,2,2011,1.189,False,0.8947368421052632,True,media,True
T19,2011Q3,1.316,3,2011,1.3105,True,0.21052631578947367,False,media,False
T19,2011Q4,1.229,4,2011,1.279,False,1.0,True,media,True
T19,2012Q1,1.169,1,2012,1.2165,False,0.8947368421052632,True,media,False
T19,2012Q2,1.188,2,2012,1.189,False,0.8947368421052632,True,media,True
T19,2012Q3,1.259,3,2012,1.3105,False,0.21052631578947367,False,sin alerta,False
T19,2012Q4,1.246,4,2012,1.279,False,1.0,True,media,True
T19,2013Q1,1.142,1,2013,1.2165,False,0.8947368421052632,True,media,True
T19,2013Q2,1.162,2,2013,1.189,False,0.8947368421052632,True,media,True
T19,2013Q3,1.256,3,2013,1.3105,False,0.21052631578947367,False,sin alerta,True
T19,2013Q4,1.18,4,2013,1.279,False,1.0,True,media,True
T19,2014Q1,1.21,1,2014,1.2165,False,0.8947368421052632,True,media,True
T19,2014Q2,1.145,2,2014,1.189,False,0.8947368421052632,True,media,True
T19,2014Q3,1.318,3,2014,1.3105,True,0.21052631578947367,False,media,True
T19,2014Q4,1.284,4,2014,1.279,True,1.0,True,alta,True
T19,2015Q1,1.244,1,2015,1.2165,True,0.8947368421052632,True,alta,True
T19,2015Q2,1.187,2,2015,1.189,False,0.8947368421052632,True,media,True
T19,2015Q3,1.334,3,2015,1.3105,True,0.21052631578947367,False,media,False
T19,2015Q4,1.273,4,2015,1.279,False,1.0,True,media,True
T19,2016Q1,1.214,1,2016,1.2165,False,0.8947368421052632,True,media,True
T19,2016Q2,1.238,2,2016,1.189,True,0.8947368421052632,True,alta,True
T19,2016Q3,1.278,3,2016,1.3105,False,0.21052631578947367,False,sin alerta,False
T19,2016Q4,1.3,4,2016,1.279,True,1.0,True,alta,True
T19,2017Q1,1.186,1,2017,1.2165,False,0.8947368421052632,True,media,True
T19,2017Q2,1.19,2,2017,1.189,True,0.8947368421052632,True,alta,True
T19,2017Q3,1.221,3,2017,1.3105,False,0.21052631578947367,False,sin alerta,False
T19,2017Q4,1.225,4,2017,1.279,False,1.0,True,media,True
T19,2018Q1,1.163,1,2018,1.2165,False,0.8947368421052632,True,media,True
T19,2018Q2,1.158,2,2018,1.189,False,0.8947368421052632,True,media,True
T19,2018Q3,1.3,3,2018,1.3105,False,0.21052631578947367,False,sin alerta,False
T19,2018Q4,1.245,4,2018,1.279,False,1.0,True,media,True
T19,2019Q1,1.227,1,2019,1.2165,True,0.8947368421052632,True,alta,True
T19,2019Q2,1.198,2,2019,1.189,True,0.8947368421052632,True,alta,True
T19,2019Q3,1.336,3,2019,1.3105,True,0.21052631578947367,False,media,False
T19,2019Q4,1.246,4,2019,1.279,False,1.0,True,media,True
T19,2020Q1,1.196,1,2020,1.2165,False,0.8947368421052632,True,media,True
T19,2020Q2,1.246,2,2020,1.189,True,0.8947368421052632,True,alta,True
T19,2020Q3,1.321,3,2020,1.3105,True,0.21052631578947367,False,media,True
T19,2020Q4,1.303,4,2020,1.279,True,1.0,True,alta,True
T19,2021Q1,1.196,1,2021,1.2165,False,0.8947368421052632,True,media,True
T19,2021Q2,1.199,2,2021,1.189,True,0.8947368421052632,True,alta,True
T19,2021Q3,1.226,3,2021,1.3105,False,0.21052631578947367,False,sin alerta,False
T19,2021Q4,1.276,4,2021,1.279,False,1.0,True,media,True
T19,2022Q1,1.117,1,2022,1.2165,False,0.8947368421052632,True,media,True
T19,2022Q2,1.131,2,2022,1.189,False,0.8947368421052632,True,media,True
T19,2022Q3,1.272,3,2022,1.3105,False,0.21052631578947367,False,sin alerta,True
T19,2022Q4,1.23,4,2022,1.279,False,1.0,True,media,True
T19,2023Q1,1.195,1,2023,1.2165,False,0.8947368421052632,True,media,True
T19,2023Q2,1.143,2,2023,1.189,False,0.8947368421052632,True,media,False
T19,2023Q3,1.317,3,2023,1.3105,True,0.21052631578947367,False,media,False
T19,2023Q4,1.228,4,2023,1.279,False,1.0,True,media,True
T19,2024Q1,1.225,1,2024,1.2165,True,0.8947368421052632,True,alta,True
T19,2024Q2,1.199,2,2024,1.189,True,0.8947368421052632,True,alta,True
T19,2024Q3,1.325,3,2024,1.3105,True,0.21052631578947367,False,media,False
T19,2024Q4,1.279,4,2024,1.279,False,1.0,True,media,True
T19,2025Q1,1.215,1,2025,1.2165,False,0.8947368421052632,True,media,
T20,2000Q1,1.102,1,2000,1.1789999999999998,False,0.42105263157894735,False,sin alerta,False
T20,2000Q2,1.109,2,2000,1.156,False,0.15789473684210525,False,sin alerta,True
T20,2000Q3,1.241,3,2000,1.2785,False,0.0,False,sin alerta,False
T20,2000Q4,1.144,4,2000,1.246,False,0.42105263157894735,False,sin alerta,True
T20,2001Q1,1.166,1,2001,1.1789999999999998,False,0.42105263157894735,False,sin alerta,True
T20,2001Q2,1.156,2,2001,1.156,False,0.15789473684210525,False,sin alerta,False
T20,2001Q3,1.302,3,2001,1.2785,True,0.0,False,media,False
T20,2001Q4,1.255,4,2001,1.246,True,0.42105263157894735,False,media,False
T20,2002Q1,1.198,1,2002,1.1789999999999998,True,0.42105263157894735,False,media,False
T20,2002Q2,1.158,2,2002,1.156,True,0.15789473684210525,False,media,False
T20,2002Q3,1.262,3,2002,1.2785,False,0.0,False,sin alerta,False
T20,2002Q4,1.303,4,2002,1.246,True,0.42105263157894735,False,media,True
T20,2003Q1,1.168,1,2003,1.1789999999999998,False,0.42105263157894735,False,sin alerta,False
T20,2003Q2,1.167,2,2003,1.156,True,0.15789473684210525,False,media,True
T20,2003Q3,1.25,3,2003,1.2785,False,0.0,False,sin alerta,False
T20,2003Q4,1.223,4,2003,1.246,False,0.42105263157894735,False,sin alerta,False
T20,2004Q1,1.075,1,2004,1.1789999999999998,False,0.42105263157894735,False,sin alerta,True
T20,2004Q2,1.125,2,2004,1.156,False,0.15789473684210525,False,sin alerta,False
T20,2004Q3,1.193,3,2004,1.2785,False,0.0,False,sin alerta,False
T20,2004Q4,1.163,4,2004,1.246,False,0.42105263157894735,False,sin alerta,True
T20,2005Q1,1.159,1,2005,1.1789999999999998,False,0.42105263157894735,False,sin alerta,False
T20,2005Q2,1.119,2,2005,1.156,False,0.15789473684210525,False,sin alerta,False
T20,2005Q3,1.263,3,2005,1.2785,False,0.0,False,sin alerta,False
T20,2005Q4,1.211,4,2005,1.246,False,0.42105263157894735,False,sin alerta,False
T20,2006Q1,1.195,1,2006,1.1789999999999998,True,0.42105263157894735,False,media,False
T20,2006Q2,1.119,2,2006,1.156,False,0.15789473684210525,False,sin alerta,False
T20,2006Q3,1.276,3,2006,1.2785,False,0.0,False,sin alerta,False
T20,2006Q4,1.258,4,2006,1.246,True,0.42105263157894735,False,media,False
T20,2007Q1,1.192,1,2007,1.1789999999999998,True,0.42105263157894735,False,media,False
T20,2007Q2,1.156,2,2007,1.156,False,0.15789473684210525,False,sin alerta,False
T20,2007Q3,1.251,3,2007,1.2785,False,0.0,False,sin alerta,False
T20,2007Q4,1.183,4,2007,1.246,False,0.42105263157894735,False,sin alerta,False
T20,2008Q1,1.1,1,2008,1.1789999999999998,False,0.42105263157894735,False,sin alerta,True
T20,2008Q2,1.14,2,2008,1.156,False,0.15789473684210525,False,sin alerta,True
T20,2008Q3,1.188,3,2008,1.2785,False,0.0,False,sin alerta,False
T20,2008Q4,1.151,4,2008,1.246,False,0.42105263157894735,False,sin alerta,True
T20,2009Q1,1.124,1,2009,1.1789999999999998,False,0.42105263157894735,False,sin alerta,True
T20,2009Q2,1.074,2,2009,1.156,False,0.15789473684210525,False,sin alerta,False
T20,2009Q3,1.252,3,2009,1.2785,False,0.0,False,sin alerta,False
T20,2009Q4,1.141,4,2009,1.246,False,0.42105263157894735,False,sin alerta,True
T20,2010Q1,1.161,1,2010,1.1789999999999998,False,0.42105263157894735,False,sin alerta,True
T20,2010Q2,1.081,2,2010,1.156,False,0.15789473684210525,False,sin alerta,False
T20,2010Q3,1.3,3,2010,1.2785,True,0.0,False,media,False
T20,2010Q4,1.242,4,2010,1.246,False,0.42105263157894735,False,sin alerta,True
T20,2011Q1,1.18,1,2011,1.1789999999999998,True,0.42105263157894735,False,media,False
T20,2011Q2,1.147,2,2011,1.156,False,0.15789473684210525,False,sin alerta,False
T20,2011Q3,1.283,3,2011,1.2785,True,0.0,False,media,False
T20,2011Q4,1.197,4,2011,1.246,False,0.42105263157894735,False,sin alerta,False
T20,2012Q1,1.138,1,2012,1.1789999999999998,False,0.42105263157894735,False,sin alerta,False
T20,2012Q2,1.15,2,2012,1.156,False,0.15789473684210525,False,sin alerta,False
T20,2012Q3,1.223,3,2012,1.2785,False,0.0,False,sin alerta,False
T20,2012Q4,1.214,4,2012,1.246,False,0.42105263157894735,False,sin alerta,False
T20,2013Q1,1.112,1,2013,1.1789999999999998,False,0.42105263157894735,False,sin alerta,True
T20,2013Q2,1.132,2,2013,1.156,False,0.15789473684210525,False,sin alerta,False
T20,2013Q3,1.221,3,2013,1.2785,False,0.0,False,sin alerta,False
T20,2013Q4,1.145,4,2013,1.246,False,0.42105263157894735,False,sin alerta,True
T20,2014Q1,1.178,1,2014,1.1789999999999998,False,0.42105263157894735,False,sin alerta,True
T20,2014Q2,1.108,2,2014,1.156,False,0.15789473684210525,False,sin alerta,False
T20,2014Q3,1.281,3,2014,1.2785,True,0.0,False,media,False
T20,2014Q4,1.25,4,2014,1.246,True,0.42105263157894735,False,media,True
T20,2015Q1,1.211,1,2015,1.1789999999999998,True,0.42105263157894735,False,media,False
T20,2015Q2,1.156,2,2015,1.156,False,0.15789473684210525,False,sin alerta,False
T20,2015Q3,1.296,3,2015,1.2785,True,0.0,False,media,False
T20,2015Q4,1.237,4,2015,1.246,False,0.42105263157894735,False,sin alerta,False
T20,2016Q1,1.177,1,2016,1.1789999999999998,False,0.42105263157894735,False,sin alerta,False
T20,2016Q2,1.206,2,2016,1.156,True,0.15789473684210525,False,media,False
T20,2016Q3,1.249,3,2016,1.2785,False,0.0,False,sin alerta,False
T20,2016Q4,1.263,4,2016,1.246,True,0.42105263157894735,False,media,False
T20,2017Q1,1.149,1,2017,1.1789999999999998,False,0.42105263157894735,False,sin alerta,False
T20,2017Q2,1.158,2,2017,1.156,True,0.15789473684210525,False,media,False
T20,2017Q3,1.193,3,2017,1.2785,False,0.0,False,sin alerta,False
T20,2017Q4,1.195,4,2017,1.246,False,0.42105263157894735,False,sin alerta,False
T20,2018Q1,1.128,1,2018,1.1789999999999998,False,0.42105263157894735,False,sin alerta,True
T20,2018Q2,1.128,2,2018,1.156,False,0.15789473684210525,False,sin alerta,False
T20,2018Q3,1.271,3,2018,1.2785,False,0.0,False,sin alerta,False
T20,2018Q4,1.218,4,2018,1.246,False,0.42105263157894735,False,sin alerta,False
T20,2019Q1,1.191,1,2019,1.1789999999999998,True,0.42105263157894735,False,media,False
T20,2019Q2,1.163,2,2019,1.156,True,0.15789473684210525,False,media,False
T20,2019Q3,1.306,3,2019,1.2785,True,0.0,False,media,False
T20,2019Q4,1.217,4,2019,1.246,False,0.42105263157894735,False,sin alerta,True
T20,2020Q1,1.16,1,2020,1.1789999999999998,False,0.42105263157894735,False,sin alerta,False
T20,2020Q2,1.21,2,2020,1.156,True,0.15789473684210525,False,media,False
T20,2020Q3,1.287,3,2020,1.2785,True,0.0,False,media,False
T20,2020Q4,1.273,4,2020,1.246,True,0.42105263157894735,False,media,False
T20,2021Q1,1.157,1,2021,1.1789999999999998,False,0.42105263157894735,False,sin alerta,False
T20,2021Q2,1.163,2,2021,1.156,True,0.15789473684210525,False,media,False
T20,2021Q3,1.194,3,2021,1.2785,False,0.0,False,sin alerta,False
T20,2021Q4,1.242,4,2021,1.246,False,0.42105263157894735,False,sin alerta,False
T20,2022Q1,1.092,1,2022,1.1789999999999998,False,0.42105263157894735,False,sin alerta,False
T20,2022Q2,1.094,2,2022,1.156,False,0.15789473684210525,False,sin alerta,True
T20,2022Q3,1.24,3,2022,1.2785,False,0.0,False,sin alerta,False
T20,2022Q4,1.198,4,2022,1.246,False,0.42105263157894735,False,sin alerta,True
T20,2023Q1,1.168,1,2023,1.1789999999999998,False,0.42105263157894735,False,sin alerta,False
T20,2023Q2,1.107,2,2023,1.156,False,0.15789473684210525,False,sin alerta,False
T20,2023Q3,1.284,3,2023,1.2785,True,0.0,False,media,False
T20,2023Q4,1.201,4,2023,1.246,False,0.42105263157894735,False,sin alerta,True
T20,2024Q1,1.193,1,2024,1.1789999999999998,True,0.42105263157894735,False,media,True
T20,2024Q2,1.172,2,2024,1.156,True,0.15789473684210525,False,media,False
T20,2024Q3,1.288,3,2024,1.2785,True,0.0,False,media,False
T20,2024Q4,1.243,4,2024,1.246,False,0.42105263157894735,False,sin alerta,True
T20,2025Q1,1.183,1,2025,1.1789999999999998,True,0.42105263157894735,False,media,
T21,2000Q1,1.062,1,2000,1.136,False,0.8947368421052632,True,media,False
T21,2000Q2,1.071,2,2000,1.115,False,0.8947368421052632,True,media,True
T21,2000Q3,1.203,3,2000,1.2375,False,0.21052631578947367,False,sin alerta,False
T21,2000Q4,1.109,4,2000,1.2065000000000001,False,1.0,True,media,True
T21,2001Q1,1.124,1,2001,1.136,False,0.8947368421052632,True,media,True
T21,2001Q2,1.115,2,2001,1.115,False,0.8947368421052632,True,media,False
T21,2001Q3,1.261,3,2001,1.2375,True,0.21052631578947367,False,media,True
T21,2001Q4,1.215,4,2001,1.2065000000000001,True,1.0,True,alta,True
T21,2002Q1,1.156,1,2002,1.136,True,0.8947368421052632,True,alta,True
T21,2002Q2,1.117,2,2002,1.115,True,0.8947368421052632,True,alta,True
T21,2002Q3,1.222,3,2002,1.2375,False,0.21052631578947367,False,sin alerta,True
T21,2002Q4,1.261,4,2002,1.2065000000000001,True,1.0,True,alta,True
T21,2003Q1,1.126,1,2003,1.136,False,0.8947368421052632,True,media,True
T21,2003Q2,1.126,2,2003,1.115,True,0.8947368421052632,True,alta,True
T21,2003Q3,1.211,3,2003,1.2375,False,0.21052631578947367,False,sin alerta,False
T21,2003Q4,1.183,4,2003,1.2065000000000001,False,1.0,True,media,True
T21,2004Q1,1.037,1,2004,1.136,False,0.8947368421052632,True,media,True
T21,2004Q2,1.085,2,2004,1.115,False,0.8947368421052632,True,media,True
T21,2004Q3,1.156,3,2004,1.2375,False,0.21052631578947367,False,sin alerta,False
T21,2004Q4,1.127,4,2004,1.2065000000000001,False,1.0,True,media,True
T21,2005Q1,1.118,1,2005,1.136,False,0.8947368421052632,True,media,True
T21,2005Q2,1.081,2,2005,1.115,False,0.8947368421052632,True,media,True
T21,2005Q3,1.222,3,2005,1.2375,False,0.21052631578947367,False,sin alerta,False
T21,2005Q4,1.172,4,2005,1.2065000000000001,False,1.0,True,media,True
T21,2006Q1,1.152,1,2006,1.136,True,0.8947368421052632,True,alta,True
T21,2006Q2,1.08,2,2006,1.115,False,0.8947368421052632,True,media,True
T21,2006Q3,1.236,3,2006,1.2375,False,0.21052631578947367,False,sin alerta,False
T21,2006Q4,1.217,4,2006,1.2065000000000001,True,1.0,True,alta,True
T21,2007Q1,1.149,1,2007,1.136,True,0.8947368421052632,True,alta,True
T21,2007Q2,1.114,2,2007,1.115,False,0.8947368421052632,True,media,True
T21,2007Q3,1.212,3,2007,1.2375,False,0.21052631578947367,False,sin alerta,False
T21,2007Q4,1.143,4,2007,1.2065000000000001,False,1.0,True,media,True
T21,2008Q1,1.06,1,2008,1.136,False,0.8947368421052632,True,media,True
T21,2008Q2,1.099,2,2008,1.115,False,0.8947368421052632,True,media,True
T21,2008Q3,1.152,3,2008,1.2375,False,0.21052631578947367,False,sin alerta,False
T21,2008Q4,1.115,4,2008,1.2065000000000001,False,1.0,True,media,True
T21,2009Q1,1.083,1,2009,1.136,False,0.8947368421052632,True,media,True
T21,2009Q2,1.036,2,2009,1.115,False,0.8947368421052632,True,media,False
T21,2009Q3,1.213,3,2009,1.2375,False,0.21052631578947367,False,sin alerta,False
T21,2009Q4,1.106,4,2009,1.2065000000000001,False,1.0,True,media,True
T21,2010Q1,1.119,1,2010,1.136,False,0.8947368421052632,True,media,True
T21,2010Q2,1.042,2,2010,1.115,False,0.8947368421052632,True,media,True
T21,2010Q3,1.258,3,2010,1.2375,True,0.21052631578947367,False,media,False
T21,2010Q4,1.203,4,2010,1.2065000000000001,False,1.0,True,media,True
T21,2011Q1,1.136,1,2011,1.136,False,0.8947368421052632,True,media,True
T21,2011Q2,1.104,2,2011,1.115,False,0.8947368421052632,True,media,True
T21,2011Q3,1.241,3,2011,1.2375,True,0.21052631578947367,False,media,False
T21,2011Q4,1.159,4,2011,1.2065000000000001,False,1.0,True,media,True
T21,2012Q1,1.097,1,2012,1.136,False,0.8947368421052632,True,media,False
T21,2012Q2,1.107,2,2012,1.115,False,0.8947368421052632,True,media,True
T21,2012Q3,1.184,3,2012,1.2375,False,0.21052631578947367,False,sin alerta,False
T21,2012Q4,1.174,4,2012,1.2065000000000001,False,1.0,True,media,True
T21,2013Q1,1.074,1,2013,1.136,False,0.8947368421052632,True,media,True
T21,2013Q2,1.096,2,2013,1.115,False,0.8947368421052632,True,media,True
T21,2013Q3,1.183,3,2013,1.2375,False,0.21052631578947367,False,sin alerta,True
T21,2013Q4,1.109,4,2013,1.2065000000000001,False,1.0,True,media,True
T21,2014Q1,1.136,1,2014,1.136,False,0.8947368421052632,True,media,True
T21,2014Q2,1.067,2,2014,1.115,False,0.8947368421052632,True,media,True
T21,2014Q3,1.239,3,2014,1.2375,True,0.21052631578947367,False,media,True
T21,2014Q4,1.21,4,2014,1.2065000000000001,True,1.0,True,alta,True
T21,2015Q1,1.167,1,2015,1.136,True,0.8947368421052632,True,alta,True
T21,2015Q2,1.115,2,2015,1.115,False,0.8947368421052632,True,media,True
T21,2015Q3,1.254,3,2015,1.2375,True,0.21052631578947367,False,media,False
T21,2015Q4,1.196,4,2015,1.2065000000000001,False,1.0,True,media,True
T21,2016Q1,1.134,1,2016,1.136,False,0.8947368421052632,True,media,True
T21,2016Q2,1.162,2,2016,1.115,True,0.8947368421052632,True,alta,True
T21,2016Q3,1.21,3,2016,1.2375,False,0.21052631578947367,False,sin alerta,False
T21,2016Q4,1.221,4,2016,1.2065000000000001,True,1.0,True,alta,True
T21,2017Q1,1.108,1,2017,1.136,False,0.8947368421052632,True,media,True
T21,2017Q2,1.118,2,2017,1.115,True,0.8947368421052632,True,alta,True
T21,2017Q3,1.157,3,2017,1.2375,False,0.21052631578947367,False,sin alerta,False
T21,2017Q4,1.158,4,2017,1.2065000000000001,False,1.0,True,media,True
T21,2018Q1,1.087,1,2018,1.136,False,0.8947368421052632,True,media,True
T21,2018Q2,1.088,2,2018,1.115,False,0.8947368421052632,True,media,True
T21,2018Q3,1.232,3,2018,1.2375,False,0.21052631578947367,False,sin alerta,False
T21,2018Q4,1.18,4,2018,1.2065000000000001,False,1.0,True,media,True
T21,2019Q1,1.148,1,2019,1.136,True,0.8947368421052632,True,alta,True
T21,2019Q2,1.122,2,2019,1.115,True,0.8947368421052632,True,alta,True
T21,2019Q3,1.265,3,2019,1.2375,True,0.21052631578947367,False,media,False
T21,2019Q4,1.179,4,2019,1.2065000000000001,False,1.0,True,media,True
T21,2020Q1,1.119,1,2020,1.136,False,0.8947368421052632,True,media,True
T21,2020Q2,1.166,2,2020,1.115,True,0.8947368421052632,True,alta,True
T21,2020Q3,1.247,3,2020,1.2375,True,0.21052631578947367,False,media,True
T21,2020Q4,1.232,4,2020,1.2065000000000001,True,1.0,True,alta,True
T21,2021Q1,1.114,1,2021,1.136,False,0.8947368421052632,True,media,True
T21,2021Q2,1.121,2,2021,1.115,True,0.8947368421052632,True,alta,True
T21,2021Q3,1.157,3,2021,1.2375,False,0.21052631578947367,False,sin alerta,False
T21,2021Q4,1.203,4,2021,1.2065000000000001,False,1.0,True,media,True
T21,2022Q1,1.054,1,2022,1.136,False,0.8947368421052632,True,media,True
T21,2022Q2,1.054,2,2022,1.115,False,0.8947368421052632,True,media,True
T21,2022Q3,1.202,3,2022,1.2375,False,0.21052631578947367,False,sin alerta,True
T21,2022Q4,1.162,4,2022,1.2065000000000001,False,1.0,True,media,True
T21,2023Q1,1.126,1,2023,1.136,False,0.8947368421052632,True,media,True
T21,2023Q2,1.067,2,2023,1.115,False,0.8947368421052632,True,media,False
T21,2023Q3,1.243,3,2023,1.2375,True,0.21052631578947367,False,media,False
T21,2023Q4,1.162,4,2023,1.2065000000000001,False,1.0,True,media,True
T21,2024Q1,1.15,1,2024,1.136,True,0.8947368421052632,True,alta,True
T21,2024Q2,1.129,2,2024,1.115,True,0.8947368421052632,True,alta,True
T21,2024Q3,1.247,3,2024,1.2375,True,0.21052631578947367,False,media,False
T21,2024Q4,1.202,4,2024,1.2065000000000001,False,1.0,True,media,True
T21,2025Q1,1.141,1,2025,1.136,True,0.8947368421052632,True,alta,
T22,2000Q1,0.945,1,2000,1.0114999999999998,False,0.8947368421052632,True,media,False
T22,2000Q2,0.959,2,2000,0.992,False,0.7894736842105263,True,media,True
T22,2000Q3,1.06,3,2000,1.0945,False,0.15789473684210525,False,sin alerta,False
T22,2000Q4,0.994,4,2000,1.0775000000000001,False,1.0,True,media,True
T22,2001Q1,0.985,1,2001,1.0114999999999998,False,0.8947368421052632,True,media,True
T22,2001Q2,0.994,2,2001,0.992,True,0.7894736842105263,True,alta,False
T22,2001Q3,1.118,3,2001,1.0945,True,0.15789473684210525,False,media,False
T22,2001Q4,1.083,4,2001,1.0775000000000001,True,1.0,True,alta,True
T22,2002Q1,1.018,1,2002,1.0114999999999998,True,0.8947368421052632,True,alta,True
T22,2002Q2,1.002,2,2002,0.992,True,0.7894736842105263,True,alta,True
T22,2002Q3,1.087,3,2002,1.0945,False,0.15789473684210525,False,sin alerta,True
T22,2002Q4,1.123,4,2002,1.0775000000000001,True,1.0,True,alta,True
T22,2003Q1,0.997,1,2003,1.0114999999999998,False,0.8947368421052632,True,media,True
T22,2003Q2,1.005,2,2003,0.992,True,0.7894736842105263,True,alta,True
T22,2003Q3,1.084,3,2003,1.0945,False,0.15789473684210525,False,sin alerta,False
T22,2003Q4,1.057,4,2003,1.0775000000000001,False,1.0,True,media,True
T22,2004Q1,0.918,1,2004,1.0114999999999998,False,0.8947368421052632,True,media,True
T22,2004Q2,0.963,2,2004,0.992,False,0.7894736842105263,True,media,True
T22,2004Q3,1.024,3,2004,1.0945,False,0.15789473684210525,False,sin alerta,False
T22,2004Q4,1.013,4,2004,1.0775000000000001,False,1.0,True,media,True
T22,2005Q1,0.986,1,2005,1.0114999999999998,False,0.8947368421052632,True,media,True
T22,2005Q2,0.956,2,2005,0.992,False,0.7894736842105263,True,media,True
T22,2005Q3,1.089,3,2005,1.0945,False,0.15789473684210525,False,sin alerta,False
T22,2005Q4,1.051,4,2005,1.0775000000000001,False,1.0,True,media,True
T22,2006Q1,1.017,1,2006,1.0114999999999998,True,0.8947368421052632,True,alta,True
T22,2006Q2,0.954,2,2006,0.992,False,0.7894736842105263,True,media,True
T22,2006Q3,1.086,3,2006,1.0945,False,0.15789473684210525,False,sin alerta,False
T22,2006Q4,1.088,4,2006,1.0775000000000001,True,1.0,True,alta,True
T22,2007Q1,1.021,1,2007,1.0114999999999998,True,0.8947368421052632,True,alta,True
T22,2007Q2,0.99,2,2007,0.992,False,0.7894736842105263,True,media,False
T22,2007Q3,1.076,3,2007,1.0945,False,0.15789473684210525,False,sin alerta,False
T22,2007Q4,1.03,4,2007,1.0775000000000001,False,1.0,True,media,True
T22,2008Q1,0.947,1,2008,1.0114999999999998,False,0.8947368421052632,True,media,True
T22,2008Q2,0.979,2,2008,0.992,False,0.7894736842105263,True,media,True
T22,2008Q3,1.018,3,2008,1.0945,False,0.15789473684210525,False,sin alerta,False
T22,2008Q4,1.002,4,2008,1.0775000000000001,False,1.0,True,media,True
T22,2009Q1,0.959,1,2009,1.0114999999999998,False,0.8947368421052632,True,media,True
T22,2009Q2,0.92,2,2009,0.992,False,0.7894736842105263,True,media,False
T22,2009Q3,1.068,3,2009,1.0945,False,0.15789473684210525,False,sin alerta,False
T22,2009Q4,0.988,4,2009,1.0775000000000001,False,1.0,True,media,True
T22,2010Q1,0.996,1,2010,1.0114999999999998,False,0.8947368421052632,True,media,True
T22,2010Q2,0.926,2,2010,0.992,False,0.7894736842105263,True,media,True
T22,2010Q3,1.111,3,2010,1.0945,True,0.15789473684210525,False,media,False
T22,2010Q4,1.068,4,2010,1.0775000000000001,False,1.0,True,media,True
T22,2011Q1,1.014,1,2011,1.0114999999999998,True,0.8947368421052632,True,alta,True
T22,2011Q2,0.987,2,2011,0.992,False,0.7894736842105263,True,media,True
T22,2011Q3,1.1,3,2011,1.0945,True,0.15789473684210525,False,media,False
T22,2011Q4,1.033,4,2011,1.0775000000000001,False,1.0,True,media,True
T22,2012Q1,0.968,1,2012,1.0114999999999998,False,0.8947368421052632,True,media,False
T22,2012Q2,0.991,2,2012,0.992,False,0.7894736842105263,True,media,True
T22,2012Q3,1.058,3,2012,1.0945,False,0.15789473684210525,False,sin alerta,False
T22,2012Q4,1.047,4,2012,1.0775000000000001,False,1.0,True,media,True
T22,2013Q1,0.946,1,2013,1.0114999999999998,False,0.8947368421052632,True,media,True
T22,2013Q2,0.967,2,2013,0.992,False,0.7894736842105263,True,media,True
T22,2013Q3,1.048,3,2013,1.0945,False,0.15789473684210525,False,sin alerta,True
T22,2013Q4,0.996,4,2013,1.0775000000000001,False,1.0,True,media,True
T22,2014Q1,1.001,1,2014,1.0114999999999998,False,0.8947368421052632,True,media,True
T22,2014Q2,0.955,2,2014,0.992,False,0.7894736842105263,True,media,True
T22,2014Q3,1.103,3,2014,1.0945,True,0.15789473684210525,False,media,True
T22,2014Q4,1.081,4,2014,1.0775000000000001,True,1.0,True,alta,True
T22,2015Q1,1.03,1,2015,1.0114999999999998,True,0.8947368421052632,True,alta,True
T22,2015Q2,0.987,2,2015,0.992,False,0.7894736842105263,True,media,True
T22,2015Q3,1.122,3,2015,1.0945,True,0.15789473684210525,False,media,False
T22,2015Q4,1.074,4,2015,1.0775000000000001,False,1.0,True,media,True
T22,2016Q1,1.009,1,2016,1.0114999999999998,False,0.8947368421052632,True,media,True
T22,2016Q2,1.029,2,2016,0.992,True,0.7894736842105263,True,alta,True
T22,2016Q3,1.071,3,2016,1.0945,False,0.15789473684210525,False,sin alerta,False
T22,2016Q4,1.097,4,2016,1.0775000000000001,True,1.0,True,alta,True
T22,2017Q1,0.989,1,2017,1.0114999999999998,False,0.8947368421052632,True,media,True
T22,2017Q2,0.993,2,2017,0.992,True,0.7894736842105263,True,alta,False
T22,2017Q3,1.013,3,2017,1.0945,False,0.15789473684210525,False,sin alerta,False
T22,2017Q4,1.032,4,2017,1.0775000000000001,False,1.0,True,media,True
T22,2018Q1,0.966,1,2018,1.0114999999999998,False,0.8947368421052632,True,media,True
T22,2018Q2,0.962,2,2018,0.992,False,0.7894736842105263,True,media,True
T22,2018Q3,1.083,3,2018,1.0945,False,0.15789473684210525,False,sin alerta,False
T22,2018Q4,1.048,4,2018,1.0775000000000001,False,1.0,True,media,True
T22,2019Q1,1.022,1,2019,1.0114999999999998,True,0.8947368421052632,True,alta,True
T22,2019Q2,1.002,2,2019,0.992,True,0.7894736842105263,True,alta,True
T22,2019Q3,1.117,3,2019,1.0945,True,0.15789473684210525,False,media,False
T22,2019Q4,1.05,4,2019,1.0775000000000001,False,1.0,True,media,True
T22,2020Q1,0.995,1,2020,1.0114999999999998,False,0.8947368421052632,True,media,False
T22,2020Q2,1.04,2,2020,0.992,True,0.7894736842105263,True,alta,True
T22,2020Q3,1.108,3,2020,1.0945,True,0.15789473684210525,False,media,True
T22,2020Q4,1.092,4,2020,1.0775000000000001,True,1.0,True,alta,True
T22,2021Q1,0.999,1,2021,1.0114999999999998,False,0.8947368421052632,True,media,True
T22,2021Q2,1.002,2,2021,0.992,True,0.7894736842105263,True,alta,True
T22,2021Q3,1.027,3,2021,1.0945,False,0.15789473684210525,False,sin alerta,False
T22,2021Q4,1.074,4,2021,1.0775000000000001,False,1.0,True,media,True
T22,2022Q1,0.923,1,2022,1.0114999999999998,False,0.8947368421052632,True,media,False
T22,2022Q2,0.948,2,2022,0.992,False,0.7894736842105263,True,media,True
T22,2022Q3,1.064,3,2022,1.0945,False,0.15789473684210525,False,sin alerta,False
T22,2022Q4,1.036,4,2022,1.0775000000000001,False,1.0,True,media,True
T22,2023Q1,0.987,1,2023,1.0114999999999998,False,0.8947368421052632,True,media,True
T22,2023Q2,0.957,2,2023,0.992,False,0.7894736842105263,True,media,True
T22,2023Q3,1.104,3,2023,1.0945,True,0.15789473684210525,False,media,False
T22,2023Q4,1.031,4,2023,1.0775000000000001,False,1.0,True,media,True
T22,2024Q1,1.016,1,2024,1.0114999999999998,True,0.8947368421052632,True,alta,True
T22,2024Q2,0.99,2,2024,0.992,False,0.7894736842105263,True,media,True
T22,2024Q3,1.113,3,2024,1.0945,True,0.15789473684210525,False,media,False
T22,2024Q4,1.078,4,2024,1.0775000000000001,True,1.0,True,alta,True
T22,2025Q1,1.008,1,2025,1.0114999999999998,False,0.8947368421052632,True,media,
T23,2000Q1,0.715,1,2000,0.764,False,0.8947368421052632,True,media,False
T23,2000Q2,0.735,2,2000,0.7565,False,0.7368421052631579,True,media,True
T23,2000Q3,0.826,3,2000,0.8494999999999999,False,0.15789473684210525,False,sin alerta,False
T23,2000Q4,0.776,4,2000,0.8374999999999999,False,1.0,True,media,True
T23,2001Q1,0.738,1,2001,0.764,False,0.8947368421052632,True,media,True
T23,2001Q2,0.758,2,2001,0.7565,True,0.7368421052631579,True,alta,False
T23,2001Q3,0.867,3,2001,0.8494999999999999,True,0.15789473684210525,False,media,False
T23,2001Q4,0.842,4,2001,0.8374999999999999,True,1.0,True,alta,True
T23,2002Q1,0.774,1,2002,0.764,True,0.8947368421052632,True,alta,True
T23,2002Q2,0.766,2,2002,0.7565,True,0.7368421052631579,True,alta,True
T23,2002Q3,0.839,3,2002,0.8494999999999999,False,0.15789473684210525,False,sin alerta,True
T23,2002Q4,0.873,4,2002,0.8374999999999999,True,1.0,True,alta,True
T23,2003Q1,0.751,1,2003,0.764,False,0.8947368421052632,True,media,True
T23,2003Q2,0.769,2,2003,0.7565,True,0.7368421052631579,True,alta,True
T23,2003Q3,0.842,3,2003,0.8494999999999999,False,0.15789473684210525,False,sin alerta,False
T23,2003Q4,0.824,4,2003,0.8374999999999999,False,1.0,True,media,True
T23,2004Q1,0.692,1,2004,0.764,False,0.8947368421052632,True,media,True
T23,2004Q2,0.732,2,2004,0.7565,False,0.7368421052631579,True,media,True
T23,2004Q3,0.8,3,2004,0.8494999999999999,False,0.15789473684210525,False,sin alerta,False
T23,2004Q4,0.792,4,2004,0.8374999999999999,False,1.0,True,media,True
T23,2005Q1,0.741,1,2005,0.764,False,0.8947368421052632,True,media,True
T23,2005Q2,0.724,2,2005,0.7565,False,0.7368421052631579,True,media,True
T23,2005Q3,0.846,3,2005,0.8494999999999999,False,0.15789473684210525,False,sin alerta,False
T23,2005Q4,0.818,4,2005,0.8374999999999999,False,1.0,True,media,True
T23,2006Q1,0.769,1,2006,0.764,True,0.8947368421052632,True,alta,True
T23,2006Q2,0.725,2,2006,0.7565,False,0.7368421052631579,True,media,True
T23,2006Q3,0.836,3,2006,0.8494999999999999,False,0.15789473684210525,False,sin alerta,False
T23,2006Q4,0.848,4,2006,0.8374999999999999,True,1.0,True,alta,True
T23,2007Q1,0.771,1,2007,0.764,True,0.8947368421052632,True,alta,True
T23,2007Q2,0.752,2,2007,0.7565,False,0.7368421052631579,True,media,False
T23,2007Q3,0.836,3,2007,0.8494999999999999,False,0.15789473684210525,False,sin alerta,False
T23,2007Q4,0.8,4,2007,0.8374999999999999,False,1.0,True,media,True
T23,2008Q1,0.715,1,2008,0.764,False,0.8947368421052632,True,media,True
T23,2008Q2,0.745,2,2008,0.7565,False,0.7368421052631579,True,media,True
T23,2008Q3,0.79,3,2008,0.8494999999999999,False,0.15789473684210525,False,sin alerta,False
T23,2008Q4,0.782,4,2008,0.8374999999999999,False,1.0,True,media,True
T23,2009Q1,0.724,1,2009,0.764,False,0.8947368421052632,True,media,True
T23,2009Q2,0.698,2,2009,0.7565,False,0.7368421052631579,True,media,False
T23,2009Q3,0.821,3,2009,0.8494999999999999,False,0.15789473684210525,False,sin alerta,False
T23,2009Q4,0.77,4,2009,0.8374999999999999,False,1.0,True,media,True
T23,2010Q1,0.751,1,2010,0.764,False,0.8947368421052632,True,media,True
T23,2010Q2,0.706,2,2010,0.7565,False,0.7368421052631579,True,media,True
T23,2010Q3,0.858,3,2010,0.8494999999999999,True,0.15789473684210525,False,media,False
T23,2010Q4,0.828,4,2010,0.8374999999999999,False,1.0,True,media,True
T23,2011Q1,0.768,1,2011,0.764,True,0.8947368421052632,True,alta,True
T23,2011Q2,0.751,2,2011,0.7565,False,0.7368421052631579,True,media,True
T23,2011Q3,0.854,3,2011,0.8494999999999999,True,0.15789473684210525,False,media,False
T23,2011Q4,0.799,4,2011,0.8374999999999999,False,1.0,True,media,True
T23,2012Q1,0.727,1,2012,0.764,False,0.8947368421052632,True,media,False
T23,2012Q2,0.755,2,2012,0.7565,False,0.7368421052631579,True,media,True
T23,2012Q3,0.819,3,2012,0.8494999999999999,False,0.15789473684210525,False,sin alerta,False
T23,2012Q4,0.815,4,2012,0.8374999999999999,False,1.0,True,media,True
T23,2013Q1,0.707,1,2013,0.764,False,0.8947368421052632,True,media,True
T23,2013Q2,0.732,2,2013,0.7565,False,0.7368421052631579,True,media,True
T23,2013Q3,0.813,3,2013,0.8494999999999999,False,0.15789473684210525,False,sin alerta,True
T23,2013Q4,0.776,4,2013,0.8374999999999999,False,1.0,True,media,True
T23,2014Q1,0.75,1,2014,0.764,False,0.8947368421052632,True,media,True
T23,2014Q2,0.726,2,2014,0.7565,False,0.7368421052631579,True,media,True
T23,2014Q3,0.853,3,2014,0.8494999999999999,True,0.15789473684210525,False,media,True
T23,2014Q4,0.84,4,2014,0.8374999999999999,True,1.0,True,alta,True
T23,2015Q1,0.777,1,2015,0.764,True,0.8947368421052632,True,alta,True
T23,2015Q2,0.749,2,2015,0.7565,False,0.7368421052631579,True,media,False
T23,2015Q3,0.871,3,2015,0.8494999999999999,True,0.15789473684210525,False,media,False
T23,2015Q4,0.835,4,2015,0.8374999999999999,False,1.0,True,media,True
T23,2016Q1,0.76,1,2016,0.764,False,0.8947368421052632,True,media,True
T23,2016Q2,0.781,2,2016,0.7565,True,0.7368421052631579,True,alta,True
T23,2016Q3,0.829,3,2016,0.8494999999999999,False,0.15789473684210525,False,sin alerta,False
T23,2016Q4,0.855,4,2016,0.8374999999999999,True,1.0,True,alta,True
T23,2017Q1,0.751,1,2017,0.764,False,0.8947368421052632,True,media,True
T23,2017Q2,0.758,2,2017,0.7565,True,0.7368421052631579,True,alta,False
T23,2017Q3,0.784,3,2017,0.8494999999999999,False,0.15789473684210525,False,sin alerta,False
T23,2017Q4,0.804,4,2017,0.8374999999999999,False,1.0,True,media,True
T23,2018Q1,0.727,1,2018,0.764,False,0.8947368421052632,True,media,True
T23,2018Q2,0.729,2,2018,0.7565,False,0.7368421052631579,True,media,True
T23,2018Q3,0.837,3,2018,0.8494999999999999,False,0.15789473684210525,False,sin alerta,False
T23,2018Q4,0.819,4,2018,0.8374999999999999,False,1.0,True,media,True
T23,2019Q1,0.774,1,2019,0.764,True,0.8947368421052632,True,alta,True
T23,2019Q2,0.764,2,2019,0.7565,True,0.7368421052631579,True,alta,False
T23,2019Q3,0.867,3,2019,0.8494999999999999,True,0.15789473684210525,False,media,False
T23,2019Q4,0.818,4,2019,0.8374999999999999,False,1.0,True,media,True
T23,2020Q1,0.751,1,2020,0.764,False,0.8947368421052632,True,media,False
T23,2020Q2,0.793,2,2020,0.7565,True,0.7368421052631579,True,alta,True
T23,2020Q3,0.857,3,2020,0.8494999999999999,True,0.15789473684210525,False,media,True
T23,2020Q4,0.85,4,2020,0.8374999999999999,True,1.0,True,alta,True
T23,2021Q1,0.76,1,2021,0.764,False,0.8947368421052632,True,media,True
T23,2021Q2,0.767,2,2021,0.7565,True,0.7368421052631579,True,alta,True
T23,2021Q3,0.795,3,2021,0.8494999999999999,False,0.15789473684210525,False,sin alerta,False
T23,2021Q4,0.836,4,2021,0.8374999999999999,False,1.0,True,media,True
T23,2022Q1,0.69,1,2022,0.764,False,0.8947368421052632,True,media,False
T23,2022Q2,0.726,2,2022,0.7565,False,0.7368421052631579,True,media,True
T23,2022Q3,0.825,3,2022,0.8494999999999999,False,0.15789473684210525,False,sin alerta,False
T23,2022Q4,0.807,4,2022,0.8374999999999999,False,1.0,True,media,True
T23,2023Q1,0.742,1,2023,0.764,False,0.8947368421052632,True,media,True
T23,2023Q2,0.73,2,2023,0.7565,False,0.7368421052631579,True,media,True
T23,2023Q3,0.858,3,2023,0.8494999999999999,True,0.15789473684210525,False,media,False
T23,2023Q4,0.801,4,2023,0.8374999999999999,False,1.0,True,media,True
T23,2024Q1,0.763,1,2024,0.764,False,0.8947368421052632,True,media,True
T23,2024Q2,0.755,2,2024,0.7565,False,0.7368421052631579,True,media,True
T23,2024Q3,0.862,3,2024,0.8494999999999999,True,0.15789473684210525,False,media,False
T23,2024Q4,0.837,4,2024,0.8374999999999999,False,1.0,True,media,True
T23,2025Q1,0.763,1,2025,0.764,False,0.8947368421052632,True,media,
