fecha,estacion_redmar,nivel
2007-11-27,Huelva,-5.7571
2007-11-28,Huelva,-4.9101
2007-11-29,Huelva,-5.0007
2007-11-30,Huelva,-5.0039
2007-12-01,Huelva,-5.0532
2007-12-02,Huelva,-5.1042
2007-12-03,Huelva,-5.149
2007-12-04,Huelva,-5.1741
2007-12-05,Huelva,-5.2182
2007-12-06,Huelva,-5.2273
2007-12-07,Huelva,-5.2416
2007-12-08,Huelva,-5.2256
2007-12-09,Huelva,-5.2014
2007-12-10,Huelva,-5.1986
2007-12-11,Huelva,-5.1753
2007-12-12,Huelva,-5.1576
2007-12-13,Huelva,-5.099
2007-12-14,Huelva,-5.0697
2007-12-15,Huelva,-5.0415
2007-12-16,Huelva,-5.0437
2007-12-17,Huelva,-5.1599
2007-12-19,Huelva,-4.7036
2007-12-20,Huelva,-4.8604
2007-12-21,Huelva,-4.8753
2007-12-22,Huelva,-4.9663
2007-12-23,Huelva,-5.0362
2008-01-01,Huelva,-5.1627
2008-01-02,Huelva,-5.0769
2008-01-03,Huelva,-5.0016
2008-01-04,Huelva,-5.0716
2008-01-05,Huelva,-5.1306
2008-01-06,Huelva,-5.1942
2008-01-07,Huelva,-5.1988
2008-01-08,Huelva,-5.149
2008-01-09,Huelva,-5.125
2008-01-10,Huelva,-5.1092
2008-01-11,Huelva,-5.0978
2008-01-12,Huelva,-5.1583
2008-01-13,Huelva,-5.0359
2008-01-14,Huelva,-5.0527
2008-01-15,Huelva,-5.0989
2008-01-16,Huelva,-5.153
2008-01-17,Huelva,-5.2084
2008-01-18,Huelva,-5.2278
2008-01-19,Huelva,-5.1923
2008-01-20,Huelva,-5.1807
2008-01-21,Huelva,-5.1925
2008-01-22,Huelva,-5.2049
2008-01-23,Huelva,-5.1863
2008-01-24,Huelva,-5.1227
2008-01-25,Huelva,-5.1183
2008-01-26,Huelva,-5.1256
2008-01-27,Huelva,-5.1256
2008-01-28,Huelva,-5.1323
2008-01-29,Huelva,-5.1254
2008-01-30,Huelva,-5.1529
2008-01-31,Huelva,-5.162
2008-02-01,Huelva,-5.1106
2008-02-02,Huelva,-5.1075
2008-02-03,Huelva,-5.0782
2008-02-04,Huelva,-5.1824
2008-02-05,Huelva,-5.1965
2008-02-06,Huelva,-5.2076
2008-02-07,Huelva,-5.152
2008-02-08,Huelva,-5.1097
2008-02-09,Huelva,-5.0459
2008-02-10,Huelva,-5.0216
2008-02-11,Huelva,-4.9851
2008-02-12,Huelva,-4.9294
2008-02-13,Huelva,-4.9239
2008-02-14,Huelva,-4.9256
2008-02-15,Huelva,-5.0264
2008-02-16,Huelva,-5.0698
2008-02-17,Huelva,-4.969
2008-02-18,Huelva,-4.9942
2008-02-19,Huelva,-5.0628
2008-02-20,Huelva,-5.1293
2008-02-21,Huelva,-5.1356
2008-02-22,Huelva,-5.0743
2008-02-23,Huelva,-4.9836
2008-02-24,Huelva,-5.0142
2008-02-25,Huelva,-5.0119
2008-02-26,Huelva,-5.0863
2008-02-27,Huelva,-5.0858
2008-02-28,Huelva,-5.134
2008-02-29,Huelva,-5.1645
2008-03-01,Huelva,-5.1777
2008-03-02,Huelva,-5.1458
2008-03-03,Huelva,-5.13
2008-03-04,Huelva,-5.1497
2008-03-05,Huelva,-5.2775
2008-03-06,Huelva,-5.217
2008-03-07,Huelva,-5.2045
2008-03-08,Huelva,-5.2034
2008-03-09,Huelva,-5.1876
2008-03-10,Huelva,-5.1906
2008-03-11,Huelva,-5.186
2008-03-12,Huelva,-5.1431
2008-03-13,Huelva,-5.1011
2008-03-14,Huelva,-5.0379
2008-03-15,Huelva,-5.1143
2008-03-16,Huelva,-5.1848
2008-03-17,Huelva,-5.1797
2008-03-18,Huelva,-5.1366
2008-03-19,Huelva,-5.0738
2008-03-20,Huelva,-5.0492
2008-03-21,Huelva,-5.1121
2008-03-22,Huelva,-5.1261
2008-03-23,Huelva,-5.1443
2008-03-24,Huelva,-5.1414
2008-03-25,Huelva,-5.1617
2008-03-26,Huelva,-5.2238
2008-03-27,Huelva,-5.2472
2008-03-28,Huelva,-5.2206
2008-03-29,Huelva,-5.1403
2008-03-30,Huelva,-5.2059
2008-03-31,Huelva,-5.3028
2008-04-01,Huelva,-5.2578
2008-04-02,Huelva,-5.2067
2008-04-03,Huelva,-5.1905
2008-04-04,Huelva,-5.1673
2008-04-05,Huelva,-5.0912
2008-04-06,Huelva,-5.043
2008-04-07,Huelva,-4.973
2008-04-08,Huelva,-4.8809
2008-04-09,Huelva,-4.8301
2008-04-10,Huelva,-4.775
2008-04-11,Huelva,-4.9834
2008-04-12,Huelva,-5.055
2008-04-13,Huelva,-5.1277
2008-04-14,Huelva,-5.1452
2008-04-15,Huelva,-5.1161
2008-04-16,Huelva,-5.0637
2008-04-17,Huelva,-5.0722
2008-04-18,Huelva,-5.0319
2008-04-19,Huelva,-4.9267
2008-04-20,Huelva,-5.0082
2008-04-21,Huelva,-5.1034
2008-04-22,Huelva,-5.1192
2008-04-23,Huelva,-5.125
2008-04-24,Huelva,-5.139
2008-04-25,Huelva,-5.0892
2008-04-26,Huelva,-5.0486
2008-04-27,Huelva,-5.0673
2008-04-28,Huelva,-5.0778
2008-04-29,Huelva,-5.1078
2008-04-30,Huelva,-5.1124
2008-05-01,Huelva,-5.0923
2008-05-02,Huelva,-5.1135
2008-05-03,Huelva,-5.1074
2008-05-04,Huelva,-5.1485
2008-05-05,Huelva,-5.1376
2008-05-06,Huelva,-5.0563
2008-05-07,Huelva,-4.9825
2008-05-08,Huelva,-4.9834
2008-05-09,Huelva,-5.0429
2008-05-10,Huelva,-5.072
2008-05-11,Huelva,-5.1248
2008-05-12,Huelva,-5.1378
2008-05-13,Huelva,-5.1404
2008-05-14,Huelva,-5.1717
2008-05-15,Huelva,-5.1312
2008-05-16,Huelva,-5.0827
2008-05-17,Huelva,-5.0991
2008-05-18,Huelva,-5.1601
2008-05-19,Huelva,-5.1232
2008-05-20,Huelva,-5.0948
2008-05-21,Huelva,-5.109
2008-05-22,Huelva,-5.1148
2008-05-23,Huelva,-5.0584
2008-05-24,Huelva,-5.0548
2008-05-25,Huelva,-4.9955
2008-05-26,Huelva,-5.0378
2008-05-27,Huelva,-5.0309
2008-05-28,Huelva,-5.11
2008-05-29,Huelva,-5.1007
2008-05-30,Huelva,-5.1029
2008-05-31,Huelva,-5.1218
2008-06-01,Huelva,-5.1654
2008-06-02,Huelva,-5.2139
2008-06-03,Huelva,-5.2217
2008-06-04,Huelva,-5.178
2008-06-05,Huelva,-5.1526
2008-06-06,Huelva,-5.1144
2008-06-07,Huelva,-5.0689
2008-06-08,Huelva,-5.044
2008-06-09,Huelva,-5.0452
2008-06-10,Huelva,-5.0729
2008-06-11,Huelva,-5.0998
2008-06-12,Huelva,-5.1236
2008-06-13,Huelva,-5.1279
2008-06-14,Huelva,-5.1192
2008-06-15,Huelva,-5.1305
2008-06-16,Huelva,-5.1181
2008-06-17,Huelva,-5.1036
2008-06-18,Huelva,-5.0956
2008-06-19,Huelva,-5.084
2008-06-20,Huelva,-5.0547
2008-06-21,Huelva,-5.0164
2008-06-22,Huelva,-4.9663
2008-06-23,Huelva,-4.9453
2008-06-24,Huelva,-4.9987
2008-06-25,Huelva,-4.9927
2008-06-26,Huelva,-5.0015
2008-06-27,Huelva,-5.0232
2008-06-28,Huelva,-5.0283
2008-06-29,Huelva,-5.031
2008-06-30,Huelva,-5.0473
2008-07-01,Huelva,-5.063
2008-07-02,Huelva,-5.0714
2008-07-03,Huelva,-5.1114
2008-07-04,Huelva,-5.0465
2008-07-05,Huelva,-5.0396
2008-07-06,Huelva,-5.0421
2008-07-07,Huelva,-5.05
2008-07-08,Huelva,-5.0616
2008-07-09,Huelva,-5.0671
2008-07-10,Huelva,-5.0656
2008-07-11,Huelva,-5.0931
2008-07-12,Huelva,-5.1371
2008-07-13,Huelva,-5.1596
2008-07-14,Huelva,-5.1511
2008-07-15,Huelva,-5.1414
2008-07-16,Huelva,-5.1135
2008-07-17,Huelva,-5.0841
2008-07-18,Huelva,-5.0143
2008-07-19,Huelva,-4.9502
2008-07-20,Huelva,-5.0333
2008-07-21,Huelva,-5.0425
2008-07-22,Huelva,-5.0566
2008-07-23,Huelva,-5.0436
2008-07-24,Huelva,-5.0574
2008-07-25,Huelva,-5.1066
2008-07-26,Huelva,-5.1112
2008-07-27,Huelva,-5.1391
2008-07-28,Huelva,-5.1418
2008-07-29,Huelva,-5.1501
2008-07-30,Huelva,-5.1556
2008-07-31,Huelva,-5.1793
2008-08-01,Huelva,-5.1885
2008-08-02,Huelva,-5.1279
2008-08-03,Huelva,-5.0882
2008-08-04,Huelva,-5.0446
2008-08-05,Huelva,-5.0403
2008-08-06,Huelva,-5.0465
2008-08-07,Huelva,-5.0938
2008-08-08,Huelva,-5.116
2008-08-09,Huelva,-5.0843
2008-08-10,Huelva,-5.0606
2008-08-11,Huelva,-5.0787
2008-08-12,Huelva,-5.1019
2008-08-13,Huelva,-5.1363
2008-08-14,Huelva,-5.1517
2008-08-15,Huelva,-5.176
2008-08-16,Huelva,-5.1438
2008-08-17,Huelva,-5.0996
2008-08-18,Huelva,-5.067
2008-08-19,Huelva,-5.1009
2008-08-20,Huelva,-5.091
2008-08-21,Huelva,-5.0769
2008-08-22,Huelva,-5.0908
2008-08-23,Huelva,-5.0962
2008-08-24,Huelva,-5.0891
2008-08-25,Huelva,-5.098
2008-08-26,Huelva,-5.1082
2008-08-27,Huelva,-5.1014
2008-08-28,Huelva,-5.064
2008-08-29,Huelva,-5.0431
2008-08-30,Huelva,-5.1064
2008-08-31,Huelva,-5.1208
2008-09-01,Huelva,-5.1116
2008-09-02,Huelva,-5.1041
2008-09-03,Huelva,-5.076
2008-09-04,Huelva,-5.065
2008-09-05,Huelva,-5.0696
2008-09-06,Huelva,-5.0465
2008-09-07,Huelva,-5.0347
2008-09-08,Huelva,-5.0193
2008-09-09,Huelva,-5.0008
2008-09-10,Huelva,-5.0253
2008-09-11,Huelva,-5.0524
2008-09-12,Huelva,-5.1225
2008-09-13,Huelva,-5.1124
2008-09-14,Huelva,-5.1044
2008-09-15,Huelva,-5.0814
2008-09-16,Huelva,-5.045
2008-09-17,Huelva,-5.0087
2008-09-18,Huelva,-5.0098
2008-09-19,Huelva,-5.0067
2008-09-20,Huelva,-4.9763
2008-09-21,Huelva,-4.943
2008-09-22,Huelva,-4.9482
2008-09-23,Huelva,-4.9622
2008-09-24,Huelva,-5.0133
2008-09-25,Huelva,-5.0568
2008-09-26,Huelva,-5.0571
2008-09-27,Huelva,-5.0209
2008-09-28,Huelva,-4.9615
2008-09-29,Huelva,-4.9619
2008-09-30,Huelva,-4.977
2008-10-01,Huelva,-4.9843
2008-10-02,Huelva,-5.0152
2008-10-03,Huelva,-5.0279
2008-10-04,Huelva,-5.0295
2008-10-05,Huelva,-5.0172
2008-10-06,Huelva,-5.006
2008-10-07,Huelva,-5.0444
2008-10-08,Huelva,-5.0868
2008-10-09,Huelva,-5.0956
2008-10-10,Huelva,-5.0144
2008-10-11,Huelva,-4.9679
2008-10-12,Huelva,-5.0373
2008-10-13,Huelva,-5.0782
2008-10-14,Huelva,-5.0927
2008-10-15,Huelva,-5.0814
2008-10-16,Huelva,-5.0533
2008-10-17,Huelva,-5.0367
2008-10-18,Huelva,-4.9879
2008-10-19,Huelva,-4.9439
2008-10-20,Huelva,-4.9321
2008-10-21,Huelva,-4.9476
2008-10-22,Huelva,-4.9681
2008-10-23,Huelva,-4.9814
2008-10-24,Huelva,-5.0367
2008-10-25,Huelva,-5.0584
2008-10-26,Huelva,-5.0722
2008-10-27,Huelva,-5.0349
2008-10-28,Huelva,-5.0673
2008-10-29,Huelva,-5.1003
2008-10-30,Huelva,-5.027
2008-10-31,Huelva,-4.8354
2008-11-01,Huelva,-4.8508
2008-11-02,Huelva,-4.868
2008-11-03,Huelva,-4.9012
2008-11-04,Huelva,-4.9638
2008-11-05,Huelva,-5.0192
2008-11-06,Huelva,-5.0645
2008-11-07,Huelva,-5.0767
2008-11-08,Huelva,-5.1063
2008-11-09,Huelva,-5.1372
2008-11-10,Huelva,-5.1131
2008-11-11,Huelva,-5.0841
2008-11-12,Huelva,-5.1405
2008-11-13,Huelva,-5.1509
2008-11-14,Huelva,-5.1293
2008-11-15,Huelva,-5.0941
2008-11-16,Huelva,-5.0518
2008-11-17,Huelva,-5.0636
2008-11-18,Huelva,-5.0224
2008-11-19,Huelva,-4.9942
2008-11-20,Huelva,-4.9991
2008-11-21,Huelva,-5.0373
2008-11-22,Huelva,-5.0755
2008-11-23,Huelva,-5.0628
2008-11-24,Huelva,-5.0777
2008-11-25,Huelva,-5.0631
2008-11-26,Huelva,-5.0808
2008-11-27,Huelva,-5.0381
2008-11-28,Huelva,-5.0369
2008-11-29,Huelva,-5.0541
2008-11-30,Huelva,-4.9809
2008-12-01,Huelva,-5.0441
2008-12-02,Huelva,-5.1353
2008-12-03,Huelva,-5.1316
2008-12-04,Huelva,-5.1459
2008-12-05,Huelva,-5.0938
2008-12-06,Huelva,-5.1054
2008-12-07,Huelva,-5.1037
2008-12-08,Huelva,-5.0731
2008-12-09,Huelva,-5.1092
2008-12-10,Huelva,-5.1557
2008-12-11,Huelva,-5.2005
2008-12-12,Huelva,-5.2097
2008-12-13,Huelva,-5.0962
2008-12-14,Huelva,-5.1008
2008-12-15,Huelva,-5.144
2008-12-16,Huelva,-5.0869
2008-12-17,Huelva,-5.1533
2008-12-18,Huelva,-5.1488
2008-12-19,Huelva,-5.1866
2008-12-20,Huelva,-5.2086
2008-12-21,Huelva,-5.1948
2008-12-22,Huelva,-5.1407
2008-12-23,Huelva,-5.1286
2008-12-24,Huelva,-5.1342
2008-12-25,Huelva,-5.1097
2008-12-26,Huelva,-5.0858
2008-12-27,Huelva,-4.9426
2008-12-28,Huelva,-4.8879
2008-12-29,Huelva,-5.0157
2008-12-30,Huelva,-4.9809
2008-12-31,Huelva,-4.9357
2009-01-01,Huelva,-5.0137
2009-01-02,Huelva,-5.0045
2009-01-03,Huelva,-5.0165
2009-01-04,Huelva,-5.0849
2009-01-05,Huelva,-5.0705
2009-01-06,Huelva,-5.0931
2009-01-07,Huelva,-5.105
2009-01-08,Huelva,-5.1353
2009-01-09,Huelva,-5.1704
2009-01-10,Huelva,-5.1837
2009-01-11,Huelva,-5.226
2009-01-12,Huelva,-5.2039
2009-01-13,Huelva,-5.1375
2009-01-14,Huelva,-5.1457
2009-01-15,Huelva,-4.9989
2009-01-16,Huelva,-5.0294
2009-01-17,Huelva,-5.1143
2009-01-18,Huelva,-5.1529
2009-01-19,Huelva,-5.1294
2009-01-20,Huelva,-5.2154
2009-01-21,Huelva,-5.2774
2009-01-22,Huelva,-5.2002
2009-01-23,Huelva,-5.2157
2009-01-24,Huelva,-5.1907
2009-01-25,Huelva,-5.1167
2009-01-26,Huelva,-5.209
2009-01-27,Huelva,-5.2228
2009-01-28,Huelva,-5.2101
2009-01-29,Huelva,-5.158
2009-01-30,Huelva,-4.9922
2009-01-31,Huelva,-5.0895
2009-02-01,Huelva,-4.6948
2009-02-02,Huelva,-4.7777
2009-02-03,Huelva,-4.8686
2009-02-04,Huelva,-4.8713
2009-02-05,Huelva,-4.7829
2009-02-06,Huelva,-4.9622
2009-02-07,Huelva,-5.0692
2009-02-08,Huelva,-5.2007
2009-02-09,Huelva,-5.1787
2009-02-10,Huelva,-5.1758
2009-02-11,Huelva,-5.1776
2009-02-12,Huelva,-5.14
2009-02-13,Huelva,-5.0558
2009-02-14,Huelva,-5.0228
2009-02-15,Huelva,-5.0021
2009-02-16,Huelva,-5.0061
2009-02-17,Huelva,-5.0968
2009-02-18,Huelva,-5.1359
2009-02-19,Huelva,-5.1525
2009-02-20,Huelva,-5.1457
2009-02-21,Huelva,-5.1577
2009-02-22,Huelva,-5.1993
2009-02-23,Huelva,-5.154
2009-02-24,Huelva,-5.1187
2009-02-25,Huelva,-5.1049
2009-02-26,Huelva,-5.0346
2009-02-27,Huelva,-5.0374
2009-02-28,Huelva,-5.0177
2009-03-01,Huelva,-5.0285
2009-03-02,Huelva,-5.0253
2009-03-03,Huelva,-5.0126
2009-03-04,Huelva,-5.0938
2009-03-05,Huelva,-5.1743
2009-03-06,Huelva,-5.2341
2009-03-07,Huelva,-5.2031
2009-03-08,Huelva,-5.1618
2009-03-09,Huelva,-5.1699
2009-03-10,Huelva,-5.1644
2009-03-11,Huelva,-5.1188
2009-03-12,Huelva,-5.0881
2009-03-13,Huelva,-5.0455
2009-03-14,Huelva,-5.0624
2009-03-15,Huelva,-5.0431
2009-03-16,Huelva,-4.9945
2009-03-17,Huelva,-4.9313
2009-03-18,Huelva,-4.9653
2009-03-19,Huelva,-5.0076
2009-03-20,Huelva,-5.0716
2009-03-21,Huelva,-5.0779
2009-03-22,Huelva,-5.0689
2009-03-23,Huelva,-5.0202
2009-03-24,Huelva,-5.0204
2009-03-25,Huelva,-5.065
2009-03-26,Huelva,-5.0459
2009-03-27,Huelva,-5.0205
2009-03-28,Huelva,-5.0034
2009-03-29,Huelva,-5.0402
2009-03-30,Huelva,-5.0642
2009-03-31,Huelva,-5.0273
2009-04-01,Huelva,-5.0569
2009-04-02,Huelva,-5.0869
2009-04-03,Huelva,-5.132
2009-04-04,Huelva,-5.1686
2009-04-05,Huelva,-5.1797
2009-04-06,Huelva,-5.1477
2009-04-07,Huelva,-5.2352
2009-04-08,Huelva,-5.2017
2009-04-09,Huelva,-5.1238
2009-04-10,Huelva,-5.1405
2009-04-11,Huelva,-5.1696
2009-04-12,Huelva,-5.1695
2009-04-13,Huelva,-5.1386
2009-04-14,Huelva,-5.0748
2009-04-15,Huelva,-5.0688
2009-04-16,Huelva,-5.0893
2009-04-17,Huelva,-5.1238
2009-04-18,Huelva,-5.1216
2009-04-19,Huelva,-5.1929
2009-04-20,Huelva,-5.2228
2009-04-21,Huelva,-5.2333
2009-04-22,Huelva,-5.2289
2009-04-23,Huelva,-5.0736
2009-04-24,Huelva,-5.142
2009-04-25,Huelva,-5.2047
2009-04-26,Huelva,-5.1517
2009-04-27,Huelva,-5.1803
2009-04-28,Huelva,-5.1627
2009-04-29,Huelva,-5.1785
2009-04-30,Huelva,-5.1761
2009-05-01,Huelva,-5.1807
2009-05-02,Huelva,-5.128
2009-05-03,Huelva,-5.0838
2009-05-04,Huelva,-5.1431
2009-05-05,Huelva,-5.1491
2009-05-06,Huelva,-5.1337
2009-05-07,Huelva,-5.0968
2009-05-08,Huelva,-5.0575
2009-05-09,Huelva,-4.9955
2009-05-10,Huelva,-4.9826
2009-05-11,Huelva,-4.9953
2009-05-12,Huelva,-5.0161
2009-05-13,Huelva,-5.0497
2009-05-14,Huelva,-5.0704
2009-05-15,Huelva,-5.1081
2009-05-16,Huelva,-5.0898
2009-05-17,Huelva,-5.1332
2009-05-18,Huelva,-5.1543
2009-05-19,Huelva,-5.1407
2009-05-20,Huelva,-5.0802
2009-05-21,Huelva,-5.1256
2009-05-22,Huelva,-5.1039
2009-05-23,Huelva,-5.1025
2009-05-24,Huelva,-5.0894
2009-05-25,Huelva,-5.111
2009-05-26,Huelva,-5.1062
2009-05-27,Huelva,-5.0583
2009-05-28,Huelva,-4.9495
2009-05-29,Huelva,-4.8951
2009-05-30,Huelva,-4.9585
2009-05-31,Huelva,-5.0082
2009-06-01,Huelva,-5.0459
2009-06-02,Huelva,-5.0925
2009-06-03,Huelva,-5.0723
2009-06-04,Huelva,-5.0738
2009-06-05,Huelva,-5.0695
2009-06-06,Huelva,-5.0694
2009-06-07,Huelva,-5.0624
2009-06-08,Huelva,-5.0472
2009-06-09,Huelva,-5.0601
2009-06-10,Huelva,-5.057
2009-06-11,Huelva,-5.0436
2009-06-12,Huelva,-4.9958
2009-06-13,Huelva,-4.9701
2009-06-14,Huelva,-4.9558
2009-06-15,Huelva,-4.9813
2009-06-16,Huelva,-4.9825
2009-06-17,Huelva,-4.9614
2009-06-18,Huelva,-4.9545
2009-06-19,Huelva,-5.0043
2009-06-20,Huelva,-5.0038
2009-06-21,Huelva,-5.0006
2009-06-22,Huelva,-5.0125
2009-06-23,Huelva,-5.0223
2009-06-24,Huelva,-5.0066
2009-06-25,Huelva,-5.0228
2009-06-26,Huelva,-5.0077
2009-06-27,Huelva,-5.0085
2009-06-28,Huelva,-5.0352
2009-06-29,Huelva,-5.0605
2009-06-30,Huelva,-5.1053
2009-07-01,Huelva,-5.0928
2009-07-02,Huelva,-5.0989
2009-07-03,Huelva,-5.0949
2009-07-04,Huelva,-5.0896
2009-07-05,Huelva,-5.0963
2009-07-06,Huelva,-5.1155
2009-07-07,Huelva,-5.103
2009-07-08,Huelva,-5.0775
2009-07-09,Huelva,-5.0676
2009-07-10,Huelva,-5.0638
2009-07-11,Huelva,-5.0679
2009-07-12,Huelva,-5.0368
2009-07-13,Huelva,-5.0134
2009-07-14,Huelva,-5.08
2009-07-15,Huelva,-5.0794
2009-07-16,Huelva,-5.0918
2009-07-17,Huelva,-5.1727
2009-07-18,Huelva,-5.1527
2009-07-19,Huelva,-5.1184
2009-07-20,Huelva,-5.078
2009-07-21,Huelva,-5.0102
2009-07-22,Huelva,-5.0523
2009-07-23,Huelva,-5.0636
2009-07-24,Huelva,-5.0909
2009-07-25,Huelva,-5.0696
2009-07-26,Huelva,-5.0436
2009-07-27,Huelva,-5.0664
2009-07-28,Huelva,-5.0693
2009-07-29,Huelva,-5.1224
2009-07-30,Huelva,-5.1452
2009-07-31,Huelva,-5.136
2009-08-01,Huelva,-5.128
2009-08-02,Huelva,-5.1135
2009-08-03,Huelva,-5.0841
2009-08-04,Huelva,-5.0563
2009-08-05,Huelva,-5.0437
2009-08-06,Huelva,-5.0795
2009-08-07,Huelva,-5.0919
2009-08-08,Huelva,-5.0768
2009-08-09,Huelva,-5.0172
2009-08-10,Huelva,-5.0088
2009-08-11,Huelva,-5.013
2009-08-12,Huelva,-5.0012
2009-08-13,Huelva,-4.9754
2009-08-14,Huelva,-4.9576
2009-08-15,Huelva,-4.9426
2009-08-16,Huelva,-4.9751
2009-08-17,Huelva,-5.0028
2009-08-18,Huelva,-5.0342
2009-08-19,Huelva,-5.0169
2009-08-20,Huelva,-5.1903
2009-08-21,Huelva,-5.0454
2009-08-22,Huelva,-4.9862
2009-08-23,Huelva,-4.9334
2009-08-24,Huelva,-4.9528
2009-08-25,Huelva,-5.0176
2009-08-26,Huelva,-5.0526
2009-08-27,Huelva,-5.0357
2009-08-28,Huelva,-5.035
2009-08-29,Huelva,-5.0168
2009-08-30,Huelva,-4.9723
2009-08-31,Huelva,-4.9746
2009-09-01,Huelva,-5.0288
2009-09-02,Huelva,-5.0765
2009-09-03,Huelva,-5.0999
2009-09-04,Huelva,-5.0849
2009-09-05,Huelva,-5.0774
2009-09-06,Huelva,-5.027
2009-09-07,Huelva,-4.9686
2009-09-08,Huelva,-4.9088
2009-09-09,Huelva,-4.8979
2009-09-10,Huelva,-4.9082
2009-09-11,Huelva,-4.9286
2009-09-12,Huelva,-4.9676
2009-09-13,Huelva,-4.9762
2009-09-14,Huelva,-4.9702
2009-09-15,Huelva,-4.972
2009-09-16,Huelva,-4.9741
2009-09-17,Huelva,-5.0354
2009-09-18,Huelva,-5.0796
2009-09-19,Huelva,-5.1321
2009-09-20,Huelva,-5.1253
2009-09-21,Huelva,-5.0828
2009-09-22,Huelva,-5.0439
2009-09-23,Huelva,-5.0269
2009-09-24,Huelva,-5.0145
2009-09-25,Huelva,-4.9772
2009-09-26,Huelva,-4.948
2009-09-27,Huelva,-4.9858
2009-09-28,Huelva,-4.9716
2009-09-29,Huelva,-4.9606
2009-09-30,Huelva,-4.9727
2009-10-01,Huelva,-5.0237
2009-10-02,Huelva,-5.0674
2009-10-03,Huelva,-5.0799
2009-10-04,Huelva,-5.0244
2009-10-05,Huelva,-4.9892
2009-10-06,Huelva,-4.9757
2009-10-07,Huelva,-4.9437
2009-10-08,Huelva,-4.9623
2009-10-09,Huelva,-4.9888
2009-10-10,Huelva,-4.9878
2009-10-11,Huelva,-4.9787
2009-10-12,Huelva,-4.976
2009-10-13,Huelva,-4.9721
2009-10-14,Huelva,-4.9486
2009-10-15,Huelva,-5.0013
2009-10-16,Huelva,-5.0069
2009-10-17,Huelva,-4.9758
2009-10-18,Huelva,-4.9829
2009-10-19,Huelva,-4.9309
2009-10-20,Huelva,-4.8577
2009-10-21,Huelva,-4.8794
2009-10-22,Huelva,-4.9594
2009-10-23,Huelva,-5.0436
2009-10-24,Huelva,-5.0513
2009-10-25,Huelva,-5.0091
2009-10-26,Huelva,-4.9612
2009-10-27,Huelva,-4.9317
2009-10-28,Huelva,-4.9057
2009-10-29,Huelva,-4.9527
2009-10-30,Huelva,-5.0232
2009-10-31,Huelva,-5.0743
2009-11-01,Huelva,-5.0868
2009-11-02,Huelva,-5.1224
2009-11-03,Huelva,-5.0915
2009-11-04,Huelva,-5.0527
2009-11-05,Huelva,-5.068
2009-11-06,Huelva,-5.0954
2009-11-07,Huelva,-5.1316
2009-11-08,Huelva,-5.1861
2009-11-09,Huelva,-5.1541
2009-11-10,Huelva,-5.1405
2009-11-11,Huelva,-5.1472
2009-11-12,Huelva,-5.1102
2009-11-13,Huelva,-5.1057
2009-11-14,Huelva,-5.0894
2009-11-15,Huelva,-5.0426
2009-11-16,Huelva,-5.001
2009-11-17,Huelva,-5.0209
2009-11-18,Huelva,-5.0632
2009-11-19,Huelva,-5.0584
2009-11-20,Huelva,-5.0654
2009-11-21,Huelva,-5.0107
2009-11-22,Huelva,-5.1416
2009-11-23,Huelva,-5.1453
2009-11-24,Huelva,-5.1457
2009-11-26,Huelva,-5.0027
2009-11-27,Huelva,-5.1014
2009-11-28,Huelva,-5.0786
2009-11-29,Huelva,-5.04
2009-11-30,Huelva,-5.1537
2009-12-01,Huelva,-5.1676
2009-12-02,Huelva,-5.1302
2009-12-03,Huelva,-5.1572
2009-12-04,Huelva,-5.1492
2009-12-05,Huelva,-5.1128
2009-12-06,Huelva,-5.0353
2009-12-07,Huelva,-5.0333
2009-12-08,Huelva,-5.0807
2009-12-09,Huelva,-5.0931
2009-12-10,Huelva,-5.0886
2009-12-11,Huelva,-5.0323
2009-12-12,Huelva,-5.0088
2009-12-13,Huelva,-4.9579
2009-12-14,Huelva,-5.0132
2009-12-15,Huelva,-5.0282
2009-12-16,Huelva,-4.945
2009-12-17,Huelva,-4.9978
2009-12-18,Huelva,-4.8433
2009-12-19,Huelva,-4.9017
2009-12-20,Huelva,-4.8516
2009-12-21,Huelva,-4.6563
2009-12-22,Huelva,-4.6863
2009-12-23,Huelva,-4.568
2009-12-24,Huelva,-4.5747
2009-12-25,Huelva,-4.6306
2009-12-26,Huelva,-4.7436
2009-12-27,Huelva,-4.8834
2009-12-28,Huelva,-4.8036
2009-12-29,Huelva,-4.7617
2009-12-30,Huelva,-4.7638
2009-12-31,Huelva,-4.8457
2010-01-01,Huelva,-4.9882
2010-01-02,Huelva,-4.9469
2010-01-03,Huelva,-4.8828
2010-01-04,Huelva,-4.7174
2010-01-05,Huelva,-4.8324
2010-01-06,Huelva,-4.8117
2010-01-07,Huelva,-4.8249
2010-01-08,Huelva,-5.0811
2010-01-09,Huelva,-5.0964
2010-01-10,Huelva,-4.9691
2010-01-11,Huelva,-5.0311
2010-01-12,Huelva,-5.024
2010-01-13,Huelva,-5.0021
2010-01-14,Huelva,-5.0678
2010-01-15,Huelva,-5.0392
2010-01-16,Huelva,-5.0463
2010-01-17,Huelva,-5.0422
2010-01-18,Huelva,-4.9838
2010-01-19,Huelva,-5.0391
2010-01-20,Huelva,-5.0592
2010-01-21,Huelva,-5.0579
2010-01-22,Huelva,-5.0057
2010-01-23,Huelva,-4.8431
2010-01-24,Huelva,-4.9794
2010-01-25,Huelva,-4.9933
2010-01-26,Huelva,-4.9954
2010-01-27,Huelva,-5.0325
2010-01-28,Huelva,-5.0832
2010-01-29,Huelva,-5.1099
2010-01-30,Huelva,-5.104
2010-01-31,Huelva,-5.0436
2010-02-01,Huelva,-5.0377
2010-02-02,Huelva,-5.0015
2010-02-03,Huelva,-4.8995
2010-02-04,Huelva,-4.9237
2010-02-05,Huelva,-5.031
2010-02-06,Huelva,-5.0643
2010-02-07,Huelva,-5.0268
2010-02-08,Huelva,-4.9976
2010-02-09,Huelva,-5.0721
2010-02-10,Huelva,-5.0081
2010-02-11,Huelva,-5.0964
2010-02-12,Huelva,-4.9657
2010-02-13,Huelva,-4.944
2010-02-14,Huelva,-4.8694
2010-02-15,Huelva,-4.6158
2010-02-16,Huelva,-4.576
2010-02-17,Huelva,-4.7123
2010-02-18,Huelva,-4.5968
2010-02-19,Huelva,-4.8045
2010-02-20,Huelva,-4.7852
2010-02-21,Huelva,-4.5809
2010-02-22,Huelva,-4.6358
2010-02-23,Huelva,-4.7853
2010-02-24,Huelva,-4.9163
2010-02-25,Huelva,-4.8611
2010-02-26,Huelva,-4.8846
2010-02-27,Huelva,-4.7138
2010-02-28,Huelva,-4.8861
2010-03-01,Huelva,-4.939
2010-03-02,Huelva,-4.687
2010-03-03,Huelva,-4.7496
2010-03-04,Huelva,-4.8284
2010-03-05,Huelva,-4.7749
2010-03-06,Huelva,-4.6273
2010-03-07,Huelva,-4.7906
2010-03-08,Huelva,-4.864
2010-03-09,Huelva,-4.9314
2010-03-10,Huelva,-4.9534
2010-03-11,Huelva,-4.9317
2010-03-12,Huelva,-5.0064
2010-03-13,Huelva,-5.0883
2010-03-14,Huelva,-5.1097
2010-03-15,Huelva,-5.0843
2010-03-16,Huelva,-4.9965
2010-03-17,Huelva,-5.0181
2010-03-18,Huelva,-4.9721
2010-03-19,Huelva,-4.9912
2010-03-20,Huelva,-4.9655
2010-03-21,Huelva,-4.9555
2010-03-22,Huelva,-5.0023
2010-03-23,Huelva,-4.8786
2010-03-24,Huelva,-4.9076
2010-03-25,Huelva,-4.995
2010-03-26,Huelva,-5.1131
2010-03-27,Huelva,-5.1764
2010-03-28,Huelva,-5.114
2010-03-29,Huelva,-5.0961
2010-03-30,Huelva,-5.171
2010-03-31,Huelva,-5.1679
2010-04-01,Huelva,-5.1393
2010-04-02,Huelva,-5.1243
2010-04-03,Huelva,-5.1225
2010-04-04,Huelva,-5.1598
2010-04-05,Huelva,-5.0468
2010-04-06,Huelva,-5.0575
2010-04-07,Huelva,-5.1411
2010-04-08,Huelva,-5.0994
2010-04-09,Huelva,-5.0443
2010-04-10,Huelva,-4.9899
2010-04-11,Huelva,-4.9658
2010-04-12,Huelva,-4.949
2010-04-13,Huelva,-4.9271
2010-04-14,Huelva,-4.8198
2010-04-15,Huelva,-4.7975
2010-04-16,Huelva,-4.8165
2010-04-17,Huelva,-4.8287
2010-04-18,Huelva,-4.8396
2010-04-19,Huelva,-4.9044
2010-04-20,Huelva,-4.8919
2010-04-21,Huelva,-4.8345
2010-04-22,Huelva,-4.8858
2010-04-23,Huelva,-4.9635
2010-04-24,Huelva,-5.0328
2010-04-25,Huelva,-5.0982
2010-04-26,Huelva,-5.116
2010-04-27,Huelva,-5.0724
2010-04-28,Huelva,-4.9892
2010-04-29,Huelva,-4.9461
2010-04-30,Huelva,-4.9682
2010-05-01,Huelva,-4.9976
2010-05-02,Huelva,-4.9861
2010-05-03,Huelva,-5.0388
2010-05-04,Huelva,-5.0935
2010-05-05,Huelva,-5.0766
2010-05-06,Huelva,-5.0256
2010-05-07,Huelva,-5.0203
2010-05-08,Huelva,-4.9818
2010-05-09,Huelva,-4.9555
2010-05-10,Huelva,-4.9758
2010-05-11,Huelva,-4.9813
2010-05-12,Huelva,-5.0568
2010-05-13,Huelva,-5.0715
2010-05-14,Huelva,-5.1556
2010-05-15,Huelva,-5.1631
2010-05-16,Huelva,-5.0944
2010-05-17,Huelva,-5.0607
2010-05-18,Huelva,-5.0628
2010-05-19,Huelva,-5.0258
2010-05-20,Huelva,-4.9691
2010-05-21,Huelva,-4.9242
2010-05-22,Huelva,-4.9509
2010-05-23,Huelva,-4.9733
2010-05-24,Huelva,-5.0349
2010-05-25,Huelva,-5.0998
2010-05-26,Huelva,-5.0939
2010-05-27,Huelva,-5.0954
2010-05-28,Huelva,-5.128
2010-05-29,Huelva,-5.1402
2010-05-30,Huelva,-5.1015
2010-05-31,Huelva,-5.0871
2010-06-01,Huelva,-5.0278
2010-06-02,Huelva,-4.9748
2010-06-03,Huelva,-4.984
2010-06-04,Huelva,-4.9842
2010-06-05,Huelva,-5.0087
2010-06-06,Huelva,-5.0618
2010-06-07,Huelva,-5.034
2010-06-08,Huelva,-5.0356
2010-06-09,Huelva,-4.9394
2010-06-10,Huelva,-4.9942
2010-06-11,Huelva,-5.0375
2010-06-12,Huelva,-5.028
2010-06-13,Huelva,-4.9982
2010-06-14,Huelva,-4.9362
2010-06-15,Huelva,-4.9099
2010-06-16,Huelva,-4.8905
2010-06-17,Huelva,-4.9166
2010-06-18,Huelva,-4.9634
2010-06-19,Huelva,-5.0317
2010-06-20,Huelva,-5.0175
2010-06-21,Huelva,-5.0181
2010-06-22,Huelva,-5.0584
2010-06-23,Huelva,-5.0508
2010-06-24,Huelva,-5.0168
2010-06-25,Huelva,-5.0101
2010-06-26,Huelva,-5.0066
2010-06-27,Huelva,-4.9894
2010-06-28,Huelva,-5.0144
2010-06-29,Huelva,-4.9817
2010-06-30,Huelva,-4.9005
2010-07-01,Huelva,-4.9631
2010-07-02,Huelva,-4.9175
2010-07-03,Huelva,-4.9489
2010-07-04,Huelva,-4.9379
2010-07-05,Huelva,-4.9543
2010-07-06,Huelva,-4.9548
2010-07-07,Huelva,-4.9265
2010-07-08,Huelva,-4.9643
2010-07-09,Huelva,-5.0202
2010-07-10,Huelva,-5.042
2010-07-11,Huelva,-5.0386
2010-07-12,Huelva,-5.0391
2010-07-13,Huelva,-5.0332
2010-07-14,Huelva,-5.0088
2010-07-15,Huelva,-5.0007
2010-07-16,Huelva,-5.0041
2010-07-17,Huelva,-4.9992
2010-07-18,Huelva,-5.0171
2010-07-19,Huelva,-5.0163
2010-07-20,Huelva,-5.0424
2010-07-21,Huelva,-5.0504
2010-07-22,Huelva,-5.0808
2010-07-23,Huelva,-5.0909
2010-07-24,Huelva,-5.0757
2010-07-25,Huelva,-5.0323
2010-07-26,Huelva,-4.9812
2010-07-27,Huelva,-4.9032
2010-07-28,Huelva,-4.8937
2010-07-29,Huelva,-4.9027
2010-07-30,Huelva,-4.8906
2010-07-31,Huelva,-4.9427
2010-08-01,Huelva,-4.939
2010-08-02,Huelva,-4.9537
2010-08-03,Huelva,-4.9565
2010-08-04,Huelva,-4.9686
2010-08-05,Huelva,-4.9553
2010-08-06,Huelva,-4.9461
2010-08-07,Huelva,-4.9178
2010-08-08,Huelva,-4.9369
2010-08-09,Huelva,-4.944
2010-08-10,Huelva,-4.9513
2010-08-11,Huelva,-4.9486
2010-08-12,Huelva,-4.9471
2010-08-13,Huelva,-4.9232
2010-08-14,Huelva,-4.9062
2010-08-15,Huelva,-4.9197
2010-08-16,Huelva,-4.9696
2010-08-17,Huelva,-4.9691
2010-08-18,Huelva,-4.9779
2010-08-19,Huelva,-4.9947
2010-08-20,Huelva,-5.0251
2010-08-21,Huelva,-4.9873
2010-08-22,Huelva,-4.9944
2010-08-23,Huelva,-5.011
2010-08-24,Huelva,-5.0183
2010-08-25,Huelva,-4.985
2010-08-26,Huelva,-4.9669
2010-08-27,Huelva,-4.9784
2010-08-28,Huelva,-4.9708
2010-08-29,Huelva,-4.9474
2010-08-30,Huelva,-4.889
2010-08-31,Huelva,-4.8104
2010-09-01,Huelva,-4.7808
2010-09-02,Huelva,-4.8955
2010-09-03,Huelva,-4.9268
2010-09-04,Huelva,-4.9586
2010-09-05,Huelva,-4.953
2010-09-06,Huelva,-4.9258
2010-09-07,Huelva,-4.9807
2010-09-08,Huelva,-5.0127
2010-09-09,Huelva,-5.0053
2010-09-10,Huelva,-4.9314
2010-09-11,Huelva,-4.873
2010-09-12,Huelva,-4.8599
2010-09-13,Huelva,-4.8993
2010-09-14,Huelva,-4.9483
2010-09-15,Huelva,-4.9208
2010-09-16,Huelva,-4.8912
2010-09-17,Huelva,-4.8763
2010-09-18,Huelva,-4.9208
2010-09-19,Huelva,-4.9258
2010-09-20,Huelva,-4.9224
2010-09-21,Huelva,-4.958
2010-09-22,Huelva,-4.9565
2010-09-23,Huelva,-4.9845
2010-09-24,Huelva,-4.9707
2010-09-25,Huelva,-4.9759
2010-09-26,Huelva,-4.9381
2010-09-27,Huelva,-4.9246
2010-09-28,Huelva,-4.9634
2010-09-29,Huelva,-4.9586
2010-09-30,Huelva,-4.9539
2010-10-01,Huelva,-4.9515
2010-10-02,Huelva,-4.9555
2010-10-03,Huelva,-4.9548
2010-10-04,Huelva,-5.021
2010-10-05,Huelva,-5.0186
2010-10-06,Huelva,-4.988
2010-10-07,Huelva,-4.9714
2010-10-08,Huelva,-4.8664
2010-10-09,Huelva,-4.8068
2010-10-10,Huelva,-4.7808
2010-10-11,Huelva,-4.7246
2010-10-12,Huelva,-4.7539
2010-10-13,Huelva,-4.8215
2010-10-14,Huelva,-4.8735
2010-10-15,Huelva,-4.883
2010-10-16,Huelva,-4.8903
2010-10-17,Huelva,-4.9528
2010-10-18,Huelva,-4.9423
2010-10-19,Huelva,-4.9507
2010-10-20,Huelva,-4.9287
2010-10-21,Huelva,-4.9141
2010-10-22,Huelva,-4.8994
2010-10-23,Huelva,-4.9053
2010-10-24,Huelva,-4.9359
2010-10-25,Huelva,-4.9774
2010-10-26,Huelva,-5.0016
2010-10-27,Huelva,-5.0086
2010-10-28,Huelva,-4.9794
2010-10-29,Huelva,-4.924
2010-10-30,Huelva,-4.9118
2010-10-31,Huelva,-5.0027
2010-11-01,Huelva,-5.0815
2010-11-02,Huelva,-5.0933
2010-11-03,Huelva,-5.1286
2010-11-04,Huelva,-5.1192
2010-11-05,Huelva,-5.0721
2010-11-06,Huelva,-5.0379
2010-11-07,Huelva,-5.0061
2010-11-08,Huelva,-4.9878
2010-11-09,Huelva,-4.9297
2010-11-10,Huelva,-4.9376
2010-11-11,Huelva,-4.973
2010-11-12,Huelva,-5.0128
2010-11-13,Huelva,-4.9457
2010-11-14,Huelva,-4.8733
2010-11-15,Huelva,-5.0172
2010-11-16,Huelva,-5.0354
2010-11-17,Huelva,-5.0022
2010-11-18,Huelva,-5.0259
2010-11-19,Huelva,-4.9753
2010-11-20,Huelva,-4.9601
2010-11-21,Huelva,-5.0227
2010-11-22,Huelva,-4.9488
2010-11-23,Huelva,-4.8975
2010-11-24,Huelva,-4.8566
2010-11-25,Huelva,-4.8563
2010-11-26,Huelva,-4.776
2010-11-27,Huelva,-4.6865
2010-11-28,Huelva,-4.7912
2010-11-29,Huelva,-4.673
2010-11-30,Huelva,-4.6964
2010-12-01,Huelva,-4.8445
2010-12-02,Huelva,-4.9514
2010-12-03,Huelva,-5.0296
2010-12-04,Huelva,-4.9349
2010-12-05,Huelva,-4.7656
2010-12-06,Huelva,-4.7973
2010-12-07,Huelva,-4.7121
2010-12-08,Huelva,-4.7316
2010-12-09,Huelva,-4.7576
2010-12-10,Huelva,-4.7743
2010-12-11,Huelva,-4.7431
2010-12-12,Huelva,-4.8342
2010-12-13,Huelva,-4.8844
2010-12-14,Huelva,-4.9163
2010-12-15,Huelva,-4.9881
2010-12-16,Huelva,-4.9992
2010-12-17,Huelva,-4.868
2010-12-18,Huelva,-4.7503
2010-12-19,Huelva,-4.8403
2010-12-20,Huelva,-4.7739
2010-12-21,Huelva,-4.6839
2010-12-22,Huelva,-4.5531
2010-12-23,Huelva,-4.9293
2010-12-24,Huelva,-4.9566
2010-12-25,Huelva,-4.8618
2010-12-26,Huelva,-4.879
2010-12-27,Huelva,-4.9086
2010-12-28,Huelva,-4.8754
2010-12-29,Huelva,-4.8098
2010-12-30,Huelva,-4.7524
2010-12-31,Huelva,-4.8757
2011-01-01,Huelva,-4.9593
2011-01-02,Huelva,-5.0329
2011-01-03,Huelva,-5.0451
2011-01-04,Huelva,-5.0249
2011-01-05,Huelva,-4.9369
2011-01-06,Huelva,-4.8967
2011-01-07,Huelva,-4.8566
2011-01-08,Huelva,-4.8644
2011-01-09,Huelva,-4.9385
2011-01-10,Huelva,-4.9634
2011-01-11,Huelva,-4.9944
2011-01-12,Huelva,-5.0374
2011-01-13,Huelva,-5.0201
2011-01-14,Huelva,-5.0285
2011-01-15,Huelva,-5.0653
2011-01-16,Huelva,-5.0895
2011-01-17,Huelva,-5.1016
2011-01-18,Huelva,-5.0561
2011-01-19,Huelva,-5.016
2011-01-20,Huelva,-5.0094
2011-01-21,Huelva,-4.9818
2011-01-22,Huelva,-4.9012
2011-01-23,Huelva,-4.8282
2011-01-24,Huelva,-4.7678
2011-01-25,Huelva,-4.8146
2011-01-26,Huelva,-4.7539
2011-01-27,Huelva,-4.8098
2011-01-28,Huelva,-4.8891
2011-01-29,Huelva,-4.9694
2011-01-30,Huelva,-4.9517
2011-01-31,Huelva,-5.0302
2011-02-01,Huelva,-5.0912
2011-02-02,Huelva,-5.132
2011-02-03,Huelva,-5.1496
2011-02-04,Huelva,-5.1896
2011-02-05,Huelva,-5.1677
2011-02-06,Huelva,-5.1243
2011-02-07,Huelva,-5.0934
2011-02-08,Huelva,-5.0453
2011-02-09,Huelva,-5.0414
2011-02-10,Huelva,-5.0455
2011-02-11,Huelva,-5.0089
2011-02-12,Huelva,-5.039
2011-02-13,Huelva,-5.0191
2011-02-14,Huelva,-5.1018
2011-02-15,Huelva,-5.0067
2011-02-16,Huelva,-4.9929
2011-02-17,Huelva,-5.091
2011-02-18,Huelva,-5.0543
2011-02-19,Huelva,-5.0415
2011-02-20,Huelva,-5.0642
2011-02-21,Huelva,-5.1208
2011-02-22,Huelva,-5.1401
2011-02-23,Huelva,-5.0896
2011-02-24,Huelva,-5.0905
2011-02-25,Huelva,-5.1139
2011-02-26,Huelva,-5.1245
2011-02-27,Huelva,-5.1334
2011-02-28,Huelva,-5.1401
2011-03-01,Huelva,-5.1246
2011-03-02,Huelva,-5.1348
2011-03-03,Huelva,-5.0804
2011-03-04,Huelva,-5.0032
2011-03-05,Huelva,-4.9818
2011-03-06,Huelva,-4.9936
2011-03-07,Huelva,-4.9202
2011-03-08,Huelva,-4.8672
2011-03-09,Huelva,-4.9186
2011-03-10,Huelva,-4.895
2011-03-11,Huelva,-4.784
2011-03-12,Huelva,-4.802
2011-03-13,Huelva,-4.7977
2011-03-14,Huelva,-4.6983
2011-03-15,Huelva,-4.8574
2011-03-16,Huelva,-4.9192
2011-03-17,Huelva,-5.1012
2011-03-18,Huelva,-5.1257
2011-03-19,Huelva,-5.1214
2011-03-20,Huelva,-5.0678
2011-03-21,Huelva,-4.9762
2011-03-22,Huelva,-4.9169
2011-03-23,Huelva,-4.8957
2011-03-24,Huelva,-4.8916
2011-03-25,Huelva,-4.9327
2011-03-26,Huelva,-4.9686
2011-03-27,Huelva,-5.0763
2011-03-28,Huelva,-5.104
2011-03-29,Huelva,-5.1566
2011-03-30,Huelva,-5.2037
2011-03-31,Huelva,-5.1792
2011-04-01,Huelva,-5.0817
2011-04-02,Huelva,-5.0187
2011-04-03,Huelva,-5.0886
2011-04-04,Huelva,-5.0951
2011-04-05,Huelva,-5.0076
2011-04-06,Huelva,-4.9498
2011-04-07,Huelva,-5.0057
2011-04-08,Huelva,-4.9561
2011-04-09,Huelva,-5.0473
2011-04-10,Huelva,-5.0523
2011-04-11,Huelva,-5.027
2011-04-12,Huelva,-5.0463
2011-04-13,Huelva,-5.0001
2011-04-14,Huelva,-4.982
2011-04-15,Huelva,-4.9622
2011-04-16,Huelva,-4.9432
2011-04-17,Huelva,-4.9166
2011-04-18,Huelva,-4.8543
2011-04-19,Huelva,-4.8022
2011-04-20,Huelva,-4.8204
2011-04-21,Huelva,-4.7405
2011-04-22,Huelva,-4.8404
2011-04-23,Huelva,-4.8382
2011-04-24,Huelva,-4.8823
2011-04-25,Huelva,-4.9363
2011-04-26,Huelva,-4.9707
2011-04-27,Huelva,-4.9358
2011-04-28,Huelva,-4.885
2011-04-29,Huelva,-4.8233
2011-04-30,Huelva,-4.8323
2011-05-01,Huelva,-4.7977
2011-05-02,Huelva,-4.8482
2011-05-03,Huelva,-4.9459
2011-05-04,Huelva,-4.9911
2011-05-05,Huelva,-4.9645
2011-05-06,Huelva,-4.892
2011-05-07,Huelva,-4.9632
2011-05-08,Huelva,-4.9698
2011-05-09,Huelva,-5.046
2011-05-10,Huelva,-4.9666
2011-05-11,Huelva,-4.9546
2011-05-12,Huelva,-5.0034
2011-05-13,Huelva,-4.9963
2011-05-14,Huelva,-5.0492
2011-05-15,Huelva,-5.0573
2011-05-16,Huelva,-4.9817
2011-05-17,Huelva,-4.9819
2011-05-18,Huelva,-4.8685
2011-05-19,Huelva,-4.9228
2011-05-20,Huelva,-4.9822
2011-05-21,Huelva,-5.0221
2011-05-22,Huelva,-5.0544
2011-05-23,Huelva,-5.0694
2011-05-24,Huelva,-5.0591
2011-05-25,Huelva,-5.0248
2011-05-26,Huelva,-5.0448
2011-05-27,Huelva,-5.0098
2011-05-28,Huelva,-5.0001
2011-05-29,Huelva,-5.0355
2011-05-30,Huelva,-5.0409
2011-05-31,Huelva,-5.0787
2011-06-01,Huelva,-5.0743
2011-06-02,Huelva,-5.031
2011-06-03,Huelva,-4.9612
2011-06-04,Huelva,-4.9044
2011-06-05,Huelva,-4.8693
2011-06-06,Huelva,-4.8741
2011-06-07,Huelva,-4.9883
2011-06-08,Huelva,-5.0473
2011-06-09,Huelva,-5.0426
2011-06-10,Huelva,-5.0994
2011-06-11,Huelva,-5.1158
2011-06-12,Huelva,-5.0933
2011-06-13,Huelva,-5.1233
2011-06-14,Huelva,-5.141
2011-06-15,Huelva,-5.12
2011-06-16,Huelva,-5.1083
2011-06-17,Huelva,-5.0804
2011-06-18,Huelva,-5.1018
2011-06-19,Huelva,-5.0614
2011-06-20,Huelva,-5.065
2011-06-21,Huelva,-5.021
2011-06-22,Huelva,-5.0292
2011-06-23,Huelva,-5.0776
2011-06-24,Huelva,-5.0544
2011-06-25,Huelva,-4.982
2011-06-26,Huelva,-4.9622
2011-06-27,Huelva,-4.964
2011-06-28,Huelva,-5.0236
2011-06-29,Huelva,-5.0557
2011-06-30,Huelva,-5.0514
2011-07-01,Huelva,-5.0309
2011-07-02,Huelva,-4.9773
2011-07-03,Huelva,-5.0113
2011-07-04,Huelva,-5.0447
2011-07-05,Huelva,-5.0191
2011-07-06,Huelva,-5.0555
2011-07-07,Huelva,-5.1018
2011-07-08,Huelva,-5.1052
2011-07-09,Huelva,-5.1038
2011-07-10,Huelva,-5.1372
2011-07-11,Huelva,-5.0992
2011-07-12,Huelva,-5.1169
2011-07-13,Huelva,-5.1585
2011-07-14,Huelva,-5.1095
2011-07-15,Huelva,-5.0923
2011-07-16,Huelva,-5.0529
2011-07-17,Huelva,-5.0668
2011-07-18,Huelva,-5.0383
2011-07-19,Huelva,-5.0538
2011-07-20,Huelva,-5.0071
2011-07-21,Huelva,-4.9778
2011-07-22,Huelva,-4.9665
2011-07-23,Huelva,-4.9797
2011-07-24,Huelva,-5.0119
2011-07-25,Huelva,-4.9887
2011-07-26,Huelva,-4.9804
2011-07-27,Huelva,-4.9799
2011-07-28,Huelva,-5.0064
2011-07-29,Huelva,-5.0397
2011-07-30,Huelva,-5.0474
2011-07-31,Huelva,-5.008
2011-08-01,Huelva,-4.9694
2011-08-02,Huelva,-5.028
2011-08-03,Huelva,-5.0635
2011-08-04,Huelva,-5.0614
2011-08-05,Huelva,-5.0621
2011-08-06,Huelva,-5.0755
2011-08-07,Huelva,-5.0541
2011-08-08,Huelva,-5.0875
2011-08-09,Huelva,-5.0651
2011-08-10,Huelva,-4.9961
2011-08-11,Huelva,-4.9656
2011-08-12,Huelva,-4.9819
2011-08-13,Huelva,-5.0328
2011-08-14,Huelva,-5.0363
2011-08-15,Huelva,-5.0618
2011-08-16,Huelva,-5.0334
2011-08-17,Huelva,-5.012
2011-08-18,Huelva,-4.9605
2011-08-19,Huelva,-4.9628
2011-08-20,Huelva,-4.8863
2011-08-21,Huelva,-4.9458
2011-08-22,Huelva,-5.0075
2011-08-23,Huelva,-5.0252
2011-08-24,Huelva,-5.0701
2011-08-25,Huelva,-5.0761
2011-08-26,Huelva,-5.1281
2011-08-27,Huelva,-5.1243
2011-08-28,Huelva,-5.1237
2011-08-29,Huelva,-5.0766
2011-08-30,Huelva,-5.0538
2011-08-31,Huelva,-4.9755
2011-09-01,Huelva,-4.9011
2011-09-02,Huelva,-4.9346
2011-09-03,Huelva,-4.9894
2011-09-04,Huelva,-5.0501
2011-09-05,Huelva,-5.2027
2011-09-06,Huelva,-5.0277
2011-09-07,Huelva,-5.1262
2011-09-08,Huelva,-5.0922
2011-09-09,Huelva,-5.0316
2011-09-10,Huelva,-5.0337
2011-09-11,Huelva,-5.0912
2011-09-12,Huelva,-5.0488
2011-09-13,Huelva,-5.0072
2011-09-14,Huelva,-4.9346
2011-09-15,Huelva,-4.9089
2011-09-16,Huelva,-4.9498
2011-09-17,Huelva,-4.9794
2011-09-18,Huelva,-4.9882
2011-09-19,Huelva,-5.0054
2011-09-20,Huelva,-4.9915
2011-09-21,Huelva,-4.9935
2011-09-22,Huelva,-5.0233
2011-09-23,Huelva,-5.0272
2011-09-24,Huelva,-5.065
2011-09-25,Huelva,-5.0793
2011-09-26,Huelva,-5.0906
2011-09-27,Huelva,-5.0871
2011-09-28,Huelva,-5.0348
2011-09-29,Huelva,-5.0196
2011-09-30,Huelva,-4.9918
2011-10-01,Huelva,-4.9126
2011-10-02,Huelva,-4.951
2011-10-03,Huelva,-5.0252
2011-10-04,Huelva,-5.0084
2011-10-05,Huelva,-5.02
2011-10-06,Huelva,-5.0328
2011-10-07,Huelva,-5.0355
2011-10-08,Huelva,-5.0586
2011-10-09,Huelva,-5.0724
2011-10-10,Huelva,-5.053
2011-10-11,Huelva,-5.0489
2011-10-12,Huelva,-5.031
2011-10-13,Huelva,-5.0113
2011-10-14,Huelva,-5.0015
2011-10-15,Huelva,-4.9645
2011-10-16,Huelva,-4.9503
2011-10-17,Huelva,-4.9305
2011-10-18,Huelva,-4.9255
2011-10-19,Huelva,-4.9472
2011-10-20,Huelva,-4.9682
2011-10-21,Huelva,-4.9499
2011-10-22,Huelva,-4.9305
2011-10-23,Huelva,-4.9257
2011-10-24,Huelva,-4.8548
2011-10-25,Huelva,-4.9736
2011-10-26,Huelva,-4.8803
2011-10-27,Huelva,-4.9902
2011-10-28,Huelva,-5.0404
2011-10-29,Huelva,-5.0233
2011-10-30,Huelva,-5.029
2011-10-31,Huelva,-4.987
2011-11-01,Huelva,-4.9637
2011-11-02,Huelva,-4.8501
2011-11-03,Huelva,-4.8341
2011-11-04,Huelva,-4.84
2011-11-05,Huelva,-5.0532
2011-11-06,Huelva,-5.1175
2011-11-07,Huelva,-5.0962
2011-11-08,Huelva,-5.0797
2011-11-09,Huelva,-5.0857
2011-11-10,Huelva,-5.063
2011-11-11,Huelva,-5.0248
2011-11-12,Huelva,-4.9343
2011-11-13,Huelva,-4.8827
2011-11-14,Huelva,-4.8373
2011-11-15,Huelva,-5.0016
2011-11-16,Huelva,-5.004
2011-11-17,Huelva,-5.016
2011-11-18,Huelva,-4.9471
2011-11-19,Huelva,-4.843
2011-11-20,Huelva,-4.8521
2011-11-21,Huelva,-4.993
2011-11-22,Huelva,-5.1081
2011-11-23,Huelva,-5.1117
2011-11-24,Huelva,-5.137
2011-11-25,Huelva,-5.1772
2011-11-26,Huelva,-5.1728
2011-11-27,Huelva,-5.1017
2011-11-28,Huelva,-5.0653
2011-11-29,Huelva,-5.0848
2011-11-30,Huelva,-5.0808
2011-12-01,Huelva,-5.057
2011-12-02,Huelva,-5.1118
2011-12-03,Huelva,-5.164
2011-12-04,Huelva,-5.1481
2011-12-05,Huelva,-5.1964
2011-12-06,Huelva,-5.2302
2011-12-07,Huelva,-5.2263
2011-12-08,Huelva,-5.1802
2011-12-09,Huelva,-5.1259
2011-12-10,Huelva,-5.0915
2011-12-11,Huelva,-5.1144
2011-12-12,Huelva,-5.1306
2011-12-13,Huelva,-5.1143
2011-12-14,Huelva,-5.1248
2011-12-15,Huelva,-5.1783
2011-12-16,Huelva,-5.1876
2011-12-17,Huelva,-5.2146
2011-12-18,Huelva,-5.1533
2011-12-19,Huelva,-5.1999
2011-12-20,Huelva,-5.2887
2011-12-21,Huelva,-5.2987
2011-12-22,Huelva,-5.2801
2011-12-23,Huelva,-5.2618
2011-12-24,Huelva,-5.2523
2011-12-25,Huelva,-5.2431
2011-12-26,Huelva,-5.154
2011-12-27,Huelva,-5.1492
2011-12-28,Huelva,-5.1965
2011-12-29,Huelva,-5.2118
2011-12-30,Huelva,-5.2787
2011-12-31,Huelva,-5.2545
2012-01-01,Huelva,-5.2316
2012-01-02,Huelva,-5.2628
2012-01-03,Huelva,-5.2942
2012-01-04,Huelva,-5.307
2012-01-05,Huelva,-5.3188
2012-01-06,Huelva,-5.3211
2012-01-07,Huelva,-5.2588
2012-01-08,Huelva,-5.2029
2012-01-09,Huelva,-5.2137
2012-01-10,Huelva,-5.1751
2012-01-11,Huelva,-5.1829
2012-01-12,Huelva,-5.1408
2012-01-13,Huelva,-5.1223
2012-01-14,Huelva,-5.1249
2012-01-15,Huelva,-5.0932
2012-01-16,Huelva,-5.0829
2012-01-17,Huelva,-5.1724
2012-01-18,Huelva,-5.2133
2012-01-19,Huelva,-5.2929
2012-01-20,Huelva,-5.3068
2012-01-21,Huelva,-5.3018
2012-01-22,Huelva,-5.2345
2012-01-23,Huelva,-5.186
2012-01-24,Huelva,-5.1703
2012-01-25,Huelva,-5.1622
2012-01-26,Huelva,-5.1105
2012-01-27,Huelva,-5.0899
2012-01-28,Huelva,-5.1202
2012-01-29,Huelva,-5.1798
2012-01-30,Huelva,-5.2296
2012-01-31,Huelva,-5.1994
2012-02-01,Huelva,-5.176
2012-02-02,Huelva,-5.1928
2012-02-03,Huelva,-5.2748
2012-02-04,Huelva,-5.3916
2012-02-05,Huelva,-5.3914
2012-02-06,Huelva,-5.408
2012-02-07,Huelva,-5.3502
2012-02-08,Huelva,-5.2735
2012-02-09,Huelva,-5.254
2012-02-10,Huelva,-5.2435
2012-02-11,Huelva,-5.1928
2012-02-12,Huelva,-5.208
2012-02-13,Huelva,-5.2523
2012-02-14,Huelva,-5.228
2012-02-15,Huelva,-5.244
2012-02-16,Huelva,-5.2568
2012-02-17,Huelva,-5.2607
2012-02-18,Huelva,-5.2283
2012-02-19,Huelva,-5.2579
2012-02-20,Huelva,-5.2773
2012-02-21,Huelva,-5.2733
2012-02-22,Huelva,-5.2865
2012-02-23,Huelva,-5.2624
2012-02-24,Huelva,-5.2306
2012-02-25,Huelva,-5.2272
2012-02-26,Huelva,-5.2361
2012-02-27,Huelva,-5.1925
2012-02-28,Huelva,-5.1615
2012-02-29,Huelva,-5.1767
2012-03-01,Huelva,-5.2112
2012-03-02,Huelva,-5.2242
2012-03-03,Huelva,-5.2976
2012-03-04,Huelva,-5.3236
2012-03-05,Huelva,-5.3175
2012-03-06,Huelva,-5.3024
2012-03-07,Huelva,-5.3114
2012-03-08,Huelva,-5.3118
2012-03-09,Huelva,-5.2919
2012-03-10,Huelva,-5.2256
2012-03-11,Huelva,-5.2223
2012-03-12,Huelva,-5.1704
2012-03-13,Huelva,-5.112
2012-03-14,Huelva,-5.0735
2012-03-15,Huelva,-5.1081
2012-03-16,Huelva,-5.1421
2012-03-17,Huelva,-5.1875
2012-03-18,Huelva,-5.2632
2012-03-19,Huelva,-5.2675
2012-03-20,Huelva,-5.2554
2012-03-21,Huelva,-5.2258
2012-03-22,Huelva,-5.2084
2012-03-23,Huelva,-5.0732
2012-03-24,Huelva,-5.075
2012-03-25,Huelva,-5.0827
2012-03-26,Huelva,-5.0479
2012-03-27,Huelva,-5.0269
2012-03-28,Huelva,-5.0039
2012-03-29,Huelva,-4.9864
2012-03-30,Huelva,-4.9967
2012-03-31,Huelva,-4.9866
2012-04-01,Huelva,-4.9851
2012-04-02,Huelva,-5.0165
2012-04-03,Huelva,-5.0428
2012-04-04,Huelva,-5.0963
2012-04-05,Huelva,-5.1075
2012-04-06,Huelva,-5.1054
2012-04-07,Huelva,-5.0928
2012-04-08,Huelva,-5.0717
2012-04-10,Huelva,-5.2975
2012-04-11,Huelva,-5.0097
2012-04-12,Huelva,-5.0006
2012-04-13,Huelva,-5.1497
2012-04-14,Huelva,-5.1682
2012-04-15,Huelva,-5.2184
2012-04-16,Huelva,-5.2294
2012-04-17,Huelva,-5.2617
2012-04-18,Huelva,-5.252
2012-04-19,Huelva,-5.2041
2012-04-20,Huelva,-5.198
2012-04-21,Huelva,-5.1865
2012-04-22,Huelva,-5.1985
2012-04-23,Huelva,-5.2197
2012-04-24,Huelva,-5.206
2012-04-25,Huelva,-5.1086
2012-04-26,Huelva,-5.054
2012-04-27,Huelva,-5.0675
2012-04-28,Huelva,-5.0542
2012-04-29,Huelva,-5.0691
2012-04-30,Huelva,-5.1161
2012-05-01,Huelva,-5.1194
2012-05-02,Huelva,-5.0944
2012-05-03,Huelva,-5.1257
2012-05-04,Huelva,-5.1431
2012-05-05,Huelva,-5.1031
2012-05-06,Huelva,-5.1571
2012-05-07,Huelva,-5.1254
2012-05-08,Huelva,-5.1049
2012-05-09,Huelva,-5.0582
2012-05-10,Huelva,-5.0201
2012-05-11,Huelva,-5.0269
2012-05-12,Huelva,-5.0769
2012-05-13,Huelva,-5.0808
2012-05-14,Huelva,-5.0711
2012-05-15,Huelva,-5.0493
2012-05-16,Huelva,-5.012
2012-05-17,Huelva,-4.9648
2012-05-18,Huelva,-4.9835
2012-05-19,Huelva,-5.0371
2012-05-20,Huelva,-5.1017
2012-05-21,Huelva,-5.1817
2012-05-22,Huelva,-5.1374
2012-05-23,Huelva,-5.0941
2012-05-24,Huelva,-5.0623
2012-05-25,Huelva,-5.0194
2012-05-26,Huelva,-5.089
2012-05-27,Huelva,-5.0881
2012-05-28,Huelva,-5.0855
2012-05-29,Huelva,-5.1047
2012-05-30,Huelva,-5.11
2012-05-31,Huelva,-5.0583
2012-06-01,Huelva,-5.0693
2012-06-02,Huelva,-5.1313
2012-06-03,Huelva,-5.153
2012-06-04,Huelva,-5.1429
2012-06-05,Huelva,-5.1353
2012-06-06,Huelva,-5.0474
2012-06-07,Huelva,-5.0453
2012-06-08,Huelva,-5.1176
2012-06-09,Huelva,-5.1606
2012-06-10,Huelva,-5.1679
2012-06-11,Huelva,-5.1785
2012-06-12,Huelva,-5.2039
2012-06-13,Huelva,-5.1652
2012-06-14,Huelva,-5.1836
2012-06-15,Huelva,-5.1922
2012-06-16,Huelva,-5.2176
2012-06-17,Huelva,-5.1914
2012-06-18,Huelva,-5.1432
2012-06-19,Huelva,-5.1387
2012-06-20,Huelva,-5.1228
2012-06-21,Huelva,-5.1507
2012-06-22,Huelva,-5.1343
2012-06-23,Huelva,-5.0938
2012-06-24,Huelva,-5.0666
2012-06-25,Huelva,-5.0331
2012-06-26,Huelva,-4.9964
2012-06-27,Huelva,-4.9899
2012-06-28,Huelva,-5.0132
2012-06-29,Huelva,-5.1111
2012-06-30,Huelva,-5.1712
2012-07-01,Huelva,-5.2183
2012-07-02,Huelva,-5.1601
2012-07-03,Huelva,-5.1326
2012-07-04,Huelva,-5.1078
2012-07-05,Huelva,-5.0927
2012-07-06,Huelva,-5.0546
2012-07-07,Huelva,-5.0277
2012-07-08,Huelva,-5.0468
2012-07-09,Huelva,-5.0421
2012-07-10,Huelva,-5.1014
2012-07-11,Huelva,-5.1463
2012-07-12,Huelva,-5.15
2012-07-13,Huelva,-5.1273
2012-07-14,Huelva,-5.1524
2012-07-15,Huelva,-5.1602
2012-07-16,Huelva,-5.16
2012-07-17,Huelva,-5.1133
2012-07-18,Huelva,-5.0867
2012-07-19,Huelva,-5.056
2012-07-20,Huelva,-5.0472
2012-07-21,Huelva,-5.0648
2012-07-22,Huelva,-5.0582
2012-07-23,Huelva,-4.9983
2012-07-24,Huelva,-4.9703
2012-07-25,Huelva,-5.0051
2012-07-26,Huelva,-5.0153
2012-07-27,Huelva,-5.0462
2012-07-28,Huelva,-5.0792
2012-08-01,Huelva,-5.0837
2012-08-02,Huelva,-5.0931
2012-08-03,Huelva,-5.0698
2012-08-04,Huelva,-5.0524
2012-08-05,Huelva,-5.0681
2012-08-06,Huelva,-5.0914
2012-08-07,Huelva,-5.0406
2012-08-08,Huelva,-5.0216
2012-08-09,Huelva,-5.0255
2012-08-10,Huelva,-5.0413
2012-08-11,Huelva,-5.0566
2012-08-12,Huelva,-5.0719
2012-08-13,Huelva,-5.0939
2012-08-14,Huelva,-5.0827
2012-08-15,Huelva,-5.1094
2012-08-16,Huelva,-5.0766
2012-08-17,Huelva,-5.0421
2012-08-18,Huelva,-5.0536
2012-08-19,Huelva,-5.0495
2012-08-20,Huelva,-5.0331
2012-08-21,Huelva,-5.0106
2012-08-22,Huelva,-4.9875
2012-08-23,Huelva,-4.9951
2012-08-24,Huelva,-5.0331
2012-08-25,Huelva,-5.0817
2012-08-26,Huelva,-5.09
2012-08-27,Huelva,-5.0974
2012-08-28,Huelva,-5.1064
2012-08-29,Huelva,-5.1307
2012-08-30,Huelva,-5.1524
2012-08-31,Huelva,-5.1144
2012-09-01,Huelva,-5.0768
2012-09-02,Huelva,-5.0336
2012-09-03,Huelva,-4.9965
2012-09-04,Huelva,-4.9753
2012-09-05,Huelva,-4.9331
2012-09-06,Huelva,-4.9329
2012-09-07,Huelva,-4.9628
2012-09-08,Huelva,-4.9929
2012-09-09,Huelva,-4.9948
2012-09-10,Huelva,-5.0279
2012-09-11,Huelva,-5.0508
2012-09-12,Huelva,-5.0576
2012-09-13,Huelva,-5.0776
2012-09-14,Huelva,-5.0662
2012-09-15,Huelva,-5.0474
2012-09-16,Huelva,-5.044
2012-09-17,Huelva,-5.0318
2012-09-18,Huelva,-4.9838
2012-09-19,Huelva,-4.9879
2012-09-20,Huelva,-4.9904
2012-09-21,Huelva,-4.9485
2012-09-22,Huelva,-4.9755
2012-09-23,Huelva,-4.9863
2012-09-24,Huelva,-5.073
2012-09-25,Huelva,-5.0496
2012-09-26,Huelva,-5.0238
2012-09-27,Huelva,-4.9648
2012-09-28,Huelva,-4.9723
2012-09-29,Huelva,-4.993
2012-09-30,Huelva,-5.0252
2012-10-01,Huelva,-5.0499
2012-10-02,Huelva,-5.0405
2012-10-03,Huelva,-5.01
2012-10-04,Huelva,-4.9681
2012-10-05,Huelva,-4.9428
2012-10-06,Huelva,-5.0028
2012-10-07,Huelva,-5.0078
2012-10-08,Huelva,-5.0165
2012-10-09,Huelva,-5.0056
2012-10-10,Huelva,-5.0081
2012-10-11,Huelva,-5.0445
2012-10-12,Huelva,-5.0733
2012-10-13,Huelva,-5.0938
2012-10-14,Huelva,-5.0642
2012-10-15,Huelva,-5.1212
2012-10-16,Huelva,-5.0382
2012-10-17,Huelva,-4.9549
2012-10-18,Huelva,-4.8677
2012-10-19,Huelva,-4.8847
2012-10-20,Huelva,-4.8994
2012-10-21,Huelva,-4.9397
2012-10-22,Huelva,-4.9663
2012-10-23,Huelva,-4.9428
2012-10-24,Huelva,-4.8532
2012-10-25,Huelva,-4.8408
2012-10-26,Huelva,-4.865
2012-10-27,Huelva,-4.9559
2012-10-28,Huelva,-4.9971
2012-10-29,Huelva,-4.9154
2012-10-30,Huelva,-4.8012
2012-10-31,Huelva,-4.8235
2012-11-01,Huelva,-4.8684
2012-11-02,Huelva,-4.8782
2012-11-03,Huelva,-4.8144
2012-11-04,Huelva,-4.8234
2012-11-05,Huelva,-4.9457
2012-11-06,Huelva,-4.9402
2012-11-07,Huelva,-4.7914
2012-11-08,Huelva,-4.7757
2012-11-09,Huelva,-4.9015
2012-11-10,Huelva,-4.9529
2012-11-11,Huelva,-5.071
2012-11-12,Huelva,-5.1064
2012-11-13,Huelva,-5.0883
2012-11-14,Huelva,-5.0415
2012-11-15,Huelva,-4.9601
2012-11-16,Huelva,-4.8664
2012-11-17,Huelva,-4.8145
2012-11-18,Huelva,-4.9217
2012-11-19,Huelva,-4.9886
2012-11-20,Huelva,-5.0082
2012-11-21,Huelva,-5.0388
2012-11-22,Huelva,-5.0699
2012-11-23,Huelva,-5.0266
2012-11-24,Huelva,-4.9468
2012-11-25,Huelva,-4.9753
2012-11-26,Huelva,-5.0312
2012-11-27,Huelva,-5.1001
2012-11-28,Huelva,-5.1056
2012-11-29,Huelva,-5.1191
2012-11-30,Huelva,-5.044
2012-12-01,Huelva,-5.0707
2012-12-02,Huelva,-5.1616
2012-12-03,Huelva,-5.2136
2012-12-04,Huelva,-5.1964
2012-12-05,Huelva,-5.1581
2012-12-06,Huelva,-5.0957
2012-12-07,Huelva,-5.0175
2012-12-08,Huelva,-5.0922
2012-12-09,Huelva,-5.1426
2012-12-10,Huelva,-5.142
2012-12-11,Huelva,-5.1378
2012-12-12,Huelva,-5.1025
2012-12-13,Huelva,-5.0961
2012-12-14,Huelva,-5.0654
2012-12-15,Huelva,-5.0631
2012-12-16,Huelva,-5.081
2012-12-17,Huelva,-5.0702
2012-12-18,Huelva,-5.0826
2012-12-19,Huelva,-5.0709
2012-12-20,Huelva,-5.0715
2012-12-21,Huelva,-5.1364
2012-12-22,Huelva,-5.1565
2012-12-23,Huelva,-5.1123
2012-12-24,Huelva,-5.0535
2012-12-25,Huelva,-5.1054
2012-12-26,Huelva,-5.2007
2012-12-27,Huelva,-5.2342
2012-12-28,Huelva,-5.2297
2012-12-29,Huelva,-5.2135
2012-12-30,Huelva,-5.2525
2012-12-31,Huelva,-5.1794
2013-01-01,Huelva,-5.1586
2013-01-02,Huelva,-5.1661
2013-01-03,Huelva,-5.1862
2013-01-04,Huelva,-5.1958
2013-01-05,Huelva,-5.2286
2013-01-06,Huelva,-5.2252
2013-01-07,Huelva,-5.2207
2013-01-08,Huelva,-5.2386
2013-01-09,Huelva,-5.2526
2013-01-10,Huelva,-5.2583
2013-01-11,Huelva,-5.2416
2013-01-12,Huelva,-5.1849
2013-01-13,Huelva,-5.1725
2013-01-14,Huelva,-5.2008
2013-01-15,Huelva,-5.2075
2013-01-16,Huelva,-5.1963
2013-01-17,Huelva,-5.1753
2013-01-18,Huelva,-5.0948
2013-01-19,Huelva,-4.9978
2013-01-20,Huelva,-5.1163
2013-01-21,Huelva,-5.1301
2013-01-22,Huelva,-5.1558
2013-01-23,Huelva,-5.2395
2013-01-24,Huelva,-5.1892
2013-01-25,Huelva,-5.1916
2013-01-26,Huelva,-5.2281
2013-01-27,Huelva,-5.1969
2013-01-28,Huelva,-5.2613
2013-01-29,Huelva,-5.2305
2013-01-30,Huelva,-5.2137
2013-01-31,Huelva,-5.2266
2013-02-01,Huelva,-5.1726
2013-02-02,Huelva,-5.191
2013-02-03,Huelva,-5.2127
2013-02-04,Huelva,-5.2099
2013-02-05,Huelva,-5.2052
2013-02-06,Huelva,-5.2921
2013-02-07,Huelva,-5.2674
2013-02-08,Huelva,-5.2505
2013-02-09,Huelva,-5.2731
2013-02-10,Huelva,-5.2348
2013-02-11,Huelva,-5.2866
2013-02-12,Huelva,-5.2304
2013-02-13,Huelva,-5.2202
2013-02-14,Huelva,-5.1869
2013-02-15,Huelva,-5.1747
2013-02-16,Huelva,-5.1279
2013-02-17,Huelva,-5.0979
2013-02-18,Huelva,-5.0481
2013-02-19,Huelva,-4.9998
2013-02-20,Huelva,-5.1021
2013-02-21,Huelva,-5.072
2013-02-22,Huelva,-5.0765
2013-02-23,Huelva,-5.1717
2013-02-24,Huelva,-5.2099
2013-02-25,Huelva,-5.2261
2013-02-26,Huelva,-5.2018
2013-02-27,Huelva,-5.1142
2013-02-28,Huelva,-5.0921
2013-03-01,Huelva,-5.1287
2013-03-02,Huelva,-5.0387
2013-03-03,Huelva,-4.9066
2013-03-04,Huelva,-4.6751
2013-03-05,Huelva,-4.7108
2013-03-06,Huelva,-4.8113
2013-03-07,Huelva,-4.8821
2013-03-08,Huelva,-4.9424
2013-03-09,Huelva,-4.9589
2013-03-10,Huelva,-5.0436
2013-03-11,Huelva,-5.0895
2013-03-12,Huelva,-4.951
2013-03-13,Huelva,-5.0436
2013-03-14,Huelva,-5.0984
2013-03-15,Huelva,-5.0827
2013-03-16,Huelva,-4.9032
2013-03-17,Huelva,-4.8353
2013-03-18,Huelva,-4.9893
2013-03-19,Huelva,-4.8561
2013-03-20,Huelva,-5.0408
2013-03-21,Huelva,-4.9719
2013-03-22,Huelva,-4.9309
2013-03-23,Huelva,-4.8767
2013-03-24,Huelva,-5.0099
2013-03-25,Huelva,-5.0721
2013-03-26,Huelva,-5.0008
2013-03-27,Huelva,-4.9336
2013-03-28,Huelva,-5.0046
2013-03-29,Huelva,-5.0254
2013-03-30,Huelva,-5.0066
2013-03-31,Huelva,-4.9018
2013-04-01,Huelva,-4.9372
2013-04-02,Huelva,-4.9423
2013-04-03,Huelva,-4.8143
2013-04-04,Huelva,-4.7765
2013-04-05,Huelva,-4.9231
2013-04-06,Huelva,-5.1438
2013-04-07,Huelva,-5.15
2013-04-08,Huelva,-5.1628
2013-04-09,Huelva,-5.1311
2013-04-10,Huelva,-5.1497
2013-04-11,Huelva,-5.0869
2013-04-12,Huelva,-5.1059
2013-04-13,Huelva,-5.0841
2013-04-14,Huelva,-5.0497
2013-04-15,Huelva,-5.0931
2013-04-16,Huelva,-5.0691
2013-04-17,Huelva,-5.0674
2013-04-22,Huelva,-4.9405
2013-04-23,Huelva,-5.012
2013-04-24,Huelva,-5.0168
2013-04-25,Huelva,-5.0457
2013-04-26,Huelva,-5.0658
2013-04-27,Huelva,-4.9864
2013-04-28,Huelva,-5.0397
2013-04-29,Huelva,-5.0028
2013-04-30,Huelva,-4.9896
2013-05-01,Huelva,-5.0246
2013-05-02,Huelva,-5.0563
2013-05-03,Huelva,-5.0616
2013-05-04,Huelva,-5.0879
2013-05-05,Huelva,-5.1064
2013-05-06,Huelva,-5.1435
2013-05-07,Huelva,-5.1003
2013-05-08,Huelva,-5.069
2013-05-09,Huelva,-5.0529
2013-05-10,Huelva,-5.0677
2013-05-11,Huelva,-5.0697
2013-05-12,Huelva,-5.0686
2013-05-13,Huelva,-5.005
2013-05-14,Huelva,-4.9369
2013-05-15,Huelva,-4.9904
2013-05-16,Huelva,-5.0183
2013-05-17,Huelva,-5.013
2013-05-18,Huelva,-5.0946
2013-05-19,Huelva,-5.1379
2013-05-20,Huelva,-5.1208
2013-05-21,Huelva,-5.1374
2013-05-22,Huelva,-5.1732
2013-05-23,Huelva,-5.1984
2013-05-24,Huelva,-5.145
2013-05-25,Huelva,-5.1471
2013-05-26,Huelva,-5.1017
2013-05-27,Huelva,-5.0811
2013-05-28,Huelva,-5.0836
2013-05-29,Huelva,-5.1555
2013-05-30,Huelva,-5.1275
2013-05-31,Huelva,-5.1099
2013-06-01,Huelva,-5.1274
2013-06-02,Huelva,-5.1161
2013-06-03,Huelva,-5.0919
2013-06-04,Huelva,-5.0736
2013-06-05,Huelva,-5.0586
2013-06-06,Huelva,-5.1217
2013-06-07,Huelva,-5.1467
2013-06-08,Huelva,-5.1784
2013-06-09,Huelva,-5.1503
2013-06-10,Huelva,-5.1597
2013-06-11,Huelva,-5.1519
2013-06-12,Huelva,-5.1259
2013-06-13,Huelva,-5.0707
2013-06-14,Huelva,-5.0745
2013-06-15,Huelva,-5.0602
2013-06-16,Huelva,-5.0436
2013-06-17,Huelva,-5.0983
2013-06-18,Huelva,-5.1599
2013-06-19,Huelva,-5.1825
2013-06-20,Huelva,-5.203
2013-06-21,Huelva,-5.2252
2013-06-22,Huelva,-5.2188
2013-06-23,Huelva,-5.1638
2013-06-24,Huelva,-5.0805
2013-06-25,Huelva,-4.9901
2013-06-26,Huelva,-4.9499
2013-06-27,Huelva,-4.9601
2013-06-28,Huelva,-5.0092
2013-06-29,Huelva,-5.0165
2013-06-30,Huelva,-4.9962
2013-08-01,Huelva,-4.9598
2013-08-02,Huelva,-5.0207
2013-08-03,Huelva,-5.101
2013-08-04,Huelva,-5.0854
2013-08-05,Huelva,-5.0751
2013-08-06,Huelva,-5.0714
2013-08-07,Huelva,-5.0748
2013-08-08,Huelva,-5.0676
2013-08-09,Huelva,-5.0282
2013-08-10,Huelva,-5.0154
2013-08-11,Huelva,-4.9543
2013-08-12,Huelva,-4.9287
2013-08-13,Huelva,-4.9249
2013-08-14,Huelva,-4.9546
2013-08-15,Huelva,-4.9878
2013-08-16,Huelva,-4.9977
2013-08-17,Huelva,-5.0441
2013-08-18,Huelva,-5.0221
2013-08-19,Huelva,-5.0412
2013-08-20,Huelva,-5.0289
2013-08-21,Huelva,-5.007
2013-08-22,Huelva,-4.966
2013-08-23,Huelva,-4.9584
2013-08-24,Huelva,-4.9382
2013-08-25,Huelva,-4.9019
2013-08-26,Huelva,-4.8895
2013-08-27,Huelva,-4.9251
2013-08-28,Huelva,-4.9693
2013-08-29,Huelva,-4.9776
2013-08-30,Huelva,-4.9953
2013-08-31,Huelva,-5.0055
2013-09-01,Huelva,-4.9919
2013-09-02,Huelva,-4.9909
2013-09-03,Huelva,-4.9953
2013-09-04,Huelva,-4.9501
2013-09-05,Huelva,-4.9373
2013-09-06,Huelva,-5.0066
2013-09-07,Huelva,-5.0183
2013-09-08,Huelva,-5.0689
2013-09-09,Huelva,-5.0795
2013-09-10,Huelva,-5.042
2013-09-11,Huelva,-4.9747
2013-09-12,Huelva,-4.9789
2013-09-13,Huelva,-4.9994
2013-09-14,Huelva,-5.0142
2013-09-15,Huelva,-5.0333
2013-09-16,Huelva,-5.0462
2013-09-17,Huelva,-5.0433
2013-09-18,Huelva,-5.0452
2013-09-19,Huelva,-5.0303
2013-09-20,Huelva,-5.0143
2013-09-21,Huelva,-5.003
2013-09-22,Huelva,-4.9545
2013-09-23,Huelva,-4.9041
2013-09-24,Huelva,-4.9221
2013-09-25,Huelva,-4.9342
2013-09-26,Huelva,-4.9271
2013-09-27,Huelva,-4.8966
2013-09-28,Huelva,-4.9158
2013-09-29,Huelva,-4.9749
2013-09-30,Huelva,-4.9727
2014-01-01,Huelva,-5.2142
2014-01-02,Huelva,-5.1709
2014-01-03,Huelva,-5.1542
2014-01-04,Huelva,-5.147
2014-01-05,Huelva,-5.1601
2014-01-06,Huelva,-5.1027
2014-01-07,Huelva,-5.0863
2014-01-08,Huelva,-5.0601
2014-01-09,Huelva,-5.0493
2014-01-10,Huelva,-5.0207
2014-01-11,Huelva,-5.0693
2014-01-12,Huelva,-5.1315
2014-01-13,Huelva,-5.1963
2014-01-14,Huelva,-5.208
2014-01-15,Huelva,-5.1433
2014-01-16,Huelva,-5.0872
2014-01-17,Huelva,-4.953
2014-01-18,Huelva,-4.9353
2014-01-19,Huelva,-5.0702
2014-01-20,Huelva,-5.1354
2014-01-21,Huelva,-5.0991
2014-01-22,Huelva,-5.1083
2014-01-23,Huelva,-5.1987
2014-01-24,Huelva,-5.2522
2014-01-25,Huelva,-5.3069
2014-01-26,Huelva,-5.2471
2014-01-27,Huelva,-5.2904
2014-01-28,Huelva,-5.2331
2014-01-29,Huelva,-5.1853
2014-01-30,Huelva,-5.2445
2014-01-31,Huelva,-5.2407
2014-02-01,Huelva,-5.2427
2014-02-02,Huelva,-5.2224
2014-02-03,Huelva,-5.118
2014-02-04,Huelva,-5.0809
2014-02-05,Huelva,-5.0753
2014-02-06,Huelva,-5.0642
2014-02-07,Huelva,-5.1966
2014-02-08,Huelva,-5.1241
2014-02-09,Huelva,-5.0586
2014-02-10,Huelva,-5.297
2014-02-11,Huelva,-5.2024
2014-02-12,Huelva,-5.2455
2014-02-13,Huelva,-5.2016
2014-02-14,Huelva,-5.1058
2014-02-15,Huelva,-5.0892
2014-02-16,Huelva,-5.1614
2014-02-17,Huelva,-5.1185
2014-02-18,Huelva,-5.1828
2014-02-19,Huelva,-5.2472
2014-02-20,Huelva,-5.2411
2014-02-21,Huelva,-5.2695
2014-02-22,Huelva,-5.2655
2014-02-23,Huelva,-5.1022
2014-02-24,Huelva,-5.2034
2014-02-25,Huelva,-5.2509
2014-02-26,Huelva,-5.3302
2014-02-27,Huelva,-5.3849
2014-02-28,Huelva,-5.3713
2014-03-01,Huelva,-5.2824
2014-03-02,Huelva,-5.2502
2014-03-03,Huelva,-5.2567
2014-03-04,Huelva,-5.2596
2014-03-05,Huelva,-5.2084
2014-03-06,Huelva,-5.1571
2014-03-07,Huelva,-5.1408
2014-03-08,Huelva,-5.0811
2014-03-09,Huelva,-5.0521
2014-03-10,Huelva,-5.0632
2014-03-11,Huelva,-5.0709
2014-03-12,Huelva,-5.0778
2014-03-13,Huelva,-5.1437
2014-03-14,Huelva,-5.1812
2014-03-15,Huelva,-5.2222
2014-03-16,Huelva,-5.2266
2014-03-17,Huelva,-5.1821
2014-03-18,Huelva,-5.1576
2014-03-19,Huelva,-5.1406
2014-03-20,Huelva,-5.1574
2014-03-21,Huelva,-5.1454
2014-03-22,Huelva,-5.1484
2014-03-23,Huelva,-5.2013
2014-03-24,Huelva,-5.2235
2014-03-25,Huelva,-5.3136
2014-03-26,Huelva,-5.3082
2014-03-27,Huelva,-5.193
2014-03-28,Huelva,-5.0941
2014-03-29,Huelva,-5.0923
2014-03-30,Huelva,-5.1467
2014-03-31,Huelva,-5.0317
2014-04-01,Huelva,-4.9205
2014-04-02,Huelva,-4.8634
2014-04-03,Huelva,-4.9778
2014-04-04,Huelva,-5.1053
2014-04-05,Huelva,-5.1204
2014-04-06,Huelva,-5.0997
2014-04-07,Huelva,-5.1058
2014-04-08,Huelva,-5.0953
2014-04-09,Huelva,-5.0627
2014-04-10,Huelva,-5.0238
2014-04-11,Huelva,-5.0496
2014-04-12,Huelva,-5.0922
2014-04-13,Huelva,-5.1097
2014-04-14,Huelva,-5.0524
2014-04-15,Huelva,-5.0492
2014-04-16,Huelva,-5.085
2014-04-17,Huelva,-5.0487
2014-04-18,Huelva,-5.0215
2014-04-19,Huelva,-4.9756
2014-04-20,Huelva,-4.9022
2014-04-21,Huelva,-4.9374
2014-04-22,Huelva,-5.0375
2014-04-23,Huelva,-5.0823
2014-04-24,Huelva,-5.1608
2014-04-25,Huelva,-5.2442
2014-04-26,Huelva,-5.2365
2014-04-27,Huelva,-5.2447
2014-04-28,Huelva,-5.1933
2014-04-29,Huelva,-5.1539
2014-04-30,Huelva,-5.1069
2014-05-01,Huelva,-5.1025
2014-05-02,Huelva,-5.0526
2014-05-03,Huelva,-5.0317
2014-05-04,Huelva,-5.0065
2014-05-05,Huelva,-4.9739
2014-05-06,Huelva,-4.9559
2014-05-07,Huelva,-5.0072
2014-05-08,Huelva,-5.0631
2014-05-09,Huelva,-5.0788
2014-05-10,Huelva,-5.1025
2014-05-11,Huelva,-5.126
2014-05-12,Huelva,-5.1147
2014-05-13,Huelva,-5.122
2014-05-14,Huelva,-5.0523
2014-05-15,Huelva,-4.9729
2014-05-16,Huelva,-4.958
2014-05-17,Huelva,-4.9435
2014-05-18,Huelva,-4.9173
2014-05-19,Huelva,-4.9012
2014-05-20,Huelva,-4.9349
2014-05-21,Huelva,-4.9666
2014-05-22,Huelva,-5.0854
2014-05-23,Huelva,-5.1407
2014-05-24,Huelva,-5.1707
2014-05-25,Huelva,-5.1888
2014-05-26,Huelva,-5.2317
2014-05-27,Huelva,-5.2286
2014-05-28,Huelva,-5.2271
2014-05-29,Huelva,-5.2031
2014-05-30,Huelva,-5.1887
2014-05-31,Huelva,-5.1347
2014-06-01,Huelva,-5.1137
2014-06-02,Huelva,-5.1252
2014-06-03,Huelva,-5.1224
2014-06-04,Huelva,-5.1337
2014-06-05,Huelva,-5.0613
2014-06-06,Huelva,-5.0677
2014-06-07,Huelva,-5.1179
2014-06-08,Huelva,-5.1573
2014-06-09,Huelva,-5.1621
2014-06-10,Huelva,-5.155
2014-06-11,Huelva,-5.1284
2014-06-12,Huelva,-5.0945
2014-06-13,Huelva,-5.0589
2014-06-14,Huelva,-5.019
2014-06-15,Huelva,-4.9386
2014-06-16,Huelva,-4.9044
2014-06-17,Huelva,-4.9217
2014-06-18,Huelva,-4.9372
2014-06-19,Huelva,-4.9849
2014-06-20,Huelva,-5.0234
2014-06-21,Huelva,-5.0463
2014-06-22,Huelva,-5.0804
2014-06-23,Huelva,-4.9555
2014-06-24,Huelva,-5.0457
2014-06-25,Huelva,-5.1037
2014-06-26,Huelva,-5.1016
2014-06-27,Huelva,-5.0886
2014-06-28,Huelva,-5.0971
2014-06-29,Huelva,-5.113
2014-06-30,Huelva,-5.1111
2014-07-01,Huelva,-5.1095
2014-07-02,Huelva,-5.0875
2014-07-03,Huelva,-5.0157
2014-07-04,Huelva,-5.0691
2014-07-05,Huelva,-5.0476
2014-07-06,Huelva,-5.0946
2014-07-07,Huelva,-5.1103
2014-07-08,Huelva,-5.1097
2014-07-09,Huelva,-5.1151
2014-07-10,Huelva,-5.0996
2014-07-11,Huelva,-5.0985
2014-07-12,Huelva,-5.0499
2014-07-13,Huelva,-5.019
2014-07-14,Huelva,-4.9995
2014-07-15,Huelva,-4.9451
2014-07-16,Huelva,-4.9769
2014-07-17,Huelva,-4.9724
2014-07-18,Huelva,-5.0063
2014-07-19,Huelva,-5.0622
2014-07-20,Huelva,-5.1262
2014-07-21,Huelva,-5.1266
2014-07-22,Huelva,-5.1032
2014-07-23,Huelva,-5.0751
2014-07-24,Huelva,-5.0887
2014-07-25,Huelva,-5.0887
2014-07-26,Huelva,-5.0595
2014-07-27,Huelva,-5.0656
2014-07-28,Huelva,-5.0459
2014-07-29,Huelva,-5.0305
2014-07-30,Huelva,-5.0243
2014-07-31,Huelva,-5.0477
2014-08-01,Huelva,-5.0463
2014-08-02,Huelva,-5.0549
2014-08-03,Huelva,-5.0527
2014-08-04,Huelva,-5.0884
2014-08-05,Huelva,-5.1326
2014-08-06,Huelva,-5.0792
2014-08-07,Huelva,-5.1176
2014-08-08,Huelva,-5.1104
2014-08-09,Huelva,-5.1173
2014-08-10,Huelva,-5.0708
2014-08-11,Huelva,-5.1207
2014-08-12,Huelva,-5.0465
2014-08-13,Huelva,-5.0831
2014-08-14,Huelva,-5.0689
2014-08-15,Huelva,-5.0502
2014-08-16,Huelva,-5.0489
2014-08-17,Huelva,-5.0022
2014-08-18,Huelva,-4.9747
2014-08-19,Huelva,-5.0464
2014-08-20,Huelva,-5.0649
2014-08-21,Huelva,-5.083
2014-08-22,Huelva,-5.1109
2014-08-23,Huelva,-5.1136
2014-08-24,Huelva,-5.1128
2014-08-25,Huelva,-5.0783
2014-08-26,Huelva,-5.0707
2014-08-27,Huelva,-5.0515
2014-08-28,Huelva,-5.0517
2014-08-29,Huelva,-5.0528
2014-08-30,Huelva,-5.0281
2014-08-31,Huelva,-5.0038
2014-09-01,Huelva,-4.9916
2014-09-02,Huelva,-4.9678
2014-09-03,Huelva,-4.9745
2014-09-04,Huelva,-4.9697
2014-09-05,Huelva,-5.0636
2014-09-06,Huelva,-5.0812
2014-09-07,Huelva,-5.0591
2014-09-08,Huelva,-5.0491
2014-09-09,Huelva,-5.0558
2014-09-10,Huelva,-5.0425
2014-09-11,Huelva,-5.0321
2014-09-12,Huelva,-5.0295
2014-09-13,Huelva,-5.0261
2014-09-14,Huelva,-5.0179
2014-09-15,Huelva,-4.9688
2014-09-16,Huelva,-4.9569
2014-09-17,Huelva,-4.9234
2014-09-18,Huelva,-4.9375
2014-09-19,Huelva,-4.9477
2014-09-20,Huelva,-5.0174
2014-09-21,Huelva,-5.0225
2014-09-22,Huelva,-5.0143
2014-09-23,Huelva,-5.0109
2014-09-24,Huelva,-4.9993
2014-09-25,Huelva,-5.0172
2014-09-26,Huelva,-5.0311
2014-09-27,Huelva,-4.9779
2014-09-28,Huelva,-4.9892
2014-09-29,Huelva,-5.0193
2014-09-30,Huelva,-5.0013
2014-10-01,Huelva,-4.9754
2014-10-02,Huelva,-4.9546
2014-10-03,Huelva,-4.9894
2014-10-04,Huelva,-5.0222
2014-10-05,Huelva,-5.0507
2014-10-06,Huelva,-5.0679
2014-10-07,Huelva,-5.0521
2014-10-08,Huelva,-5.0344
2014-10-09,Huelva,-5.0187
2014-10-10,Huelva,-4.9684
2014-10-11,Huelva,-4.9138
2014-10-12,Huelva,-4.9512
2014-10-13,Huelva,-4.9481
2014-10-14,Huelva,-4.954
2014-10-15,Huelva,-4.9608
2014-10-16,Huelva,-4.95
2014-10-17,Huelva,-4.9638
2014-10-18,Huelva,-4.9857
2014-10-19,Huelva,-4.981
2014-10-20,Huelva,-4.9554
2014-10-21,Huelva,-5.0519
2014-10-22,Huelva,-5.0636
2014-10-23,Huelva,-5.0446
2014-10-24,Huelva,-4.9725
2014-10-25,Huelva,-4.9562
2014-10-26,Huelva,-4.9581
2014-10-27,Huelva,-4.9374
2014-10-28,Huelva,-4.8401
2014-10-29,Huelva,-4.8275
2014-10-30,Huelva,-4.8808
2014-10-31,Huelva,-4.8956
2014-11-01,Huelva,-4.9537
2014-11-02,Huelva,-4.9883
2014-11-03,Huelva,-5.015
2014-11-04,Huelva,-5.0212
2014-11-05,Huelva,-5.0741
2014-11-06,Huelva,-5.091
2014-11-07,Huelva,-5.089
2014-11-08,Huelva,-5.0684
2014-11-09,Huelva,-5.0442
2014-11-10,Huelva,-4.9875
2014-11-11,Huelva,-4.8875
2014-11-12,Huelva,-4.9599
2014-11-13,Huelva,-4.8981
2014-11-14,Huelva,-4.8868
2014-11-15,Huelva,-4.9584
2014-11-16,Huelva,-4.9719
2014-11-17,Huelva,-4.9859
2014-11-18,Huelva,-4.9528
2014-11-19,Huelva,-4.9148
2014-11-20,Huelva,-4.8516
2014-11-21,Huelva,-4.8724
2014-11-22,Huelva,-4.859
2014-11-23,Huelva,-4.8386
2014-11-24,Huelva,-4.8474
2014-11-25,Huelva,-4.8985
2014-11-26,Huelva,-4.8378
2014-11-27,Huelva,-4.6489
2014-11-28,Huelva,-4.5085
2014-11-29,Huelva,-4.6027
2014-11-30,Huelva,-4.7331
2014-12-01,Huelva,-4.8338
2014-12-02,Huelva,-4.94
2014-12-03,Huelva,-4.9355
2014-12-04,Huelva,-5.0033
2014-12-05,Huelva,-5.0814
2014-12-06,Huelva,-5.0958
2014-12-07,Huelva,-5.1369
2014-12-08,Huelva,-5.1635
2014-12-09,Huelva,-5.1598
2014-12-10,Huelva,-5.154
2014-12-11,Huelva,-5.1103
2014-12-12,Huelva,-5.0628
2014-12-13,Huelva,-4.893
2014-12-14,Huelva,-4.8521
2014-12-15,Huelva,-5.0
2014-12-16,Huelva,-5.0682
2014-12-17,Huelva,-5.1365
2014-12-18,Huelva,-5.1967
2014-12-19,Huelva,-5.2331
2014-12-20,Huelva,-5.2396
2014-12-21,Huelva,-5.2238
2014-12-22,Huelva,-5.1532
2014-12-23,Huelva,-5.1315
2014-12-24,Huelva,-5.1444
2014-12-25,Huelva,-5.1608
2014-12-26,Huelva,-5.1816
2014-12-27,Huelva,-5.1805
2014-12-28,Huelva,-5.1855
2014-12-29,Huelva,-5.215
2014-12-30,Huelva,-5.2036
2014-12-31,Huelva,-5.252
2015-01-01,Huelva,-5.2708
2015-01-02,Huelva,-5.2625
2015-01-03,Huelva,-5.2575
2015-01-04,Huelva,-5.2248
2015-01-05,Huelva,-5.1985
2015-01-06,Huelva,-5.1859
2015-01-07,Huelva,-5.2117
2015-01-08,Huelva,-5.2385
2015-01-09,Huelva,-5.2502
2015-01-10,Huelva,-5.213
2015-01-11,Huelva,-5.2193
2015-01-12,Huelva,-5.1947
2015-01-13,Huelva,-5.1673
2015-01-14,Huelva,-5.2062
2015-01-15,Huelva,-5.1404
2015-01-16,Huelva,-5.2175
2015-01-17,Huelva,-5.236
2015-01-18,Huelva,-5.0186
2015-01-19,Huelva,-5.2162
2015-01-20,Huelva,-5.1717
2015-01-21,Huelva,-5.2225
2015-01-22,Huelva,-5.2535
2015-01-23,Huelva,-5.2449
2015-01-24,Huelva,-5.2402
2015-01-25,Huelva,-5.2305
2015-01-26,Huelva,-5.21
2015-01-27,Huelva,-5.2319
2015-01-28,Huelva,-5.2419
2015-01-29,Huelva,-5.2235
2015-01-30,Huelva,-5.1704
2015-01-31,Huelva,-5.1913
2015-02-01,Huelva,-5.2688
2015-02-02,Huelva,-5.1881
2015-02-03,Huelva,-5.1826
2015-02-04,Huelva,-5.2076
2015-02-05,Huelva,-5.2306
2015-02-06,Huelva,-5.1694
2015-02-07,Huelva,-5.1032
2015-02-08,Huelva,-5.127
2015-02-09,Huelva,-5.0922
2015-02-10,Huelva,-5.0238
2015-02-11,Huelva,-5.0475
2015-02-12,Huelva,-5.059
2015-02-13,Huelva,-5.1312
2015-02-14,Huelva,-5.2009
2015-02-15,Huelva,-5.1973
2015-02-16,Huelva,-5.237
2015-02-17,Huelva,-5.3102
2015-02-18,Huelva,-5.2698
2015-02-19,Huelva,-5.2816
2015-02-20,Huelva,-5.2684
2015-02-21,Huelva,-5.1664
2015-02-22,Huelva,-5.1944
2015-02-23,Huelva,-5.2174
2015-02-24,Huelva,-5.3201
2015-02-25,Huelva,-5.3552
2015-02-26,Huelva,-5.2993
2015-02-27,Huelva,-5.3245
2015-02-28,Huelva,-5.3406
2015-03-01,Huelva,-5.3053
2015-03-02,Huelva,-5.2881
2015-03-03,Huelva,-5.2782
2015-03-04,Huelva,-5.2742
2015-03-05,Huelva,-5.2508
2015-03-06,Huelva,-5.2049
2015-03-07,Huelva,-5.165
2015-03-08,Huelva,-5.1681
2015-03-09,Huelva,-5.1534
2015-03-10,Huelva,-5.1489
2015-03-11,Huelva,-5.1465
2015-03-12,Huelva,-5.14
2015-03-13,Huelva,-5.1382
2015-03-14,Huelva,-5.1067
2015-03-15,Huelva,-5.088
2015-03-16,Huelva,-5.0973
2015-03-17,Huelva,-5.0926
2015-03-18,Huelva,-5.1016
2015-03-19,Huelva,-5.0451
2015-03-20,Huelva,-5.0113
2015-03-21,Huelva,-4.9785
2015-03-22,Huelva,-4.9514
2015-03-23,Huelva,-4.9303
2015-03-24,Huelva,-4.9368
2015-03-25,Huelva,-5.0374
2015-03-26,Huelva,-5.1672
2015-03-27,Huelva,-5.2085
2015-03-28,Huelva,-5.2213
2015-03-29,Huelva,-5.2256
2015-03-30,Huelva,-5.2434
2015-03-31,Huelva,-5.2096
2015-04-01,Huelva,-5.1547
2015-04-02,Huelva,-5.1137
2015-04-03,Huelva,-5.0689
2015-04-04,Huelva,-5.0313
2015-04-05,Huelva,-4.9937
2015-04-06,Huelva,-4.9985
2015-04-07,Huelva,-4.944
2015-04-08,Huelva,-4.9187
2015-04-09,Huelva,-4.9967
2015-04-10,Huelva,-5.0294
2015-04-11,Huelva,-5.0769
2015-04-12,Huelva,-5.0626
2015-04-13,Huelva,-5.0316
2015-04-14,Huelva,-5.0118
2015-04-15,Huelva,-5.0957
2015-04-16,Huelva,-5.1403
2015-04-17,Huelva,-5.1614
2015-04-18,Huelva,-5.2019
2015-04-19,Huelva,-5.18
2015-04-20,Huelva,-5.1426
2015-04-21,Huelva,-5.0211
2015-04-22,Huelva,-5.0518
2015-04-23,Huelva,-5.0988
2015-04-24,Huelva,-5.0863
2015-04-25,Huelva,-5.0878
2015-04-26,Huelva,-5.049
2015-04-27,Huelva,-5.1298
2015-04-28,Huelva,-5.1488
2015-04-29,Huelva,-5.175
2015-04-30,Huelva,-5.1762
2015-05-01,Huelva,-5.165
2015-05-02,Huelva,-5.1112
2015-05-03,Huelva,-5.0874
2015-05-04,Huelva,-5.0451
2015-05-05,Huelva,-5.0955
2015-05-06,Huelva,-5.0959
2015-05-07,Huelva,-5.0322
2015-05-08,Huelva,-5.0825
2015-05-09,Huelva,-5.06
2015-05-10,Huelva,-5.0079
2015-05-11,Huelva,-5.0082
2015-05-12,Huelva,-5.0533
2015-05-13,Huelva,-5.0782
2015-05-14,Huelva,-5.1452
2015-05-15,Huelva,-5.2202
2015-05-16,Huelva,-5.1659
2015-05-17,Huelva,-5.1017
2015-05-18,Huelva,-5.001
2015-05-19,Huelva,-5.0086
2015-05-20,Huelva,-5.0377
2015-05-21,Huelva,-5.0427
2015-05-22,Huelva,-5.0407
2015-05-23,Huelva,-5.0001
2015-05-24,Huelva,-4.9896
2015-05-25,Huelva,-5.0423
2015-05-26,Huelva,-5.0522
2015-05-27,Huelva,-5.0644
2015-05-28,Huelva,-5.0164
2015-05-29,Huelva,-5.0033
2015-05-30,Huelva,-5.063
2015-05-31,Huelva,-5.0888
2015-06-01,Huelva,-5.0956
2015-06-02,Huelva,-5.097
2015-06-03,Huelva,-5.0441
2015-06-04,Huelva,-4.9867
2015-06-05,Huelva,-4.9852
2015-06-06,Huelva,-4.9944
2015-06-07,Huelva,-4.9786
2015-06-08,Huelva,-4.996
2015-06-09,Huelva,-4.9918
2015-06-10,Huelva,-5.0004
2015-06-11,Huelva,-5.0407
2015-06-12,Huelva,-5.0758
2015-06-13,Huelva,-5.1198
2015-06-14,Huelva,-5.1216
2015-06-15,Huelva,-5.1564
2015-06-16,Huelva,-5.1449
2015-06-17,Huelva,-5.1005
2015-06-18,Huelva,-5.038
2015-06-19,Huelva,-5.0012
2015-06-20,Huelva,-4.9752
2015-06-21,Huelva,-4.9757
2015-06-22,Huelva,-4.9991
2015-06-23,Huelva,-5.0581
2015-06-24,Huelva,-5.0701
2015-06-25,Huelva,-5.0692
2015-06-26,Huelva,-5.0666
2015-06-27,Huelva,-5.0547
2015-06-28,Huelva,-5.0331
2015-06-29,Huelva,-5.0232
2015-06-30,Huelva,-5.0241
2015-07-01,Huelva,-5.0283
2015-07-02,Huelva,-5.0823
2015-07-03,Huelva,-5.0653
2015-07-04,Huelva,-5.0674
2015-07-05,Huelva,-5.0351
2015-07-06,Huelva,-5.0056
2015-07-07,Huelva,-5.0089
2015-07-08,Huelva,-5.0166
2015-07-09,Huelva,-5.0178
2015-07-10,Huelva,-5.0881
2015-07-11,Huelva,-5.1206
2015-07-12,Huelva,-5.1454
2015-07-13,Huelva,-5.1261
2015-07-14,Huelva,-5.1063
2015-07-15,Huelva,-5.0453
2015-07-16,Huelva,-5.0113
2015-07-17,Huelva,-4.9934
2015-07-18,Huelva,-5.0238
2015-07-19,Huelva,-5.0343
2015-07-20,Huelva,-5.0155
2015-07-21,Huelva,-5.0114
2015-07-22,Huelva,-5.0255
2015-07-23,Huelva,-5.0261
2015-07-24,Huelva,-5.0604
2015-07-25,Huelva,-5.0686
2015-07-26,Huelva,-5.0543
2015-07-27,Huelva,-5.0761
2015-07-28,Huelva,-5.0702
2015-07-29,Huelva,-5.0718
2015-07-30,Huelva,-5.0854
2015-07-31,Huelva,-5.0553
2015-08-01,Huelva,-5.07
2015-08-02,Huelva,-5.0153
2015-08-03,Huelva,-5.0004
2015-08-04,Huelva,-5.0055
2015-08-05,Huelva,-4.9888
2015-08-06,Huelva,-4.985
2015-08-07,Huelva,-5.0282
2015-08-08,Huelva,-5.0509
2015-08-09,Huelva,-5.0213
2015-08-10,Huelva,-5.026
2015-08-11,Huelva,-5.0196
2015-08-12,Huelva,-5.0456
2015-08-13,Huelva,-5.1353
2015-08-14,Huelva,-5.1364
2015-08-15,Huelva,-5.1016
2015-08-16,Huelva,-5.0521
2015-08-17,Huelva,-5.0491
2015-08-18,Huelva,-5.0013
2015-08-19,Huelva,-5.0174
2015-08-20,Huelva,-5.0191
2015-08-21,Huelva,-5.0104
2015-08-22,Huelva,-5.0261
2015-08-23,Huelva,-5.0599
2015-08-24,Huelva,-5.0834
2015-08-25,Huelva,-5.0953
2015-08-26,Huelva,-5.102
2015-08-27,Huelva,-5.1238
2015-08-28,Huelva,-5.1069
2015-08-29,Huelva,-5.0386
2015-08-30,Huelva,-4.9627
2015-08-31,Huelva,-4.9869
2015-09-01,Huelva,-4.9853
2015-09-02,Huelva,-4.9527
2015-09-03,Huelva,-5.0004
2015-09-04,Huelva,-5.0067
2015-09-05,Huelva,-5.0135
2015-09-06,Huelva,-5.0768
2015-09-07,Huelva,-5.0864
2015-09-08,Huelva,-5.0847
2015-09-09,Huelva,-5.0609
2015-09-10,Huelva,-5.0487
2015-09-11,Huelva,-5.0191
2015-09-12,Huelva,-5.0364
2015-09-13,Huelva,-5.075
2015-09-14,Huelva,-5.0528
2015-09-15,Huelva,-5.0122
2015-09-16,Huelva,-4.933
2015-09-17,Huelva,-5.0179
2015-09-18,Huelva,-5.0197
2015-09-19,Huelva,-5.029
2015-09-20,Huelva,-5.0128
2015-09-21,Huelva,-5.0286
2015-09-22,Huelva,-5.0082
2015-09-23,Huelva,-5.0357
2015-09-24,Huelva,-5.029
2015-09-25,Huelva,-5.0546
2015-09-26,Huelva,-5.0625
2015-09-27,Huelva,-5.0446
2015-09-28,Huelva,-5.0044
2015-09-29,Huelva,-4.9849
2015-09-30,Huelva,-4.9939
2015-10-01,Huelva,-5.0154
2015-10-02,Huelva,-4.9955
2015-10-03,Huelva,-4.9894
2015-10-04,Huelva,-4.9879
2015-10-05,Huelva,-5.0065
2015-10-06,Huelva,-5.0246
2015-10-07,Huelva,-5.0505
2015-10-08,Huelva,-5.0222
2015-10-09,Huelva,-4.9647
2015-10-10,Huelva,-4.9162
2015-10-11,Huelva,-4.9233
2015-10-12,Huelva,-4.9072
2015-10-13,Huelva,-4.91
2015-10-14,Huelva,-4.9273
2015-10-15,Huelva,-4.9052
2015-10-16,Huelva,-4.8898
2015-10-17,Huelva,-4.7341
2015-10-18,Huelva,-4.7583
2015-10-19,Huelva,-4.6947
2015-10-20,Huelva,-4.7398
2015-10-21,Huelva,-4.8451
2015-10-22,Huelva,-4.9175
2015-10-23,Huelva,-4.9577
2015-10-24,Huelva,-4.951
2015-10-25,Huelva,-4.9453
2015-10-26,Huelva,-4.9076
2015-10-27,Huelva,-4.9415
2015-10-28,Huelva,-4.9775
2015-10-29,Huelva,-4.9672
2015-10-30,Huelva,-4.9073
2015-10-31,Huelva,-4.8957
2015-11-01,Huelva,-4.8184
2015-11-02,Huelva,-4.7812
2015-11-03,Huelva,-4.8824
2015-11-04,Huelva,-4.9417
2015-11-05,Huelva,-5.0214
2015-11-06,Huelva,-5.0414
2015-11-07,Huelva,-5.0381
2015-11-08,Huelva,-5.0162
2015-11-09,Huelva,-5.0839
2015-11-10,Huelva,-5.0639
2015-11-11,Huelva,-5.0643
2015-11-12,Huelva,-5.0395
2015-11-13,Huelva,-5.0755
2015-11-14,Huelva,-5.0639
2015-11-15,Huelva,-5.0205
2015-11-16,Huelva,-5.0204
2015-11-17,Huelva,-5.035
2015-11-18,Huelva,-5.0426
2015-11-19,Huelva,-5.0763
2015-11-20,Huelva,-5.104
2015-11-21,Huelva,-5.159
2015-11-22,Huelva,-5.1596
2015-11-23,Huelva,-5.1405
2015-11-24,Huelva,-5.2396
2015-11-25,Huelva,-5.2477
2015-11-26,Huelva,-5.184
2015-11-27,Huelva,-5.0734
2015-11-28,Huelva,-5.0773
2015-11-29,Huelva,-5.106
2015-11-30,Huelva,-5.0962
2015-12-01,Huelva,-5.0959
2015-12-02,Huelva,-5.0904
2015-12-03,Huelva,-5.0767
2015-12-04,Huelva,-5.0769
2015-12-05,Huelva,-5.0647
2015-12-06,Huelva,-5.0539
2015-12-07,Huelva,-5.0831
2015-12-08,Huelva,-5.154
2015-12-09,Huelva,-5.1545
2015-12-10,Huelva,-5.1203
2015-12-11,Huelva,-5.101
2015-12-12,Huelva,-5.0513
2015-12-13,Huelva,-4.9981
2015-12-14,Huelva,-4.9754
2015-12-15,Huelva,-5.0338
2015-12-16,Huelva,-5.0683
2015-12-17,Huelva,-5.053
2015-12-18,Huelva,-5.0693
2015-12-19,Huelva,-5.0384
2015-12-20,Huelva,-5.0687
2015-12-21,Huelva,-5.1388
2015-12-22,Huelva,-5.1626
2015-12-23,Huelva,-5.168
2015-12-24,Huelva,-5.1696
2015-12-25,Huelva,-5.1633
2015-12-26,Huelva,-5.1281
2015-12-27,Huelva,-5.0216
2015-12-28,Huelva,-5.0104
2015-12-29,Huelva,-5.1295
2015-12-30,Huelva,-5.1203
2015-12-31,Huelva,-5.0954
2016-01-01,Huelva,-5.0619
2016-01-02,Huelva,-5.1137
2016-01-03,Huelva,-5.0969
2016-01-04,Huelva,-5.0522
2016-01-05,Huelva,-5.1125
2016-01-06,Huelva,-5.1611
2016-01-07,Huelva,-5.1693
2016-01-08,Huelva,-5.0733
2016-01-09,Huelva,-5.0687
2016-01-10,Huelva,-5.0517
2016-01-11,Huelva,-5.0468
2016-01-12,Huelva,-5.0943
2016-01-13,Huelva,-5.0727
2016-01-14,Huelva,-5.0454
2016-01-15,Huelva,-5.1314
2016-01-16,Huelva,-5.1728
2016-01-17,Huelva,-5.1641
2016-01-18,Huelva,-5.147
2016-01-19,Huelva,-5.1225
2016-01-20,Huelva,-5.1153
2016-01-21,Huelva,-5.1537
2016-01-22,Huelva,-5.1918
2016-01-23,Huelva,-5.1975
2016-01-24,Huelva,-5.1623
2016-01-25,Huelva,-5.1461
2016-01-26,Huelva,-5.1942
2016-01-27,Huelva,-5.1642
2016-01-28,Huelva,-5.145
2016-01-29,Huelva,-5.1782
2016-01-30,Huelva,-5.2065
2016-01-31,Huelva,-5.2234
2016-02-01,Huelva,-5.1942
2016-02-02,Huelva,-5.1707
2016-02-03,Huelva,-5.1941
2016-02-04,Huelva,-5.2005
2016-02-05,Huelva,-5.1266
2016-02-06,Huelva,-5.1321
2016-02-07,Huelva,-5.2293
2016-02-08,Huelva,-5.2322
2016-02-09,Huelva,-5.2066
2016-02-10,Huelva,-5.1754
2016-02-11,Huelva,-5.1337
2016-02-12,Huelva,-5.1114
2016-02-13,Huelva,-5.1055
2016-02-14,Huelva,-5.1828
2016-02-15,Huelva,-5.2889
2016-02-16,Huelva,-5.2844
2016-02-17,Huelva,-5.2742
2016-02-18,Huelva,-5.261
2016-02-19,Huelva,-5.2328
2016-02-20,Huelva,-5.2353
2016-02-21,Huelva,-5.2123
2016-02-22,Huelva,-5.2174
2016-02-23,Huelva,-5.2394
2016-02-24,Huelva,-5.2217
2016-02-25,Huelva,-5.2309
2016-02-26,Huelva,-5.1197
2016-02-27,Huelva,-5.1904
2016-02-28,Huelva,-5.201
2016-02-29,Huelva,-5.2116
2016-03-01,Huelva,-5.2439
2016-03-02,Huelva,-5.2742
2016-03-03,Huelva,-5.2422
2016-03-04,Huelva,-5.1671
2016-03-05,Huelva,-5.2083
2016-03-06,Huelva,-5.2371
2016-03-07,Huelva,-5.2327
2016-03-08,Huelva,-5.2601
2016-03-09,Huelva,-5.2333
2016-03-10,Huelva,-5.2505
2016-03-11,Huelva,-5.1429
2016-03-12,Huelva,-5.1695
2016-03-13,Huelva,-5.1421
2016-03-14,Huelva,-5.0846
2016-03-15,Huelva,-5.0968
2016-03-16,Huelva,-5.1477
2016-03-17,Huelva,-5.1322
2016-03-18,Huelva,-5.1363
2016-03-19,Huelva,-5.1443
2016-03-20,Huelva,-5.1015
2016-03-21,Huelva,-5.0642
2016-03-22,Huelva,-5.1143
2016-03-23,Huelva,-5.1468
2016-03-24,Huelva,-5.1567
2016-03-25,Huelva,-5.175
2016-03-26,Huelva,-5.1926
2016-03-27,Huelva,-5.168
2016-03-28,Huelva,-5.1704
2016-03-29,Huelva,-5.1108
2016-03-30,Huelva,-5.0679
2016-03-31,Huelva,-5.1981
2016-04-01,Huelva,-5.1776
2016-04-02,Huelva,-5.1309
2016-04-03,Huelva,-5.1606
2016-04-04,Huelva,-5.1009
2016-04-05,Huelva,-5.1957
2016-04-06,Huelva,-5.1582
2016-04-07,Huelva,-5.1376
2016-04-08,Huelva,-5.1707
2016-04-09,Huelva,-5.1184
2016-04-10,Huelva,-5.038
2016-04-11,Huelva,-4.997
2016-04-12,Huelva,-5.0024
2016-04-13,Huelva,-5.0552
2016-04-14,Huelva,-5.0689
2016-04-15,Huelva,-5.0577
2016-04-16,Huelva,-5.0402
2016-04-17,Huelva,-5.0789
2016-04-18,Huelva,-5.0323
2016-04-19,Huelva,-4.9615
2016-04-20,Huelva,-5.057
2016-04-21,Huelva,-5.0791
2016-04-22,Huelva,-5.0773
2016-04-23,Huelva,-5.0719
2016-04-24,Huelva,-5.0604
2016-04-25,Huelva,-5.0292
2016-04-26,Huelva,-4.9815
2016-04-27,Huelva,-4.9993
2016-04-28,Huelva,-5.0223
2016-04-29,Huelva,-5.0098
2016-04-30,Huelva,-5.0757
2016-05-01,Huelva,-5.1004
2016-05-02,Huelva,-5.1011
2016-05-03,Huelva,-5.049
2016-05-04,Huelva,-5.0225
2016-05-05,Huelva,-4.9831
2016-05-06,Huelva,-5.0097
2016-05-07,Huelva,-4.9282
2016-05-08,Huelva,-4.7696
2016-05-09,Huelva,-4.7815
2016-05-10,Huelva,-4.7767
2016-05-11,Huelva,-4.7887
2016-05-12,Huelva,-4.893
2016-05-13,Huelva,-5.0216
2016-05-14,Huelva,-5.0851
2016-05-15,Huelva,-5.1099
2016-05-16,Huelva,-5.124
2016-05-17,Huelva,-5.1033
2016-05-18,Huelva,-5.1367
2016-05-19,Huelva,-5.1558
2016-05-20,Huelva,-5.1321
2016-05-21,Huelva,-5.0889
2016-05-22,Huelva,-5.1325
2016-05-23,Huelva,-5.1007
2016-05-24,Huelva,-5.0224
2016-05-25,Huelva,-5.0329
2016-05-26,Huelva,-5.0326
2016-05-27,Huelva,-5.0397
2016-05-28,Huelva,-5.0603
2016-05-29,Huelva,-5.1162
2016-05-30,Huelva,-5.1293
2016-05-31,Huelva,-5.1599
2016-06-01,Huelva,-5.1467
2016-06-02,Huelva,-5.1162
2016-06-03,Huelva,-5.1281
2016-06-04,Huelva,-5.1652
2016-06-05,Huelva,-5.1454
2016-06-06,Huelva,-5.1309
2016-06-07,Huelva,-5.1004
2016-06-08,Huelva,-5.0395
2016-06-09,Huelva,-5.0212
2016-06-10,Huelva,-5.0555
2016-06-11,Huelva,-5.0769
2016-06-12,Huelva,-5.0899
2016-06-13,Huelva,-5.1457
2016-06-14,Huelva,-5.1317
2016-06-15,Huelva,-5.0934
2016-06-16,Huelva,-5.1345
2016-06-17,Huelva,-5.1688
2016-06-18,Huelva,-5.1872
2016-06-19,Huelva,-5.1841
2016-06-20,Huelva,-5.1231
2016-06-21,Huelva,-5.017
2016-06-22,Huelva,-4.949
2016-06-23,Huelva,-4.9797
2016-06-24,Huelva,-4.989
2016-06-25,Huelva,-4.9912
2016-06-26,Huelva,-4.9673
2016-06-27,Huelva,-5.0079
2016-06-28,Huelva,-4.9853
2016-06-29,Huelva,-5.0258
2016-06-30,Huelva,-5.0519
2016-07-01,Huelva,-5.0998
2016-07-02,Huelva,-5.0914
2016-07-03,Huelva,-5.035
2016-07-04,Huelva,-5.0293
2016-07-05,Huelva,-5.0408
2016-07-06,Huelva,-5.0348
2016-07-07,Huelva,-5.0539
2016-07-08,Huelva,-5.0382
2016-07-09,Huelva,-5.0164
2016-07-10,Huelva,-5.0144
2016-07-11,Huelva,-5.0183
2016-07-12,Huelva,-5.0944
2016-07-13,Huelva,-5.0966
2016-07-14,Huelva,-5.0819
2016-07-15,Huelva,-5.0404
2016-07-16,Huelva,-4.9798
2016-07-17,Huelva,-4.9461
2016-07-18,Huelva,-4.9213
2016-07-19,Huelva,-4.9424
2016-07-20,Huelva,-4.9596
2016-07-21,Huelva,-4.9961
2016-07-22,Huelva,-5.0258
2016-07-23,Huelva,-4.9768
2016-07-24,Huelva,-4.9482
2016-07-25,Huelva,-4.9111
2016-07-26,Huelva,-4.929
2016-07-27,Huelva,-4.9582
2016-07-28,Huelva,-4.971
2016-07-29,Huelva,-4.9852
2016-07-30,Huelva,-5.0616
2016-07-31,Huelva,-5.0787
2016-08-01,Huelva,-5.0969
2016-08-02,Huelva,-5.0511
2016-08-03,Huelva,-5.0442
2016-08-04,Huelva,-5.0434
2016-08-05,Huelva,-5.0483
2016-08-06,Huelva,-4.9961
2016-08-07,Huelva,-4.9387
2016-08-08,Huelva,-4.9124
2016-08-09,Huelva,-4.9236
2016-08-10,Huelva,-4.9303
2016-08-11,Huelva,-4.9138
2016-08-12,Huelva,-4.942
2016-08-13,Huelva,-4.9506
2016-08-14,Huelva,-4.9455
2016-08-15,Huelva,-4.9819
2016-08-16,Huelva,-5.0077
2016-08-17,Huelva,-5.0485
2016-08-18,Huelva,-5.0449
2016-08-19,Huelva,-5.0334
2016-08-20,Huelva,-5.0392
2016-08-21,Huelva,-5.0409
2016-08-22,Huelva,-4.984
2016-08-23,Huelva,-4.9129
2016-08-24,Huelva,-4.869
2016-08-25,Huelva,-4.8597
2016-08-26,Huelva,-4.8907
2016-08-27,Huelva,-4.9419
2016-08-28,Huelva,-5.0209
2016-08-29,Huelva,-5.0602
2016-08-30,Huelva,-5.0756
2016-08-31,Huelva,-5.0548
2016-09-01,Huelva,-5.0491
2016-09-02,Huelva,-5.0203
2016-09-03,Huelva,-4.9921
2016-09-04,Huelva,-4.9712
2016-09-05,Huelva,-5.6507
2016-09-06,Huelva,-5.1778
2016-09-07,Huelva,-4.9443
2016-09-08,Huelva,-5.0062
2016-09-09,Huelva,-5.0534
2016-09-10,Huelva,-5.0398
2016-09-11,Huelva,-5.043
2016-09-12,Huelva,-5.0267
2016-09-13,Huelva,-5.0693
2016-09-14,Huelva,-5.1468
2016-09-15,Huelva,-5.0302
2016-09-19,Huelva,-5.0131
2016-09-20,Huelva,-4.9897
2016-09-21,Huelva,-4.9851
2016-09-22,Huelva,-5.0239
2016-09-23,Huelva,-5.0577
2016-09-24,Huelva,-5.228
2016-09-27,Huelva,-4.9853
2016-09-30,Huelva,-4.9944
2016-10-01,Huelva,-4.9881
2016-10-02,Huelva,-5.0094
2016-10-03,Huelva,-5.0116
2016-10-04,Huelva,-5.002
2016-10-05,Huelva,-4.7484
2016-10-10,Huelva,-5.0186
2016-10-11,Huelva,-5.0205
2016-10-12,Huelva,-4.9367
2016-10-13,Huelva,-4.9427
2016-10-14,Huelva,-5.0328
2016-10-27,Huelva,-4.9687
2016-10-28,Huelva,-4.9394
2016-10-29,Huelva,-4.91
2016-10-30,Huelva,-4.9224
2016-10-31,Huelva,-4.8785
2016-11-08,Huelva,-5.0209
2016-11-10,Huelva,-5.1317
2016-11-11,Huelva,-5.1272
2016-11-12,Huelva,-5.1352
2016-11-13,Huelva,-5.1258
2016-11-14,Huelva,-5.1069
2016-11-15,Huelva,-5.1086
2016-11-16,Huelva,-5.0771
2016-11-17,Huelva,-4.7933
2016-11-18,Huelva,-5.1601
2016-11-19,Huelva,-5.0138
2016-11-20,Huelva,-4.9386
2016-11-21,Huelva,-4.8887
2016-11-22,Huelva,-4.888
2016-11-23,Huelva,-4.922
2016-11-24,Huelva,-4.9631
2016-11-25,Huelva,-4.8887
2016-11-26,Huelva,-4.834
2016-11-27,Huelva,-4.8376
2016-11-28,Huelva,-4.9801
2016-11-29,Huelva,-4.9848
2016-11-30,Huelva,-4.9307
2016-12-01,Huelva,-4.9421
2016-12-02,Huelva,-4.9215
2016-12-03,Huelva,-4.7512
2016-12-04,Huelva,-4.7278
2016-12-05,Huelva,-4.7722
2016-12-06,Huelva,-4.9401
2016-12-07,Huelva,-5.0102
2016-12-08,Huelva,-5.0083
2016-12-09,Huelva,-4.9929
2016-12-10,Huelva,-5.0544
2016-12-11,Huelva,-5.0894
2016-12-12,Huelva,-5.1128
2016-12-13,Huelva,-5.094
2016-12-14,Huelva,-5.0357
2016-12-15,Huelva,-5.0675
2016-12-16,Huelva,-5.0102
2016-12-17,Huelva,-5.0041
2016-12-18,Huelva,-4.9895
2016-12-19,Huelva,-4.9934
2016-12-20,Huelva,-5.0616
2016-12-21,Huelva,-5.1658
2016-12-22,Huelva,-5.1948
2016-12-23,Huelva,-5.2192
2016-12-24,Huelva,-5.211
2016-12-25,Huelva,-5.1692
2016-12-26,Huelva,-5.1558
2016-12-27,Huelva,-5.1541
2016-12-28,Huelva,-5.1591
2016-12-29,Huelva,-5.1561
2016-12-30,Huelva,-5.1523
2016-12-31,Huelva,-5.1039
2017-01-01,Huelva,-5.0593
2017-01-02,Huelva,-4.9548
2017-01-03,Huelva,-5.0071
2017-01-04,Huelva,-5.091
2017-01-05,Huelva,-5.1098
2017-01-06,Huelva,-5.1016
2017-01-07,Huelva,-5.0933
2017-01-08,Huelva,-5.119
2017-01-09,Huelva,-5.1473
2017-01-10,Huelva,-5.1633
2017-01-11,Huelva,-5.1675
2017-01-12,Huelva,-5.1461
2017-01-13,Huelva,-5.2163
2017-01-14,Huelva,-5.2207
2017-01-15,Huelva,-5.222
2017-01-16,Huelva,-5.2049
2017-01-17,Huelva,-5.1404
2017-01-18,Huelva,-5.1338
2017-01-19,Huelva,-5.0913
2017-01-20,Huelva,-5.0815
2017-01-21,Huelva,-5.0595
2017-01-22,Huelva,-5.1274
2017-01-23,Huelva,-5.1437
2017-01-24,Huelva,-5.1912
2017-01-25,Huelva,-5.1757
2017-01-26,Huelva,-5.0052
2017-01-27,Huelva,-5.0891
2017-01-28,Huelva,-5.2054
2017-01-29,Huelva,-5.1815
2017-01-30,Huelva,-5.1373
2017-01-31,Huelva,-5.03
2017-02-01,Huelva,-5.0534
2017-02-02,Huelva,-5.0314
2017-02-03,Huelva,-5.0953
2017-02-06,Huelva,-5.1937
2017-02-07,Huelva,-5.3064
2017-02-08,Huelva,-5.314
2017-02-09,Huelva,-5.2045
2017-02-10,Huelva,-5.1166
2017-02-11,Huelva,-4.9356
2017-02-12,Huelva,-4.7341
2017-02-13,Huelva,-4.903
2017-02-14,Huelva,-4.9717
2017-02-15,Huelva,-5.0017
2017-02-16,Huelva,-4.9873
2017-02-17,Huelva,-5.0889
2017-02-18,Huelva,-5.0923
2017-02-19,Huelva,-5.0632
2017-02-20,Huelva,-5.0591
2017-02-21,Huelva,-5.0182
2017-02-22,Huelva,-5.026
2017-02-23,Huelva,-5.0262
2017-02-24,Huelva,-5.0654
2017-02-25,Huelva,-5.1152
2017-02-26,Huelva,-5.128
2017-02-27,Huelva,-5.1255
2017-02-28,Huelva,-5.1369
2017-03-01,Huelva,-5.1131
2017-03-02,Huelva,-5.0731
2017-03-03,Huelva,-5.0354
2017-03-04,Huelva,-5.0375
2017-03-05,Huelva,-5.1309
2017-03-06,Huelva,-5.2109
2017-03-07,Huelva,-5.2507
2017-03-08,Huelva,-5.2335
2017-03-09,Huelva,-5.1636
2017-03-10,Huelva,-5.1622
2017-03-11,Huelva,-5.1849
2017-03-12,Huelva,-5.2258
2017-03-13,Huelva,-5.224
2017-03-14,Huelva,-5.1225
2017-03-15,Huelva,-5.0722
2017-03-16,Huelva,-5.0435
2017-03-17,Huelva,-5.035
2017-03-18,Huelva,-5.0592
2017-03-19,Huelva,-5.0577
2017-03-20,Huelva,-5.1029
2017-03-21,Huelva,-5.1821
2017-03-22,Huelva,-5.2029
2017-03-23,Huelva,-5.1834
2017-03-24,Huelva,-5.144
2017-03-25,Huelva,-5.1167
2017-03-26,Huelva,-5.0783
2017-03-27,Huelva,-5.1972
2017-03-28,Huelva,-5.2438
2017-03-29,Huelva,-5.2265
2017-03-30,Huelva,-5.1596
2017-03-31,Huelva,-5.1744
2017-04-01,Huelva,-5.2014
2017-04-02,Huelva,-5.1422
2017-04-03,Huelva,-5.1569
2017-04-04,Huelva,-5.1496
2017-04-05,Huelva,-5.1403
2017-04-06,Huelva,-5.1247
2017-04-07,Huelva,-5.0748
2017-04-08,Huelva,-5.0812
2017-04-09,Huelva,-5.0442
2017-04-10,Huelva,-5.0494
2017-04-11,Huelva,-5.0862
2017-04-12,Huelva,-5.0663
2017-04-13,Huelva,-5.0562
2017-04-14,Huelva,-5.063
2017-04-15,Huelva,-5.0644
2017-04-16,Huelva,-5.0445
2017-04-17,Huelva,-5.045
2017-04-18,Huelva,-4.9608
2017-04-19,Huelva,-4.8558
2017-04-20,Huelva,-4.7877
2017-04-21,Huelva,-4.8447
2017-04-22,Huelva,-4.9217
2017-04-23,Huelva,-4.979
2017-04-24,Huelva,-5.0096
2017-04-25,Huelva,-5.0387
2017-04-26,Huelva,-5.0765
2017-04-27,Huelva,-5.0341
2017-04-28,Huelva,-4.8729
2017-04-29,Huelva,-4.9226
2017-04-30,Huelva,-5.0073
2017-05-01,Huelva,-5.034
2017-05-02,Huelva,-4.9912
2017-05-03,Huelva,-4.922
2017-05-04,Huelva,-4.8873
2017-05-05,Huelva,-5.0207
2017-05-06,Huelva,-5.089
2017-05-07,Huelva,-5.1004
2017-05-08,Huelva,-5.0541
2017-05-09,Huelva,-5.0179
2017-05-10,Huelva,-4.9328
2017-05-11,Huelva,-4.9216
2017-05-12,Huelva,-4.9514
2017-05-13,Huelva,-5.0231
2017-05-14,Huelva,-5.0691
2017-05-15,Huelva,-5.0606
2017-05-16,Huelva,-5.0183
2017-05-17,Huelva,-4.978
2017-05-18,Huelva,-5.0869
2017-05-19,Huelva,-5.0999
2017-05-20,Huelva,-5.0383
2017-05-21,Huelva,-4.9024
2017-05-22,Huelva,-5.038
2017-05-23,Huelva,-5.0228
2017-05-24,Huelva,-4.9901
2017-05-25,Huelva,-4.9808
2017-05-26,Huelva,-4.9871
2017-05-27,Huelva,-4.965
2017-05-28,Huelva,-4.9714
2017-05-29,Huelva,-4.9831
2017-05-30,Huelva,-4.9729
2017-05-31,Huelva,-4.9911
2017-06-01,Huelva,-5.0209
2017-06-02,Huelva,-5.0441
2017-06-03,Huelva,-5.1007
2017-06-04,Huelva,-5.1389
2017-06-05,Huelva,-5.1571
2017-06-06,Huelva,-5.1565
2017-06-07,Huelva,-5.1071
2017-06-08,Huelva,-5.0335
2017-06-09,Huelva,-5.0543
2017-06-10,Huelva,-5.0349
2017-06-11,Huelva,-4.9909
2017-06-12,Huelva,-4.939
2017-06-13,Huelva,-4.8919
2017-06-14,Huelva,-4.7232
2017-06-15,Huelva,-4.7226
2017-06-16,Huelva,-4.9929
2017-06-17,Huelva,-4.9226
2017-06-18,Huelva,-4.9146
2017-06-19,Huelva,-4.9094
2017-06-20,Huelva,-4.9296
2017-06-21,Huelva,-4.995
2017-06-22,Huelva,-5.0594
2017-06-23,Huelva,-5.0818
2017-06-24,Huelva,-5.0631
2017-06-25,Huelva,-5.0025
2017-06-26,Huelva,-4.9951
2017-06-27,Huelva,-4.9923
2017-06-28,Huelva,-5.013
2017-06-29,Huelva,-5.0537
2017-06-30,Huelva,-5.0979
2017-07-01,Huelva,-5.0969
2017-07-02,Huelva,-5.075
2017-07-03,Huelva,-5.0153
2017-07-04,Huelva,-4.9565
2017-07-05,Huelva,-4.9604
2017-07-06,Huelva,-5.0274
2017-07-07,Huelva,-5.0492
2017-07-08,Huelva,-5.0675
2017-07-09,Huelva,-5.0402
2017-07-10,Huelva,-5.0337
2017-07-11,Huelva,-5.0138
2017-07-12,Huelva,-4.9994
2017-07-13,Huelva,-4.9952
2017-07-14,Huelva,-4.9773
2017-07-15,Huelva,-4.9886
2017-07-16,Huelva,-4.9851
2017-07-17,Huelva,-4.9726
2017-07-18,Huelva,-4.964
2017-07-19,Huelva,-5.0329
2017-07-20,Huelva,-5.0897
2017-07-21,Huelva,-5.0972
2017-07-22,Huelva,-5.1085
2017-07-23,Huelva,-5.1045
2017-07-24,Huelva,-5.0887
2017-07-25,Huelva,-5.0138
2017-07-26,Huelva,-4.9684
2017-07-27,Huelva,-4.9811
2017-07-28,Huelva,-4.9918
2017-07-29,Huelva,-4.9803
2017-07-30,Huelva,-4.9674
2017-07-31,Huelva,-5.0035
2017-08-01,Huelva,-5.0481
2017-08-02,Huelva,-5.0725
2017-08-03,Huelva,-5.0896
2017-08-04,Huelva,-5.0375
2017-08-05,Huelva,-5.0265
2017-08-06,Huelva,-5.0417
2017-08-07,Huelva,-5.023
2017-08-08,Huelva,-5.0611
2017-08-09,Huelva,-5.0553
2017-08-10,Huelva,-5.0337
2017-08-11,Huelva,-5.0028
2017-08-12,Huelva,-4.9555
2017-08-13,Huelva,-4.9157
2017-08-14,Huelva,-4.8901
2017-08-15,Huelva,-4.9564
2017-08-16,Huelva,-5.0105
2017-08-17,Huelva,-5.0248
2017-08-18,Huelva,-5.0309
2017-08-19,Huelva,-5.0393
2017-08-20,Huelva,-5.0062
2017-08-21,Huelva,-4.9643
2017-08-22,Huelva,-4.9576
2017-08-23,Huelva,-4.96
2017-08-24,Huelva,-4.9513
2017-08-25,Huelva,-4.9403
2017-08-26,Huelva,-4.905
2017-08-27,Huelva,-4.9094
2017-08-28,Huelva,-4.9738
2017-08-29,Huelva,-4.9663
2017-08-30,Huelva,-4.9867
2017-08-31,Huelva,-4.9775
2017-09-01,Huelva,-4.9793
2017-09-02,Huelva,-5.0085
2017-09-03,Huelva,-4.9936
2017-09-04,Huelva,-5.0271
2017-09-05,Huelva,-5.0432
2017-09-06,Huelva,-5.041
2017-09-07,Huelva,-5.0023
2017-09-08,Huelva,-4.9767
2017-09-09,Huelva,-5.0314
2017-09-10,Huelva,-5.0533
2017-09-11,Huelva,-5.0171
2017-09-12,Huelva,-5.0504
2017-09-13,Huelva,-5.0265
2017-09-14,Huelva,-5.0296
2017-09-15,Huelva,-5.0524
2017-09-16,Huelva,-5.0519
2017-09-17,Huelva,-5.0731
2017-09-18,Huelva,-5.1345
2017-09-19,Huelva,-5.1177
2017-09-20,Huelva,-5.0631
2017-09-21,Huelva,-5.0328
2017-09-22,Huelva,-5.0399
2017-09-23,Huelva,-5.0221
2017-09-24,Huelva,-5.0431
2017-09-25,Huelva,-5.0408
2017-09-26,Huelva,-5.034
2017-09-27,Huelva,-5.0014
2017-09-28,Huelva,-5.0049
2017-09-29,Huelva,-5.0061
2017-09-30,Huelva,-5.0393
2017-10-01,Huelva,-5.0534
2017-10-02,Huelva,-5.0471
2017-10-03,Huelva,-5.0361
2017-10-04,Huelva,-5.0418
2017-10-05,Huelva,-5.0282
2017-10-06,Huelva,-5.0033
2017-10-07,Huelva,-5.1674
2017-10-08,Huelva,-4.8989
2017-10-09,Huelva,-4.9172
2017-10-10,Huelva,-4.9294
2017-10-11,Huelva,-4.9263
2017-10-12,Huelva,-4.9545
2017-10-13,Huelva,-4.9985
2017-10-15,Huelva,-4.9801
2017-10-16,Huelva,-4.9607
2017-10-17,Huelva,-4.9474
2017-10-18,Huelva,-4.9846
2017-10-19,Huelva,-4.9913
2017-10-20,Huelva,-5.0313
2017-10-21,Huelva,-5.0388
2017-10-22,Huelva,-5.0664
2017-10-23,Huelva,-5.0176
2017-10-24,Huelva,-4.9598
2017-10-25,Huelva,-4.9445
2017-10-26,Huelva,-4.9794
2017-10-27,Huelva,-4.9883
2017-10-28,Huelva,-5.018
2017-10-29,Huelva,-4.9821
2017-10-30,Huelva,-4.9799
2017-10-31,Huelva,-4.9507
2017-11-01,Huelva,-4.9347
2017-11-02,Huelva,-4.9136
2017-11-03,Huelva,-4.9465
2017-11-04,Huelva,-4.9925
2017-11-05,Huelva,-5.0595
2017-11-06,Huelva,-5.035
2017-11-07,Huelva,-5.0342
2017-11-08,Huelva,-5.0444
2017-11-09,Huelva,-5.0883
2017-11-10,Huelva,-5.1357
2017-11-11,Huelva,-5.1311
2017-11-12,Huelva,-5.0846
2017-11-13,Huelva,-5.0788
2017-11-14,Huelva,-5.0519
2017-11-15,Huelva,-5.0375
2017-11-16,Huelva,-5.0354
2017-11-17,Huelva,-5.0489
2017-11-18,Huelva,-5.0237
2017-11-19,Huelva,-5.0196
2017-11-20,Huelva,-5.0105
2017-11-21,Huelva,-4.9856
2017-11-22,Huelva,-4.9329
2017-11-23,Huelva,-4.9328
2017-11-24,Huelva,-4.9451
2017-11-25,Huelva,-4.9605
2017-11-26,Huelva,-5.023
2017-11-27,Huelva,-5.02
2017-11-28,Huelva,-4.9509
2017-11-29,Huelva,-4.9185
2017-11-30,Huelva,-4.9908
2017-12-01,Huelva,-5.1164
2017-12-02,Huelva,-5.1535
2017-12-03,Huelva,-5.1869
2017-12-04,Huelva,-5.1643
2017-12-05,Huelva,-5.1442
2017-12-06,Huelva,-5.104
2017-12-07,Huelva,-5.1092
2017-12-08,Huelva,-5.1072
2017-12-09,Huelva,-5.1306
2017-12-10,Huelva,-5.0769
2017-12-11,Huelva,-4.9925
2017-12-12,Huelva,-5.1178
2017-12-13,Huelva,-5.1887
2017-12-14,Huelva,-5.1883
2017-12-15,Huelva,-5.1525
2017-12-16,Huelva,-5.196
2017-12-17,Huelva,-5.2474
2017-12-18,Huelva,-5.2601
2017-12-19,Huelva,-5.2162
2017-12-20,Huelva,-5.2447
2017-12-21,Huelva,-5.2689
2017-12-22,Huelva,-5.2466
2017-12-23,Huelva,-5.1982
2017-12-24,Huelva,-5.1166
2017-12-25,Huelva,-5.0803
2017-12-26,Huelva,-5.0982
2017-12-27,Huelva,-5.1444
2017-12-28,Huelva,-5.1746
2017-12-29,Huelva,-5.2211
2017-12-30,Huelva,-5.2427
2017-12-31,Huelva,-5.2618
2018-01-01,Huelva,-5.3364
2018-01-02,Huelva,-5.3352
2018-01-03,Huelva,-5.2977
2018-01-04,Huelva,-5.2095
2018-01-05,Huelva,-5.0285
2018-01-06,Huelva,-4.9367
2018-01-07,Huelva,-4.93
2018-01-08,Huelva,-4.9648
2018-01-09,Huelva,-5.0111
2018-01-10,Huelva,-5.1215
2018-01-11,Huelva,-5.2065
2018-01-12,Huelva,-5.177
2018-01-13,Huelva,-5.131
2018-01-14,Huelva,-5.1625
2018-01-15,Huelva,-5.1942
2018-01-16,Huelva,-5.2403
2018-01-17,Huelva,-5.2346
2018-01-18,Huelva,-5.1397
2018-01-19,Huelva,-5.1349
2018-01-20,Huelva,-5.2052
2018-01-21,Huelva,-5.2353
2018-01-22,Huelva,-5.1934
2018-01-23,Huelva,-5.1555
2018-01-24,Huelva,-5.1326
2018-01-25,Huelva,-5.1457
2018-01-26,Huelva,-5.2906
2018-01-27,Huelva,-5.2573
2018-01-28,Huelva,-5.2757
2018-01-29,Huelva,-5.2622
2018-01-30,Huelva,-5.2161
2018-01-31,Huelva,-5.1747
2018-02-01,Huelva,-5.1466
2018-02-02,Huelva,-5.1818
2018-02-03,Huelva,-5.1595
2018-02-04,Huelva,-5.0916
2018-02-05,Huelva,-5.0427
2018-02-06,Huelva,-5.1189
2018-02-07,Huelva,-5.1245
2018-02-08,Huelva,-5.1604
2018-02-09,Huelva,-5.201
2018-02-10,Huelva,-5.2405
2018-02-11,Huelva,-5.2504
2018-02-12,Huelva,-5.2246
2018-02-13,Huelva,-5.2348
2018-02-14,Huelva,-5.2407
2018-02-15,Huelva,-5.2152
2018-02-16,Huelva,-5.1869
2018-02-17,Huelva,-5.1677
2018-02-18,Huelva,-5.1394
2018-02-19,Huelva,-5.1063
2018-02-20,Huelva,-5.0593
2018-02-21,Huelva,-4.9978
2018-02-22,Huelva,-4.9853
2018-02-23,Huelva,-4.9583
2018-02-24,Huelva,-4.9717
2018-02-25,Huelva,-5.0112
2018-02-26,Huelva,-5.0004
2018-02-27,Huelva,-4.9902
2018-02-28,Huelva,-4.7695
2018-03-01,Huelva,-4.6808
2018-03-02,Huelva,-4.7214
2018-03-03,Huelva,-4.7461
2018-03-04,Huelva,-4.7268
2018-03-05,Huelva,-4.8304
2018-03-06,Huelva,-4.8504
2018-03-07,Huelva,-4.843
2018-03-08,Huelva,-4.8745
2018-03-09,Huelva,-4.8146
2018-03-10,Huelva,-4.815
2018-03-11,Huelva,-4.9513
2018-03-12,Huelva,-5.0827
2018-03-13,Huelva,-5.0464
2018-03-14,Huelva,-4.9521
2018-03-15,Huelva,-4.9904
2018-03-16,Huelva,-5.0331
2018-03-17,Huelva,-5.0049
2018-03-18,Huelva,-5.0234
2018-03-19,Huelva,-5.0368
2018-03-20,Huelva,-5.1277
2018-03-21,Huelva,-5.112
2018-03-22,Huelva,-5.1527
2018-03-23,Huelva,-5.1259
2018-03-24,Huelva,-5.1312
2018-03-25,Huelva,-5.099
2018-03-26,Huelva,-5.2103
2018-03-27,Huelva,-5.2374
2018-03-28,Huelva,-5.2274
2018-03-29,Huelva,-5.218
2018-03-30,Huelva,-5.1564
2018-03-31,Huelva,-5.1756
2018-04-01,Huelva,-5.3866
2018-04-02,Huelva,-4.9351
2018-04-03,Huelva,-4.9975
2018-04-04,Huelva,-5.0615
2018-04-05,Huelva,-5.0346
2018-04-06,Huelva,-4.9585
2018-04-07,Huelva,-5.0001
2018-04-08,Huelva,-5.0645
2018-04-09,Huelva,-5.1069
2018-04-10,Huelva,-5.0296
2018-04-11,Huelva,-5.1374
2018-04-12,Huelva,-5.0427
2018-04-13,Huelva,-5.0344
2018-04-14,Huelva,-5.13
2018-04-15,Huelva,-5.165
2018-04-16,Huelva,-5.203
2018-04-17,Huelva,-5.1665
2018-04-18,Huelva,-5.1096
2018-04-19,Huelva,-5.0241
2018-04-20,Huelva,-4.9168
2018-04-21,Huelva,-4.9667
2018-04-22,Huelva,-4.9937
2018-04-23,Huelva,-5.0238
2018-04-24,Huelva,-5.045
2018-04-25,Huelva,-5.0784
2018-04-26,Huelva,-5.1211
2018-04-27,Huelva,-5.1484
2018-04-28,Huelva,-5.1574
2018-04-29,Huelva,-5.1894
2018-04-30,Huelva,-5.1605
2018-05-01,Huelva,-5.1471
2018-05-02,Huelva,-5.145
2018-05-03,Huelva,-5.1318
2018-05-04,Huelva,-5.0518
2018-05-05,Huelva,-5.0278
2018-05-06,Huelva,-5.0042
2018-05-07,Huelva,-4.9987
2018-05-08,Huelva,-5.0236
2018-05-09,Huelva,-5.0373
2018-05-10,Huelva,-5.0698
2018-05-11,Huelva,-5.0837
2018-05-12,Huelva,-5.1742
2018-05-13,Huelva,-5.2141
2018-05-14,Huelva,-5.1839
2018-05-15,Huelva,-5.129
2018-05-16,Huelva,-5.0644
2018-05-17,Huelva,-5.0112
2018-05-18,Huelva,-4.9818
2018-05-19,Huelva,-4.9636
2018-05-20,Huelva,-4.9601
2018-05-21,Huelva,-4.9637
2018-05-22,Huelva,-5.0039
2018-05-23,Huelva,-5.0082
2018-05-24,Huelva,-5.0152
2018-05-25,Huelva,-5.0236
2018-05-26,Huelva,-5.0182
2018-05-27,Huelva,-5.0385
2018-05-28,Huelva,-5.0715
2018-05-29,Huelva,-5.0915
2018-05-30,Huelva,-5.0875
2018-05-31,Huelva,-5.1043
2018-06-01,Huelva,-5.1247
2018-06-02,Huelva,-5.115
2018-06-03,Huelva,-5.0944
2018-06-04,Huelva,-5.1284
2018-06-05,Huelva,-5.139
2018-06-06,Huelva,-5.133
2018-06-07,Huelva,-5.1266
2018-06-08,Huelva,-5.1049
2018-06-09,Huelva,-5.1163
2018-06-10,Huelva,-5.1449
2018-06-11,Huelva,-5.1711
2018-06-12,Huelva,-5.1766
2018-06-13,Huelva,-5.1864
2018-06-14,Huelva,-5.1222
2018-06-15,Huelva,-5.0663
2018-06-16,Huelva,-5.0368
2018-06-17,Huelva,-5.03
2018-06-18,Huelva,-5.0115
2018-06-19,Huelva,-5.0155
2018-06-20,Huelva,-4.9972
2018-06-21,Huelva,-5.0324
2018-06-22,Huelva,-5.0571
2018-06-23,Huelva,-5.0651
2018-06-24,Huelva,-5.0533
2018-06-25,Huelva,-5.0789
2018-06-26,Huelva,-5.0976
2018-06-27,Huelva,-5.1077
2018-06-28,Huelva,-5.0494
2018-06-29,Huelva,-4.9848
2018-06-30,Huelva,-4.9775
2018-07-01,Huelva,-5.0058
2018-07-02,Huelva,-5.0275
2018-07-03,Huelva,-5.0393
2018-07-04,Huelva,-5.1122
2018-07-05,Huelva,-5.1068
2018-07-06,Huelva,-5.1025
2018-07-07,Huelva,-5.0975
2018-07-08,Huelva,-5.1049
2018-07-09,Huelva,-5.1207
2018-07-10,Huelva,-5.1307
2018-07-11,Huelva,-5.1245
2018-07-12,Huelva,-5.0888
2018-07-13,Huelva,-5.0799
2018-07-14,Huelva,-5.0791
2018-07-15,Huelva,-5.0785
2018-07-16,Huelva,-5.0586
2018-07-17,Huelva,-4.9938
2018-07-18,Huelva,-5.025
2018-07-19,Huelva,-5.0638
2018-07-20,Huelva,-5.1047
2018-07-21,Huelva,-5.1154
2018-07-22,Huelva,-5.1076
2018-07-23,Huelva,-5.1101
2018-07-24,Huelva,-5.1088
2018-07-25,Huelva,-5.0901
2018-07-26,Huelva,-5.0686
2018-07-27,Huelva,-5.0715
2018-07-28,Huelva,-5.0933
2018-07-29,Huelva,-5.1351
2018-07-30,Huelva,-5.1137
2018-07-31,Huelva,-5.0654
2018-08-01,Huelva,-4.9999
2018-08-02,Huelva,-4.9109
2018-08-03,Huelva,-4.944
2018-08-04,Huelva,-4.9513
2018-08-05,Huelva,-4.9516
2018-08-06,Huelva,-4.9679
2018-08-07,Huelva,-5.0049
2018-08-08,Huelva,-5.0537
2018-08-09,Huelva,-5.1171
2018-08-10,Huelva,-5.0946
2018-08-11,Huelva,-5.0783
2018-08-12,Huelva,-5.0218
2018-08-13,Huelva,-5.0089
2018-08-14,Huelva,-5.0012
2018-08-15,Huelva,-4.9787
2018-08-16,Huelva,-4.9869
2018-08-17,Huelva,-4.9976
2018-08-18,Huelva,-4.9997
2018-08-19,Huelva,-4.9666
2018-08-20,Huelva,-4.9261
2018-08-21,Huelva,-4.9607
2018-08-22,Huelva,-4.9728
2018-08-23,Huelva,-4.9986
2018-08-24,Huelva,-5.001
2018-08-25,Huelva,-4.9774
2018-08-26,Huelva,-4.9607
2018-08-27,Huelva,-4.9204
2018-08-28,Huelva,-4.9537
2018-08-29,Huelva,-5.0057
2018-08-30,Huelva,-4.992
2018-08-31,Huelva,-4.9651
2018-09-01,Huelva,-4.9122
2018-09-02,Huelva,-4.8894
2018-09-03,Huelva,-4.9428
2018-09-04,Huelva,-4.9869
2018-09-05,Huelva,-5.0228
2018-09-06,Huelva,-5.0567
2018-09-07,Huelva,-5.0356
2018-09-08,Huelva,-5.0679
2018-09-09,Huelva,-5.0483
2018-09-10,Huelva,-5.0201
2018-09-11,Huelva,-4.9543
2018-09-12,Huelva,-4.9401
2018-09-13,Huelva,-4.9601
2018-09-14,Huelva,-4.9335
2018-09-15,Huelva,-4.9492
2018-09-16,Huelva,-4.9476
2018-09-17,Huelva,-4.9273
2018-09-18,Huelva,-4.9486
2018-09-19,Huelva,-4.9747
2018-09-20,Huelva,-4.9821
2018-09-21,Huelva,-4.9999
2018-09-22,Huelva,-5.0073
2018-09-23,Huelva,-4.9943
2018-09-24,Huelva,-4.9855
2018-09-25,Huelva,-4.9515
2018-09-26,Huelva,-4.8992
2018-09-27,Huelva,-4.9354
2018-09-28,Huelva,-4.9187
2018-09-29,Huelva,-4.8919
2018-09-30,Huelva,-4.8933
2018-10-01,Huelva,-4.9225
2018-10-02,Huelva,-4.9359
2018-10-03,Huelva,-4.9594
2018-10-04,Huelva,-4.9433
2018-10-05,Huelva,-4.9253
2018-10-06,Huelva,-4.9491
2018-10-07,Huelva,-4.9884
2018-10-08,Huelva,-4.9561
2018-10-09,Huelva,-4.8952
2018-10-10,Huelva,-4.8689
2018-10-11,Huelva,-4.8803
2018-10-12,Huelva,-4.9262
2018-10-13,Huelva,-4.861
2018-10-14,Huelva,-4.9524
2018-10-15,Huelva,-4.9286
2018-10-16,Huelva,-4.9263
2018-10-17,Huelva,-4.9387
2018-10-18,Huelva,-4.9314
2018-10-19,Huelva,-4.938
2018-10-20,Huelva,-4.9718
2018-10-21,Huelva,-4.9976
2018-10-22,Huelva,-5.0411
2018-10-23,Huelva,-5.03
2018-10-24,Huelva,-5.0272
2018-10-25,Huelva,-4.9856
2018-10-26,Huelva,-4.9247
2018-10-27,Huelva,-4.922
2018-10-28,Huelva,-4.9498
2018-10-29,Huelva,-4.9941
2018-10-30,Huelva,-4.8855
2018-10-31,Huelva,-4.9047
2018-11-01,Huelva,-4.9904
2018-11-02,Huelva,-5.1061
2018-11-03,Huelva,-5.1043
2018-11-04,Huelva,-5.0593
2018-11-05,Huelva,-5.053
2018-11-06,Huelva,-5.0481
2018-11-07,Huelva,-5.0152
2018-11-08,Huelva,-5.0079
2018-11-09,Huelva,-5.102
2018-11-10,Huelva,-5.0447
2018-11-11,Huelva,-4.9676
2018-11-12,Huelva,-4.9313
2018-11-13,Huelva,-4.9811
2018-11-14,Huelva,-4.9546
2018-11-15,Huelva,-4.9259
2018-11-16,Huelva,-4.9262
2018-11-17,Huelva,-4.8402
2018-11-18,Huelva,-4.7079
2018-11-19,Huelva,-4.8404
2018-11-20,Huelva,-4.8582
2018-11-21,Huelva,-4.9786
2018-11-22,Huelva,-4.9528
2018-11-23,Huelva,-4.9922
2018-11-24,Huelva,-4.948
2018-11-25,Huelva,-4.9252
2018-11-26,Huelva,-5.0536
2018-11-27,Huelva,-5.0069
2018-11-28,Huelva,-5.0111
2018-11-29,Huelva,-4.9738
2018-11-30,Huelva,-5.0472
2018-12-01,Huelva,-5.0748
2018-12-02,Huelva,-5.1054
2018-12-03,Huelva,-5.1116
2018-12-04,Huelva,-5.1237
2018-12-05,Huelva,-5.1319
2018-12-06,Huelva,-5.1398
2018-12-07,Huelva,-5.1343
2018-12-08,Huelva,-5.1453
2018-12-09,Huelva,-5.0977
2018-12-10,Huelva,-5.0502
2018-12-11,Huelva,-5.0162
2018-12-12,Huelva,-5.0302
2018-12-13,Huelva,-5.0552
2018-12-14,Huelva,-5.1557
2018-12-15,Huelva,-5.1084
2018-12-16,Huelva,-5.1391
2018-12-17,Huelva,-5.1609
2018-12-18,Huelva,-5.1238
2018-12-19,Huelva,-5.1522
2018-12-20,Huelva,-5.1752
2018-12-21,Huelva,-5.204
2018-12-22,Huelva,-5.1775
2018-12-23,Huelva,-5.1531
2018-12-24,Huelva,-5.1199
2018-12-25,Huelva,-5.0934
2018-12-26,Huelva,-5.0789
2018-12-27,Huelva,-5.0901
2018-12-28,Huelva,-5.0982
2018-12-29,Huelva,-5.103
2018-12-30,Huelva,-5.0993
2018-12-31,Huelva,-5.1298
2019-01-01,Huelva,-5.1743
2019-01-02,Huelva,-5.1962
2019-01-03,Huelva,-5.2042
2019-01-04,Huelva,-5.175
2019-01-05,Huelva,-5.1883
2019-01-06,Huelva,-5.197
2019-01-07,Huelva,-5.1541
2019-01-08,Huelva,-5.1269
2019-01-09,Huelva,-5.11
2019-01-10,Huelva,-5.058
2019-01-11,Huelva,-5.0571
2019-01-12,Huelva,-5.0973
2019-01-13,Huelva,-5.1035
2019-01-14,Huelva,-5.1115
2019-01-15,Huelva,-5.0789
2019-01-16,Huelva,-5.0187
2019-01-17,Huelva,-5.0516
2019-01-18,Huelva,-5.1112
2019-01-19,Huelva,-5.0964
2019-01-20,Huelva,-5.1594
2019-01-21,Huelva,-5.173
2019-01-22,Huelva,-5.1938
2019-01-23,Huelva,-5.1935
2019-01-24,Huelva,-5.1129
2019-01-25,Huelva,-5.0688
2019-01-26,Huelva,-5.0858
2019-01-27,Huelva,-5.1388
2019-01-28,Huelva,-5.1687
2019-01-29,Huelva,-5.1999
2019-01-30,Huelva,-5.17
2019-01-31,Huelva,-5.0892
2019-02-01,Huelva,-5.0416
2019-02-02,Huelva,-5.231
2019-02-03,Huelva,-5.2516
2019-02-04,Huelva,-5.2382
2019-02-05,Huelva,-5.231
2019-02-06,Huelva,-5.2129
2019-02-07,Huelva,-5.1657
2019-02-08,Huelva,-5.145
2019-02-09,Huelva,-5.1452
2019-02-10,Huelva,-5.1495
2019-02-11,Huelva,-5.1797
2019-02-12,Huelva,-5.1828
2019-02-13,Huelva,-5.1258
2019-02-14,Huelva,-5.0785
2019-02-15,Huelva,-5.1055
2019-02-16,Huelva,-5.0785
2019-02-17,Huelva,-5.0631
2019-02-18,Huelva,-5.0234
2019-02-19,Huelva,-5.0972
2019-02-20,Huelva,-5.1134
2019-02-21,Huelva,-5.0772
2019-02-22,Huelva,-5.0887
2019-02-23,Huelva,-5.1353
2019-02-24,Huelva,-5.1187
2019-02-25,Huelva,-5.069
2019-02-26,Huelva,-5.0621
2019-02-27,Huelva,-5.1047
2019-02-28,Huelva,-5.1708
2019-03-01,Huelva,-5.1496
2019-03-02,Huelva,-5.2004
2019-03-03,Huelva,-5.1492
2019-03-04,Huelva,-5.1557
2019-03-05,Huelva,-5.0963
2019-03-06,Huelva,-5.0338
2019-03-07,Huelva,-5.1015
2019-03-08,Huelva,-5.1034
2019-03-09,Huelva,-5.1691
2019-03-10,Huelva,-5.1804
2019-03-11,Huelva,-5.2
2019-03-12,Huelva,-5.1781
2019-03-13,Huelva,-5.2296
2019-03-14,Huelva,-5.1774
2019-03-15,Huelva,-5.1775
2019-03-16,Huelva,-5.1268
2019-03-17,Huelva,-5.1741
2019-03-18,Huelva,-5.2218
2019-03-19,Huelva,-5.2261
2019-03-20,Huelva,-5.1985
2019-03-21,Huelva,-5.158
2019-03-22,Huelva,-5.142
2019-03-23,Huelva,-5.0791
2019-03-24,Huelva,-5.0236
2019-03-25,Huelva,-5.0252
2019-03-26,Huelva,-4.9485
2019-03-27,Huelva,-4.9429
2019-03-28,Huelva,-5.0078
2019-03-29,Huelva,-4.9784
2019-03-30,Huelva,-4.9645
2019-03-31,Huelva,-4.969
2019-04-01,Huelva,-5.034
2019-04-02,Huelva,-5.0612
2019-04-03,Huelva,-5.0339
2019-04-04,Huelva,-5.0239
2019-04-05,Huelva,-5.0102
2019-04-06,Huelva,-5.0609
2019-04-07,Huelva,-5.0352
2019-04-08,Huelva,-5.0324
2019-04-09,Huelva,-5.0871
2019-04-10,Huelva,-5.0989
2019-04-11,Huelva,-5.1114
2019-04-12,Huelva,-5.1085
2019-04-13,Huelva,-5.1422
2019-04-14,Huelva,-5.1264
2019-04-15,Huelva,-5.1318
2019-04-16,Huelva,-5.1349
2019-04-17,Huelva,-5.042
2019-04-18,Huelva,-5.1089
2019-04-19,Huelva,-5.0657
2019-04-20,Huelva,-5.0438
2019-04-21,Huelva,-4.9866
2019-04-22,Huelva,-4.944
2019-04-23,Huelva,-4.9757
2019-04-24,Huelva,-4.9355
2019-04-25,Huelva,-5.0396
2019-04-26,Huelva,-5.154
2019-04-27,Huelva,-5.1399
2019-04-28,Huelva,-5.1114
2019-04-29,Huelva,-5.08
2019-04-30,Huelva,-5.0716
2019-05-01,Huelva,-5.0293
2019-05-02,Huelva,-5.0161
2019-05-03,Huelva,-5.0031
2019-05-04,Huelva,-5.0514
2019-05-05,Huelva,-5.0983
2019-05-06,Huelva,-5.0795
2019-05-07,Huelva,-5.0565
2019-05-08,Huelva,-5.046
2019-05-09,Huelva,-5.049
2019-05-10,Huelva,-5.0456
2019-05-11,Huelva,-5.0624
2019-05-12,Huelva,-5.0326
2019-05-13,Huelva,-5.0255
2019-05-14,Huelva,-4.9721
2019-05-15,Huelva,-5.0262
2019-05-16,Huelva,-5.0514
2019-05-17,Huelva,-5.1357
2019-05-18,Huelva,-5.1164
2019-05-19,Huelva,-5.1062
2019-05-20,Huelva,-5.0631
2019-05-21,Huelva,-5.0838
2019-05-22,Huelva,-5.0831
2019-05-23,Huelva,-5.0856
2019-05-24,Huelva,-5.0874
2019-05-25,Huelva,-5.0515
2019-05-26,Huelva,-5.0556
2019-05-27,Huelva,-5.0534
2019-05-28,Huelva,-5.0459
2019-05-29,Huelva,-5.0457
2019-05-30,Huelva,-5.0267
2019-05-31,Huelva,-5.0287
2019-06-01,Huelva,-5.0199
2019-06-02,Huelva,-5.0256
2019-06-03,Huelva,-4.9995
2019-06-04,Huelva,-5.0108
2019-06-05,Huelva,-5.0696
2019-06-06,Huelva,-5.0358
2019-06-07,Huelva,-5.0749
2019-06-08,Huelva,-5.06
2019-06-09,Huelva,-5.0969
2019-06-10,Huelva,-5.1224
2019-06-11,Huelva,-5.0926
2019-06-12,Huelva,-5.0602
2019-06-13,Huelva,-5.0954
2019-06-14,Huelva,-5.1751
2019-06-15,Huelva,-5.1898
2019-06-16,Huelva,-5.1464
2019-06-17,Huelva,-5.1136
2019-06-18,Huelva,-5.0804
2019-06-19,Huelva,-5.0496
2019-06-20,Huelva,-5.0277
2019-06-21,Huelva,-5.0265
2019-06-22,Huelva,-4.9743
2019-06-23,Huelva,-4.979
2019-06-24,Huelva,-5.013
2019-06-25,Huelva,-5.0214
2019-06-26,Huelva,-5.0364
2019-06-27,Huelva,-5.0579
2019-06-28,Huelva,-5.0517
2019-06-29,Huelva,-5.0455
2019-06-30,Huelva,-5.0611
2019-07-01,Huelva,-5.0741
2019-07-02,Huelva,-5.0727
2019-07-03,Huelva,-5.0145
2019-07-04,Huelva,-5.0139
2019-07-05,Huelva,-5.0284
2019-07-06,Huelva,-5.0254
2019-07-07,Huelva,-5.03
2019-07-08,Huelva,-5.0371
2019-07-09,Huelva,-5.0412
2019-07-10,Huelva,-5.0336
2019-07-11,Huelva,-5.052
2019-07-12,Huelva,-5.0634
2019-07-13,Huelva,-5.076
2019-07-14,Huelva,-5.0767
2019-07-15,Huelva,-5.0489
2019-07-16,Huelva,-5.0321
2019-07-17,Huelva,-5.0082
2019-07-18,Huelva,-4.9965
2019-07-19,Huelva,-4.9741
2019-07-20,Huelva,-4.998
2019-07-21,Huelva,-4.9899
2019-07-22,Huelva,-4.9805
2019-07-23,Huelva,-4.957
2019-07-24,Huelva,-4.9614
2019-07-25,Huelva,-4.9739
2019-07-26,Huelva,-5.037
2019-07-27,Huelva,-5.0854
2019-07-28,Huelva,-5.0693
2019-07-29,Huelva,-5.1002
2019-07-30,Huelva,-5.1405
2019-07-31,Huelva,-5.1045
2019-08-01,Huelva,-5.0773
2019-08-02,Huelva,-5.0646
2019-08-03,Huelva,-5.0077
2019-08-04,Huelva,-4.9825
2019-08-05,Huelva,-4.9936
2019-08-06,Huelva,-4.9901
2019-08-07,Huelva,-5.0319
2019-08-08,Huelva,-5.068
2019-08-09,Huelva,-5.121
2019-08-10,Huelva,-5.1401
2019-08-11,Huelva,-5.1837
2019-08-12,Huelva,-5.1743
2019-08-13,Huelva,-5.145
2019-08-14,Huelva,-5.1139
2019-08-15,Huelva,-5.074
2019-08-16,Huelva,-5.0442
2019-08-17,Huelva,-5.0165
2019-08-18,Huelva,-5.0053
2019-08-19,Huelva,-5.0153
2019-08-20,Huelva,-5.0304
2019-08-21,Huelva,-5.0164
2019-08-22,Huelva,-4.9852
2019-08-23,Huelva,-4.9415
2019-08-24,Huelva,-4.9624
2019-08-25,Huelva,-4.9636
2019-08-26,Huelva,-4.9593
2019-08-27,Huelva,-5.0323
2019-08-28,Huelva,-5.0558
2019-08-29,Huelva,-5.0622
2019-08-30,Huelva,-5.0161
2019-08-31,Huelva,-4.9638
2019-09-01,Huelva,-4.9356
2019-09-02,Huelva,-4.929
2019-09-03,Huelva,-4.9566
2019-09-04,Huelva,-4.9555
2019-09-05,Huelva,-4.9508
2019-09-06,Huelva,-4.9454
2019-09-07,Huelva,-4.9234
2019-09-08,Huelva,-4.9427
2019-09-09,Huelva,-4.9974
2019-09-10,Huelva,-5.0798
2019-09-11,Huelva,-5.0628
2019-09-12,Huelva,-5.0671
2019-09-13,Huelva,-5.0404
2019-09-14,Huelva,-5.0297
2019-09-15,Huelva,-5.009
2019-09-16,Huelva,-4.9907
2019-09-17,Huelva,-4.9739
2019-09-18,Huelva,-4.982
2019-09-19,Huelva,-4.9822
2019-09-20,Huelva,-4.9664
2019-09-21,Huelva,-4.9513
2019-09-22,Huelva,-4.9978
2019-09-23,Huelva,-5.0498
2019-09-24,Huelva,-5.0673
2019-09-25,Huelva,-5.0828
2019-09-26,Huelva,-5.0732
2019-09-27,Huelva,-5.0614
2019-09-28,Huelva,-5.0306
2019-09-29,Huelva,-5.2502
2019-09-30,Huelva,-4.9777
2019-10-01,Huelva,-5.0183
2019-10-02,Huelva,-5.0551
2019-10-03,Huelva,-5.0417
2019-10-04,Huelva,-5.036
2019-10-05,Huelva,-5.035
2019-10-06,Huelva,-5.0488
2019-10-07,Huelva,-5.0259
2019-10-08,Huelva,-5.0021
2019-10-09,Huelva,-4.9814
2019-10-10,Huelva,-4.9811
2019-10-11,Huelva,-4.9532
2019-10-12,Huelva,-4.935
2019-10-13,Huelva,-4.9667
2019-10-14,Huelva,-4.9888
2019-10-15,Huelva,-5.0341
2019-10-16,Huelva,-5.0017
2019-10-17,Huelva,-4.9943
2019-10-18,Huelva,-4.9834
2019-10-19,Huelva,-4.9239
2019-10-20,Huelva,-4.9694
2019-10-21,Huelva,-4.9788
2019-10-22,Huelva,-4.9636
2019-10-23,Huelva,-5.0181
2019-10-24,Huelva,-5.1194
2019-10-25,Huelva,-5.0895
2019-10-26,Huelva,-5.0438
2019-10-27,Huelva,-5.0342
2019-10-28,Huelva,-5.0159
2019-10-29,Huelva,-5.0229
2019-10-30,Huelva,-5.0252
2019-10-31,Huelva,-5.0464
2019-11-01,Huelva,-5.0506
2019-11-02,Huelva,-4.9903
2019-11-03,Huelva,-5.0399
2019-11-04,Huelva,-5.0103
2019-11-05,Huelva,-5.0581
2019-11-06,Huelva,-5.0822
2019-11-07,Huelva,-5.0896
2019-11-08,Huelva,-5.1624
2019-11-09,Huelva,-5.1546
2019-11-10,Huelva,-5.2136
2019-11-11,Huelva,-5.1356
2019-11-12,Huelva,-5.1576
2019-11-13,Huelva,-5.1114
2019-11-14,Huelva,-5.0707
2019-11-15,Huelva,-5.0898
2019-11-16,Huelva,-5.1074
2019-11-17,Huelva,-5.0792
2019-11-18,Huelva,-5.0841
2019-11-19,Huelva,-4.9936
2019-11-20,Huelva,-4.9627
2019-11-21,Huelva,-4.9294
2019-11-22,Huelva,-4.8778
2019-11-23,Huelva,-4.9982
2019-11-24,Huelva,-5.0619
2019-11-25,Huelva,-5.0645
2019-11-26,Huelva,-5.0182
2019-11-27,Huelva,-4.9994
2019-11-28,Huelva,-4.9668
2019-11-29,Huelva,-5.0498
2019-11-30,Huelva,-5.0405
2019-12-01,Huelva,-4.9677
2019-12-02,Huelva,-4.9044
2019-12-03,Huelva,-4.9207
2019-12-04,Huelva,-4.9467
2019-12-05,Huelva,-4.953
2019-12-06,Huelva,-5.0123
2019-12-07,Huelva,-5.0548
2019-12-08,Huelva,-5.1131
2019-12-09,Huelva,-5.1618
2019-12-10,Huelva,-5.1879
2019-12-11,Huelva,-5.2125
2019-12-12,Huelva,-5.2352
2019-12-13,Huelva,-5.2164
2019-12-14,Huelva,-5.1453
2019-12-15,Huelva,-5.0426
2019-12-16,Huelva,-4.7789
2019-12-17,Huelva,-5.0005
2019-12-18,Huelva,-4.9511
2019-12-19,Huelva,-4.8967
2019-12-20,Huelva,-4.8943
2019-12-21,Huelva,-4.9945
2019-12-22,Huelva,-5.1072
2019-12-23,Huelva,-5.1799
2019-12-24,Huelva,-5.1601
2019-12-25,Huelva,-5.1138
2019-12-26,Huelva,-5.1308
2019-12-27,Huelva,-5.0584
2019-12-28,Huelva,-5.0459
2019-12-29,Huelva,-5.0242
2019-12-30,Huelva,-5.058
2019-12-31,Huelva,-5.0535
2020-01-01,Huelva,-5.0779
2020-01-02,Huelva,-5.099
2020-01-03,Huelva,-5.1008
2020-01-04,Huelva,-5.1332
2020-01-05,Huelva,-5.1309
2020-01-06,Huelva,-5.1392
2020-01-07,Huelva,-5.1721
2020-01-08,Huelva,-5.1403
2020-01-09,Huelva,-5.1318
2020-01-10,Huelva,-5.185
2020-01-11,Huelva,-5.1741
2020-01-12,Huelva,-5.1658
2020-01-13,Huelva,-5.1326
2020-01-14,Huelva,-5.0936
2020-01-15,Huelva,-5.0747
2020-01-16,Huelva,-5.0927
2020-01-17,Huelva,-5.1451
2020-01-18,Huelva,-5.1447
2020-01-19,Huelva,-5.1552
2020-01-20,Huelva,-5.0975
2020-01-21,Huelva,-5.0307
2020-01-22,Huelva,-5.0314
2020-01-23,Huelva,-4.9802
2020-01-24,Huelva,-4.9661
2020-01-25,Huelva,-4.9567
2020-01-26,Huelva,-5.0715
2020-01-27,Huelva,-5.0827
2020-01-28,Huelva,-5.1136
2020-01-29,Huelva,-5.1018
2020-01-30,Huelva,-5.0934
2020-01-31,Huelva,-5.0767
2020-02-01,Huelva,-5.0942
2020-02-02,Huelva,-5.119
2020-02-03,Huelva,-5.117
2020-02-04,Huelva,-5.1566
2020-02-05,Huelva,-5.1324
2020-02-06,Huelva,-5.0328
2020-02-07,Huelva,-5.0902
2020-02-08,Huelva,-5.1739
2020-02-09,Huelva,-5.1808
2020-02-10,Huelva,-5.1824
2020-02-11,Huelva,-5.1552
2020-02-12,Huelva,-5.1105
2020-02-13,Huelva,-5.0996
2020-02-14,Huelva,-5.1167
2020-02-15,Huelva,-5.1345
2020-02-16,Huelva,-5.1374
2020-02-17,Huelva,-5.1876
2020-02-18,Huelva,-5.2152
2020-02-19,Huelva,-5.2133
2020-02-20,Huelva,-5.16
2020-02-21,Huelva,-5.1628
2020-02-22,Huelva,-5.1808
2020-02-23,Huelva,-5.1579
2020-02-24,Huelva,-5.1456
2020-02-25,Huelva,-5.1718
2020-02-26,Huelva,-5.1666
2020-02-27,Huelva,-5.1518
2020-02-28,Huelva,-5.0718
2020-02-29,Huelva,-5.0752
2020-03-01,Huelva,-5.0646
2020-03-02,Huelva,-5.0828
2020-03-03,Huelva,-5.1409
2020-03-04,Huelva,-5.1461
2020-03-05,Huelva,-5.1567
2020-03-06,Huelva,-5.2471
2020-03-07,Huelva,-5.2575
2020-03-08,Huelva,-5.264
2020-03-09,Huelva,-5.2774
2020-03-10,Huelva,-5.2192
2020-03-11,Huelva,-5.085
2020-03-12,Huelva,-5.0549
2020-03-13,Huelva,-5.03
2020-03-14,Huelva,-5.0122
2020-03-15,Huelva,-5.0212
2020-03-16,Huelva,-5.1125
2020-03-17,Huelva,-5.0381
2020-03-18,Huelva,-5.033
2020-03-19,Huelva,-5.0241
2020-03-20,Huelva,-4.9939
2020-03-21,Huelva,-5.039
2020-03-22,Huelva,-5.0425
2020-03-23,Huelva,-5.0274
2020-03-24,Huelva,-5.0166
2020-03-25,Huelva,-5.053
2020-03-26,Huelva,-5.0565
2020-03-27,Huelva,-5.0048
2020-03-28,Huelva,-4.9755
2020-03-29,Huelva,-4.983
2020-03-30,Huelva,-4.9216
2020-03-31,Huelva,-4.8629
2020-04-01,Huelva,-4.9256
2020-04-02,Huelva,-4.9782
2020-04-03,Huelva,-5.0124
2020-04-04,Huelva,-4.9631
2020-04-05,Huelva,-5.0224
2020-04-06,Huelva,-5.0679
2020-04-07,Huelva,-5.0881
2020-04-08,Huelva,-5.0803
2020-04-09,Huelva,-5.0336
2020-04-10,Huelva,-5.2681
2020-04-11,Huelva,-5.0136
2020-04-12,Huelva,-4.9748
2020-04-13,Huelva,-4.9402
2020-04-14,Huelva,-4.927
2020-04-15,Huelva,-4.9134
2020-04-16,Huelva,-4.9212
2020-04-17,Huelva,-4.9965
2020-04-18,Huelva,-5.022
2020-04-19,Huelva,-5.0795
2020-04-20,Huelva,-5.0786
2020-04-21,Huelva,-5.0359
2020-04-22,Huelva,-5.0699
2020-04-23,Huelva,-4.9934
2020-04-24,Huelva,-4.9395
2020-04-25,Huelva,-4.9719
2020-04-26,Huelva,-5.0084
2020-04-27,Huelva,-4.9755
2020-04-28,Huelva,-5.0237
2020-04-29,Huelva,-5.0796
2020-04-30,Huelva,-5.0924
2020-05-01,Huelva,-5.0967
2020-05-02,Huelva,-5.1161
2020-05-03,Huelva,-5.0698
2020-05-04,Huelva,-5.0606
2020-05-05,Huelva,-5.1404
2020-05-06,Huelva,-5.1436
2020-05-07,Huelva,-5.0485
2020-05-08,Huelva,-4.999
2020-05-09,Huelva,-5.0121
2020-05-10,Huelva,-5.0048
2020-05-11,Huelva,-4.9742
2020-05-12,Huelva,-4.9462
2020-05-13,Huelva,-4.9237
2020-05-14,Huelva,-4.8897
2020-05-15,Huelva,-4.9162
2020-05-16,Huelva,-5.0484
2020-05-17,Huelva,-5.1126
2020-05-18,Huelva,-5.1412
2020-05-19,Huelva,-5.1289
2020-05-20,Huelva,-5.113
2020-05-21,Huelva,-5.115
2020-05-22,Huelva,-5.1045
2020-05-23,Huelva,-5.0884
2020-05-24,Huelva,-5.0795
2020-05-25,Huelva,-5.0215
2020-05-26,Huelva,-4.9469
2020-05-27,Huelva,-4.8994
2020-05-28,Huelva,-4.8845
2020-05-29,Huelva,-4.9056
2020-05-30,Huelva,-4.8975
2020-05-31,Huelva,-4.8681
2020-06-01,Huelva,-4.9388
2020-06-02,Huelva,-4.9919
2020-06-03,Huelva,-5.0067
2020-06-04,Huelva,-5.0168
2020-06-05,Huelva,-5.0019
2020-06-06,Huelva,-4.9704
2020-06-07,Huelva,-4.9548
2020-06-08,Huelva,-4.9865
2020-06-09,Huelva,-4.977
2020-06-10,Huelva,-4.9634
2020-06-11,Huelva,-4.966
2020-06-12,Huelva,-4.9852
2020-06-13,Huelva,-5.0408
2020-06-14,Huelva,-5.0904
2020-06-15,Huelva,-5.114
2020-06-16,Huelva,-5.1244
2020-06-17,Huelva,-5.1091
2020-06-18,Huelva,-5.1021
2020-06-19,Huelva,-5.1283
2020-06-20,Huelva,-5.1247
2020-06-21,Huelva,-5.1437
2020-06-22,Huelva,-5.0566
2020-06-23,Huelva,-4.9682
2020-06-24,Huelva,-4.9482
2020-06-25,Huelva,-4.9255
2020-06-26,Huelva,-4.9768
2020-06-27,Huelva,-5.0144
2020-06-28,Huelva,-5.0306
2020-06-29,Huelva,-5.0171
2020-06-30,Huelva,-5.0108
2020-07-01,Huelva,-5.0699
2020-07-02,Huelva,-5.1132
2020-07-03,Huelva,-5.1543
2020-07-04,Huelva,-5.1013
2020-07-05,Huelva,-5.053
2020-07-06,Huelva,-5.019
2020-07-07,Huelva,-4.9675
2020-07-08,Huelva,-4.9446
2020-07-09,Huelva,-4.9493
2020-07-10,Huelva,-4.9478
2020-07-11,Huelva,-4.9263
2020-07-12,Huelva,-4.9214
2020-07-13,Huelva,-4.9621
2020-07-14,Huelva,-4.9515
2020-07-15,Huelva,-4.9094
2020-07-16,Huelva,-4.8867
2020-07-17,Huelva,-4.9237
2020-07-18,Huelva,-4.9388
2020-07-19,Huelva,-4.9544
2020-07-20,Huelva,-4.9175
2020-07-21,Huelva,-4.8848
2020-07-22,Huelva,-4.9557
2020-07-23,Huelva,-4.9392
2020-07-24,Huelva,-4.9214
2020-07-25,Huelva,-4.9141
2020-07-26,Huelva,-4.9056
2020-07-27,Huelva,-4.9165
2020-07-28,Huelva,-4.9867
2020-07-29,Huelva,-4.9768
2020-07-30,Huelva,-4.9784
2020-07-31,Huelva,-5.0125
2020-08-01,Huelva,-5.0537
2020-08-02,Huelva,-5.0584
2020-08-03,Huelva,-5.0332
2020-08-04,Huelva,-4.9919
2020-08-05,Huelva,-4.9425
2020-08-06,Huelva,-4.9134
2020-08-07,Huelva,-4.9156
2020-08-08,Huelva,-4.9543
2020-08-09,Huelva,-4.926
2020-08-10,Huelva,-4.9034
2020-08-11,Huelva,-4.9262
2020-08-12,Huelva,-4.9887
2020-08-13,Huelva,-5.0133
2020-08-14,Huelva,-5.0415
2020-08-15,Huelva,-5.1033
2020-08-16,Huelva,-5.1398
2020-08-17,Huelva,-5.147
2020-08-18,Huelva,-5.1077
2020-08-19,Huelva,-5.0431
2020-08-20,Huelva,-5.0116
2020-08-21,Huelva,-5.0179
2020-08-22,Huelva,-5.0405
2020-08-23,Huelva,-5.0339
2020-08-24,Huelva,-5.0085
2020-08-25,Huelva,-5.0077
2020-08-26,Huelva,-5.0147
2020-08-27,Huelva,-5.0302
2020-08-28,Huelva,-5.0444
2020-08-29,Huelva,-5.0675
2020-08-30,Huelva,-5.0406
2020-08-31,Huelva,-5.0508
2020-09-01,Huelva,-5.0144
2020-09-02,Huelva,-5.0139
2020-09-03,Huelva,-4.9976
2020-09-04,Huelva,-4.9527
2020-09-05,Huelva,-4.9274
2020-09-06,Huelva,-4.9171
2020-09-07,Huelva,-4.9432
2020-09-08,Huelva,-4.9357
2020-09-09,Huelva,-4.931
2020-09-10,Huelva,-4.9752
2020-09-11,Huelva,-4.986
2020-09-12,Huelva,-4.9702
2020-09-13,Huelva,-4.9455
2020-09-14,Huelva,-4.9748
2020-09-15,Huelva,-5.0322
2020-09-16,Huelva,-5.0054
2020-09-17,Huelva,-4.9481
2020-09-18,Huelva,-4.9061
2020-09-19,Huelva,-4.9802
2020-09-20,Huelva,-5.0061
2020-09-21,Huelva,-5.0005
2020-09-22,Huelva,-4.9702
2020-09-23,Huelva,-5.0116
2020-09-24,Huelva,-5.0178
2020-09-25,Huelva,-5.1163
2020-09-26,Huelva,-5.1125
2020-09-27,Huelva,-5.0643
2020-09-28,Huelva,-5.0221
2020-09-29,Huelva,-5.014
2020-09-30,Huelva,-5.0277
2020-10-01,Huelva,-5.0752
2020-10-02,Huelva,-5.0407
2020-10-03,Huelva,-5.0724
2020-10-04,Huelva,-5.0511
2020-10-05,Huelva,-5.1037
2020-10-06,Huelva,-5.0943
2020-10-07,Huelva,-5.0599
2020-10-08,Huelva,-5.0271
2020-10-09,Huelva,-5.0056
2020-10-10,Huelva,-5.0022
2020-10-11,Huelva,-5.0142
2020-10-12,Huelva,-5.0704
2020-10-13,Huelva,-5.0636
2020-10-14,Huelva,-5.0888
2020-10-15,Huelva,-5.09
2020-10-16,Huelva,-5.0637
2020-10-17,Huelva,-5.0335
2020-10-18,Huelva,-4.9806
2020-10-19,Huelva,-4.8578
2020-10-20,Huelva,-4.7213
2020-10-21,Huelva,-4.7929
2020-10-22,Huelva,-4.8391
2020-10-23,Huelva,-4.9783
2020-10-24,Huelva,-5.046
2020-10-25,Huelva,-5.0402
2020-10-26,Huelva,-5.1205
2020-10-27,Huelva,-5.1075
2020-10-28,Huelva,-5.1276
2020-10-29,Huelva,-5.1153
2020-10-30,Huelva,-5.0845
2020-10-31,Huelva,-5.0832
2020-11-01,Huelva,-5.0755
2020-11-02,Huelva,-5.043
2020-11-03,Huelva,-5.0269
2020-11-04,Huelva,-4.9295
2020-11-05,Huelva,-4.8023
2020-11-06,Huelva,-4.8482
2020-11-07,Huelva,-4.9224
2020-11-08,Huelva,-4.9266
2020-11-09,Huelva,-4.9826
2020-11-10,Huelva,-5.0295
2020-11-11,Huelva,-4.9967
2020-11-12,Huelva,-4.976
2020-11-13,Huelva,-4.9625
2020-11-14,Huelva,-4.9858
2020-11-15,Huelva,-4.9956
2020-11-16,Huelva,-4.9906
2020-11-17,Huelva,-4.9934
2020-11-18,Huelva,-4.9476
2020-11-19,Huelva,-4.9351
2020-11-20,Huelva,-4.9438
2020-11-21,Huelva,-4.9255
2020-11-22,Huelva,-4.8953
2020-11-23,Huelva,-4.9214
2020-11-24,Huelva,-4.916
2020-11-25,Huelva,-4.8565
2020-11-26,Huelva,-4.7573
2020-11-27,Huelva,-4.8041
2020-11-28,Huelva,-4.8239
2020-11-29,Huelva,-4.8398
2020-11-30,Huelva,-4.8783
2020-12-01,Huelva,-4.9204
2020-12-02,Huelva,-4.9037
2020-12-03,Huelva,-4.8758
2020-12-04,Huelva,-4.8983
2020-12-05,Huelva,-4.944
2020-12-06,Huelva,-4.9922
2020-12-07,Huelva,-5.0116
2020-12-08,Huelva,-5.0575
2020-12-09,Huelva,-5.0926
2020-12-10,Huelva,-5.113
2020-12-11,Huelva,-5.136
2020-12-12,Huelva,-5.1477
2020-12-13,Huelva,-5.0777
2020-12-14,Huelva,-5.3827
2020-12-15,Huelva,-5.0599
2020-12-16,Huelva,-4.9669
2020-12-17,Huelva,-5.0342
2020-12-18,Huelva,-5.0256
2020-12-19,Huelva,-5.0106
2020-12-20,Huelva,-5.0881
2020-12-21,Huelva,-5.1034
2020-12-22,Huelva,-5.0711
2020-12-23,Huelva,-5.072
2020-12-24,Huelva,-5.0894
2020-12-25,Huelva,-5.1082
2020-12-26,Huelva,-5.1706
2020-12-27,Huelva,-5.1308
2020-12-28,Huelva,-5.097
2020-12-29,Huelva,-5.0711
2020-12-30,Huelva,-5.119
2020-12-31,Huelva,-5.1061
2021-01-01,Huelva,-5.1168
2021-01-02,Huelva,-5.1019
2021-01-03,Huelva,-5.0782
2021-01-04,Huelva,-5.0336
2021-01-05,Huelva,-5.0009
2021-01-06,Huelva,-4.9514
2021-01-07,Huelva,-4.9294
2021-01-08,Huelva,-4.8832
2021-01-09,Huelva,-4.9363
2021-01-10,Huelva,-4.9716
2021-01-11,Huelva,-5.053
2021-01-12,Huelva,-5.1494
2021-01-13,Huelva,-5.1871
2021-01-14,Huelva,-5.18
2021-01-15,Huelva,-5.1468
2021-01-16,Huelva,-5.1396
2021-01-17,Huelva,-5.1288
2021-01-18,Huelva,-5.1355
2021-01-19,Huelva,-5.0695
2021-01-20,Huelva,-4.9808
2021-01-21,Huelva,-5.0456
2021-01-22,Huelva,-5.0906
2021-01-23,Huelva,-5.1389
2021-01-24,Huelva,-5.1326
2021-01-25,Huelva,-5.1343
2021-01-26,Huelva,-5.1772
2021-01-27,Huelva,-5.1973
2021-01-28,Huelva,-5.1761
2021-01-29,Huelva,-5.1552
2021-01-30,Huelva,-5.1439
2021-01-31,Huelva,-5.1531
2021-02-01,Huelva,-5.1082
2021-02-02,Huelva,-5.05
2021-02-03,Huelva,-5.0319
2021-02-04,Huelva,-4.9366
2021-02-05,Huelva,-4.8702
2021-02-06,Huelva,-4.9638
2021-02-07,Huelva,-5.0769
2021-02-08,Huelva,-5.0512
2021-02-09,Huelva,-5.0021
2021-02-10,Huelva,-5.0629
2021-02-11,Huelva,-5.0837
2021-02-12,Huelva,-5.1209
2021-02-13,Huelva,-5.141
2021-02-14,Huelva,-5.1347
2021-02-15,Huelva,-5.0434
2021-02-16,Huelva,-5.0584
2021-02-17,Huelva,-5.0646
2021-02-18,Huelva,-5.0256
2021-02-19,Huelva,-5.0221
2021-02-20,Huelva,-4.9038
2021-02-21,Huelva,-4.9388
2021-02-22,Huelva,-5.0945
2021-02-23,Huelva,-5.1217
2021-02-24,Huelva,-5.0892
2021-02-25,Huelva,-5.0698
2021-02-26,Huelva,-5.0944
2021-02-27,Huelva,-5.0781
2021-02-28,Huelva,-5.0258
2021-03-01,Huelva,-4.9984
2021-03-02,Huelva,-5.074
2021-03-03,Huelva,-5.2289
2021-03-04,Huelva,-4.9743
2021-03-05,Huelva,-4.9444
2021-03-06,Huelva,-5.015
2021-03-07,Huelva,-5.0286
2021-03-08,Huelva,-5.0932
2021-03-09,Huelva,-5.13
2021-03-10,Huelva,-5.2056
2021-03-11,Huelva,-5.2392
2021-03-12,Huelva,-5.2382
2021-03-13,Huelva,-5.2213
2021-03-14,Huelva,-5.1952
2021-03-15,Huelva,-5.1528
2021-03-16,Huelva,-5.0998
2021-03-17,Huelva,-5.0293
2021-03-18,Huelva,-5.0059
2021-03-19,Huelva,-5.0121
2021-03-20,Huelva,-5.0307
2021-03-21,Huelva,-5.0861
2021-03-22,Huelva,-5.1257
2021-03-23,Huelva,-5.1415
2021-03-24,Huelva,-5.1623
2021-03-25,Huelva,-5.151
2021-03-26,Huelva,-5.1538
2021-03-27,Huelva,-5.1457
2021-03-28,Huelva,-5.1002
2021-03-29,Huelva,-5.0473
2021-03-30,Huelva,-5.0068
2021-03-31,Huelva,-4.8582
2021-04-01,Huelva,-4.9034
2021-04-02,Huelva,-5.0047
2021-04-03,Huelva,-5.0023
2021-04-04,Huelva,-5.0292
2021-04-05,Huelva,-5.0564
2021-04-06,Huelva,-5.0601
2021-04-07,Huelva,-5.0577
2021-04-08,Huelva,-4.9978
2021-04-09,Huelva,-4.995
2021-04-10,Huelva,-4.9872
2021-04-11,Huelva,-5.0389
2021-04-12,Huelva,-5.0457
2021-04-13,Huelva,-5.0168
2021-04-14,Huelva,-4.9469
2021-04-15,Huelva,-4.8997
2021-04-16,Huelva,-4.9597
2021-04-17,Huelva,-4.9735
2021-04-18,Huelva,-4.9883
2021-04-19,Huelva,-4.9798
2021-04-20,Huelva,-4.9963
2021-04-21,Huelva,-4.9929
2021-04-22,Huelva,-5.0151
2021-04-23,Huelva,-4.9692
2021-04-24,Huelva,-4.9011
2021-04-25,Huelva,-4.9203
2021-04-26,Huelva,-4.9069
2021-04-27,Huelva,-4.9028
2021-04-28,Huelva,-4.9204
2021-04-29,Huelva,-4.922
2021-04-30,Huelva,-4.9264
2021-05-01,Huelva,-5.0061
2021-05-02,Huelva,-4.9984
2021-05-03,Huelva,-4.9794
2021-05-04,Huelva,-5.0051
2021-05-05,Huelva,-5.0497
2021-05-06,Huelva,-5.0809
2021-05-07,Huelva,-5.0925
2021-05-08,Huelva,-5.0551
2021-05-09,Huelva,-5.0325
2021-05-10,Huelva,-5.0927
2021-05-11,Huelva,-5.1896
2021-05-12,Huelva,-5.1804
2021-05-13,Huelva,-5.1779
2021-05-14,Huelva,-5.151
2021-05-15,Huelva,-5.1312
2021-05-16,Huelva,-5.1414
2021-05-17,Huelva,-5.1466
2021-05-18,Huelva,-5.1428
2021-05-19,Huelva,-5.1318
2021-05-20,Huelva,-5.1027
2021-05-21,Huelva,-5.0834
2021-05-22,Huelva,-5.1449
2021-05-23,Huelva,-5.2398
2021-05-24,Huelva,-5.2916
2021-05-25,Huelva,-5.2285
2021-05-26,Huelva,-5.1562
2021-05-27,Huelva,-5.0938
2021-05-28,Huelva,-5.0517
2021-05-29,Huelva,-5.031
2021-05-30,Huelva,-4.9619
2021-05-31,Huelva,-4.9363
2021-06-01,Huelva,-5.0071
2021-06-02,Huelva,-5.02
2021-06-03,Huelva,-5.0406
2021-06-04,Huelva,-5.0937
2021-06-05,Huelva,-5.1072
2021-06-06,Huelva,-5.1152
2021-06-07,Huelva,-5.0757
2021-06-08,Huelva,-5.0591
2021-06-09,Huelva,-5.0361
2021-06-10,Huelva,-5.003
2021-06-11,Huelva,-4.982
2021-06-12,Huelva,-4.9645
2021-06-13,Huelva,-4.9765
2021-06-14,Huelva,-4.9846
2021-06-15,Huelva,-4.9251
2021-06-16,Huelva,-4.9097
2021-06-17,Huelva,-4.9061
2021-06-18,Huelva,-4.9562
2021-06-19,Huelva,-5.0324
2021-06-20,Huelva,-5.0749
2021-06-21,Huelva,-5.1091
2021-06-22,Huelva,-5.1487
2021-06-23,Huelva,-5.1251
2021-06-24,Huelva,-5.0877
2021-06-25,Huelva,-5.0308
2021-06-26,Huelva,-5.0062
2021-06-27,Huelva,-5.0064
2021-06-28,Huelva,-5.0414
2021-06-29,Huelva,-5.0715
2021-06-30,Huelva,-5.0752
2021-07-01,Huelva,-5.0845
2021-07-02,Huelva,-5.1012
2021-07-03,Huelva,-5.1422
2021-07-04,Huelva,-5.1518
2021-07-05,Huelva,-5.1259
2021-07-06,Huelva,-5.1548
2021-07-07,Huelva,-5.1687
2021-07-08,Huelva,-5.1539
2021-07-09,Huelva,-5.0762
2021-07-10,Huelva,-5.0037
2021-07-11,Huelva,-4.9695
2021-07-12,Huelva,-5.0369
2021-07-13,Huelva,-5.0379
2021-07-14,Huelva,-4.9865
2021-07-15,Huelva,-4.9549
2021-07-16,Huelva,-4.9329
2021-07-17,Huelva,-4.9635
2021-07-18,Huelva,-5.0009
2021-07-19,Huelva,-5.0251
2021-07-20,Huelva,-5.0459
2021-07-21,Huelva,-5.0631
2021-07-22,Huelva,-5.0346
2021-07-23,Huelva,-5.0397
2021-07-24,Huelva,-5.0308
2021-07-25,Huelva,-5.0066
2021-07-26,Huelva,-4.9845
2021-07-27,Huelva,-4.9302
2021-07-28,Huelva,-4.9297
2021-07-29,Huelva,-4.9354
2021-07-30,Huelva,-4.9567
2021-07-31,Huelva,-5.0469
2021-08-01,Huelva,-5.0601
2021-08-02,Huelva,-5.06
2021-08-03,Huelva,-5.0702
2021-08-04,Huelva,-5.0823
2021-08-05,Huelva,-5.0716
2021-08-06,Huelva,-5.0366
2021-08-07,Huelva,-5.0523
2021-08-08,Huelva,-5.0422
2021-08-09,Huelva,-5.0041
2021-08-10,Huelva,-5.0016
2021-08-11,Huelva,-4.9923
2021-08-12,Huelva,-5.0079
2021-08-13,Huelva,-4.9871
2021-08-14,Huelva,-4.9767
2021-08-15,Huelva,-4.9783
2021-08-16,Huelva,-5.0258
2021-08-17,Huelva,-5.0432
2021-08-18,Huelva,-5.0625
2021-08-19,Huelva,-5.0601
2021-08-20,Huelva,-5.0675
2021-08-21,Huelva,-5.0639
2021-08-22,Huelva,-5.0227
2021-08-23,Huelva,-4.9922
2021-08-24,Huelva,-4.9633
2021-08-25,Huelva,-4.9684
2021-08-26,Huelva,-4.9658
2021-08-27,Huelva,-4.965
2021-08-28,Huelva,-4.999
2021-08-29,Huelva,-5.0068
2021-08-30,Huelva,-5.0151
2021-08-31,Huelva,-4.9886
2021-09-01,Huelva,-5.0172
2021-09-02,Huelva,-5.0222
2021-09-03,Huelva,-5.0366
2021-09-04,Huelva,-5.0312
2021-09-05,Huelva,-5.0129
2021-09-06,Huelva,-4.9234
2021-09-07,Huelva,-4.9577
2021-09-08,Huelva,-4.9985
2021-09-09,Huelva,-4.9985
2021-09-10,Huelva,-4.9988
2021-09-11,Huelva,-4.957
2021-09-12,Huelva,-4.9238
2021-09-13,Huelva,-4.8714
2021-09-14,Huelva,-4.851
2021-09-15,Huelva,-4.9376
2021-09-16,Huelva,-4.9741
2021-09-17,Huelva,-5.0029
2021-09-18,Huelva,-5.0379
2021-09-19,Huelva,-5.0211
2021-09-20,Huelva,-5.0103
2021-09-21,Huelva,-4.9723
2021-09-22,Huelva,-4.9453
2021-09-23,Huelva,-4.8918
2021-09-24,Huelva,-4.9144
2021-09-25,Huelva,-4.9481
2021-09-26,Huelva,-4.9768
2021-09-27,Huelva,-4.9935
2021-09-28,Huelva,-5.0254
2021-09-29,Huelva,-5.0594
2021-09-30,Huelva,-5.0283
2021-10-01,Huelva,-5.0328
2021-10-02,Huelva,-5.0225
2021-10-03,Huelva,-5.0547
2021-10-04,Huelva,-5.1205
2021-10-05,Huelva,-5.1362
2021-10-06,Huelva,-5.1022
2021-10-07,Huelva,-5.0721
2021-10-08,Huelva,-5.0055
2021-10-09,Huelva,-4.9588
2021-10-10,Huelva,-4.9202
2021-10-11,Huelva,-4.8589
2021-10-12,Huelva,-4.8703
2021-10-13,Huelva,-4.9288
2021-10-14,Huelva,-4.9494
2021-10-15,Huelva,-4.9572
2021-10-16,Huelva,-4.9906
2021-10-17,Huelva,-4.9845
2021-10-18,Huelva,-5.0062
2021-10-19,Huelva,-4.9002
2021-10-20,Huelva,-4.9696
2021-10-21,Huelva,-5.008
2021-10-22,Huelva,-5.0024
2021-10-23,Huelva,-4.9769
2021-10-24,Huelva,-4.9857
2021-10-25,Huelva,-4.9598
2021-10-26,Huelva,-4.908
2021-10-27,Huelva,-4.9335
2021-10-28,Huelva,-4.8895
2021-10-29,Huelva,-4.901
2021-10-30,Huelva,-4.8953
2021-10-31,Huelva,-4.9653
2021-11-01,Huelva,-5.0066
2021-11-02,Huelva,-5.0214
2021-11-03,Huelva,-5.045
2021-11-04,Huelva,-5.0566
2021-11-05,Huelva,-5.1
2021-11-06,Huelva,-5.0939
2021-11-07,Huelva,-5.0755
2021-11-08,Huelva,-5.0436
2021-11-09,Huelva,-4.9854
2021-11-10,Huelva,-4.9604
2021-11-11,Huelva,-4.9802
2021-11-12,Huelva,-4.9823
2021-11-13,Huelva,-4.9874
2021-11-14,Huelva,-5.0099
2021-11-15,Huelva,-5.0098
2021-11-16,Huelva,-4.9794
2021-11-17,Huelva,-5.0125
2021-11-18,Huelva,-4.9643
2021-11-19,Huelva,-4.8575
2021-11-20,Huelva,-4.8834
2021-11-21,Huelva,-4.9094
2021-11-22,Huelva,-4.9208
2021-11-23,Huelva,-4.9306
2021-11-24,Huelva,-4.9305
2021-11-25,Huelva,-4.8988
2021-11-26,Huelva,-4.9236
2021-11-27,Huelva,-4.9881
2021-11-28,Huelva,-5.114
2021-11-29,Huelva,-5.1679
2021-11-30,Huelva,-5.1389
2021-12-01,Huelva,-5.1241
2021-12-02,Huelva,-5.1608
2021-12-03,Huelva,-5.1718
2021-12-04,Huelva,-5.176
2021-12-05,Huelva,-5.2076
2021-12-06,Huelva,-5.1814
2021-12-07,Huelva,-5.1233
2021-12-08,Huelva,-5.1219
2021-12-09,Huelva,-5.1641
2021-12-10,Huelva,-5.1823
2021-12-11,Huelva,-5.1801
2021-12-12,Huelva,-5.1329
2021-12-13,Huelva,-5.0624
2021-12-14,Huelva,-5.0776
2021-12-15,Huelva,-5.0404
2021-12-16,Huelva,-5.0006
2021-12-17,Huelva,-4.992
2021-12-18,Huelva,-5.0389
2021-12-19,Huelva,-4.9636
2021-12-20,Huelva,-4.9412
2021-12-21,Huelva,-4.9531
2021-12-22,Huelva,-4.9294
2021-12-23,Huelva,-4.9095
2021-12-24,Huelva,-4.8781
2021-12-25,Huelva,-4.8412
2021-12-26,Huelva,-4.9281
2021-12-27,Huelva,-4.9876
2021-12-28,Huelva,-5.0563
2021-12-29,Huelva,-5.093
2021-12-30,Huelva,-5.0972
2021-12-31,Huelva,-5.1091
2022-01-01,Huelva,-5.109
2022-01-02,Huelva,-5.1372
2022-01-03,Huelva,-5.0975
2022-01-04,Huelva,-5.0625
2022-01-05,Huelva,-5.1034
2022-01-06,Huelva,-5.0994
2022-01-07,Huelva,-5.1022
2022-01-08,Huelva,-5.1562
2022-01-09,Huelva,-5.1911
2022-01-10,Huelva,-5.1781
2022-01-11,Huelva,-5.1192
2022-01-12,Huelva,-5.0887
2022-01-13,Huelva,-5.0366
2022-01-14,Huelva,-5.0595
2022-01-15,Huelva,-5.1108
2022-01-16,Huelva,-5.1516
2022-01-17,Huelva,-5.1516
2022-01-18,Huelva,-5.1201
2022-01-19,Huelva,-5.1176
2022-01-20,Huelva,-5.1043
2022-01-21,Huelva,-5.0817
2022-01-22,Huelva,-5.0455
2022-01-23,Huelva,-4.9806
2022-01-24,Huelva,-5.0053
2022-01-25,Huelva,-5.0295
2022-01-26,Huelva,-5.0163
2022-01-27,Huelva,-5.0516
2022-01-28,Huelva,-5.0871
2022-01-29,Huelva,-5.1111
2022-01-30,Huelva,-5.1395
2022-01-31,Huelva,-5.2171
2022-02-01,Huelva,-5.2239
2022-02-02,Huelva,-5.1571
2022-02-03,Huelva,-5.1023
2022-02-04,Huelva,-5.0919
2022-02-05,Huelva,-5.1232
2022-02-06,Huelva,-5.1274
2022-02-07,Huelva,-5.1199
2022-02-08,Huelva,-5.1051
2022-02-09,Huelva,-5.1118
2022-02-10,Huelva,-5.15
2022-02-11,Huelva,-5.1363
2022-02-12,Huelva,-5.119
2022-02-13,Huelva,-5.1047
2022-02-14,Huelva,-5.1802
2022-02-15,Huelva,-5.2222
2022-02-16,Huelva,-5.2454
2022-02-17,Huelva,-5.1996
2022-02-18,Huelva,-5.1097
2022-02-19,Huelva,-5.1377
2022-02-20,Huelva,-5.1322
2022-02-21,Huelva,-5.1551
2022-02-22,Huelva,-5.1436
2022-02-23,Huelva,-5.0524
2022-02-24,Huelva,-5.0284
2022-02-25,Huelva,-5.0614
2022-02-26,Huelva,-5.0495
2022-02-27,Huelva,-5.1265
2022-02-28,Huelva,-5.1896
2022-03-01,Huelva,-5.2032
2022-03-02,Huelva,-5.2301
2022-03-03,Huelva,-5.2163
2022-03-04,Huelva,-5.2439
2022-03-05,Huelva,-5.1298
2022-03-06,Huelva,-5.0723
2022-03-07,Huelva,-5.0786
2022-03-08,Huelva,-5.1439
2022-03-09,Huelva,-5.1377
2022-03-10,Huelva,-5.1223
2022-03-11,Huelva,-5.0825
2022-03-12,Huelva,-5.1187
2022-03-13,Huelva,-5.1077
2022-03-14,Huelva,-5.0092
2022-03-15,Huelva,-5.0244
2022-03-16,Huelva,-5.0855
2022-03-17,Huelva,-5.1395
2022-03-18,Huelva,-5.1193
2022-03-19,Huelva,-5.0739
2022-03-20,Huelva,-4.9018
2022-03-21,Huelva,-4.9961
2022-03-22,Huelva,-5.0077
2022-03-23,Huelva,-4.9192
2022-03-24,Huelva,-4.9195
2022-03-25,Huelva,-4.9502
2022-03-26,Huelva,-4.9848
2022-03-27,Huelva,-4.9808
2022-03-28,Huelva,-4.9457
2022-03-29,Huelva,-4.9818
2022-03-30,Huelva,-5.1066
2022-03-31,Huelva,-5.1055
2022-04-01,Huelva,-5.0963
2022-04-02,Huelva,-5.0369
2022-04-03,Huelva,-4.9597
2022-04-04,Huelva,-4.8797
2022-04-05,Huelva,-4.8878
2022-04-06,Huelva,-5.0165
2022-04-07,Huelva,-5.0802
2022-04-08,Huelva,-5.1032
2022-04-09,Huelva,-5.0868
2022-04-10,Huelva,-4.9954
2022-04-11,Huelva,-4.9362
2022-04-12,Huelva,-5.0196
2022-04-13,Huelva,-5.099
2022-04-14,Huelva,-5.1197
2022-04-15,Huelva,-5.1232
2022-04-16,Huelva,-5.1466
2022-04-17,Huelva,-5.1288
2022-04-18,Huelva,-5.073
2022-04-19,Huelva,-5.0669
2022-04-20,Huelva,-5.1011
2022-04-21,Huelva,-5.0513
2022-04-22,Huelva,-4.937
2022-04-23,Huelva,-5.0555
2022-04-24,Huelva,-5.0583
2022-04-25,Huelva,-5.0628
2022-04-26,Huelva,-5.0943
2022-04-27,Huelva,-5.1446
2022-04-28,Huelva,-5.1775
2022-04-29,Huelva,-5.1693
2022-04-30,Huelva,-5.1763
2022-05-01,Huelva,-5.1494
2022-05-02,Huelva,-5.1263
2022-05-03,Huelva,-5.0503
2022-05-04,Huelva,-5.0486
2022-05-05,Huelva,-5.1012
2022-05-06,Huelva,-5.1019
2022-05-07,Huelva,-5.1945
2022-05-09,Huelva,-5.3189
2022-05-12,Huelva,-5.1465
2022-05-13,Huelva,-5.0624
2022-05-14,Huelva,-5.0455
2022-05-15,Huelva,-5.0962
2022-05-16,Huelva,-5.0858
2022-05-17,Huelva,-5.0639
2022-05-18,Huelva,-5.0337
2022-05-19,Huelva,-4.9644
2022-05-20,Huelva,-4.8639
2022-05-21,Huelva,-4.8881
2022-05-22,Huelva,-4.9882
2022-05-23,Huelva,-5.0098
2022-05-24,Huelva,-5.0737
2022-05-25,Huelva,-5.1198
2022-05-26,Huelva,-5.0737
2022-05-27,Huelva,-5.0283
2022-05-28,Huelva,-5.0233
2022-05-29,Huelva,-5.0075
2022-05-30,Huelva,-4.9779
2022-05-31,Huelva,-4.9714
2022-06-01,Huelva,-4.9898
2022-06-02,Huelva,-4.9956
2022-06-03,Huelva,-4.9792
2022-06-04,Huelva,-5.0073
2022-06-05,Huelva,-5.0397
2022-06-06,Huelva,-5.0582
2022-06-07,Huelva,-5.0679
2022-06-08,Huelva,-5.1053
2022-06-09,Huelva,-5.0833
2022-06-10,Huelva,-5.0858
2022-06-11,Huelva,-5.0341
2022-06-12,Huelva,-4.9901
2022-06-13,Huelva,-5.0014
2022-06-14,Huelva,-4.9855
2022-06-15,Huelva,-4.966
2022-06-16,Huelva,-4.9673
2022-06-17,Huelva,-4.9687
2022-06-18,Huelva,-4.9515
2022-06-19,Huelva,-4.9489
2022-06-20,Huelva,-4.9738
2022-06-21,Huelva,-5.0102
2022-06-22,Huelva,-5.0627
2022-06-23,Huelva,-5.0679
2022-06-24,Huelva,-5.099
2022-06-25,Huelva,-5.0886
2022-06-26,Huelva,-5.0875
2022-06-27,Huelva,-5.1133
2022-06-28,Huelva,-5.0851
2022-06-29,Huelva,-5.071
2022-06-30,Huelva,-5.0602
2022-07-01,Huelva,-5.0185
2022-07-02,Huelva,-5.0122
2022-07-03,Huelva,-5.0436
2022-07-04,Huelva,-5.0303
2022-07-05,Huelva,-5.0271
2022-07-06,Huelva,-5.0495
2022-07-07,Huelva,-5.064
2022-07-08,Huelva,-5.0664
2022-07-09,Huelva,-5.0549
2022-07-10,Huelva,-5.0509
2022-07-11,Huelva,-5.0185
2022-07-12,Huelva,-4.971
2022-07-13,Huelva,-4.9714
2022-07-14,Huelva,-4.9477
2022-07-15,Huelva,-4.8976
2022-07-16,Huelva,-4.887
2022-07-17,Huelva,-4.8983
2022-07-18,Huelva,-4.9301
2022-07-19,Huelva,-4.9879
2022-07-20,Huelva,-5.0032
2022-07-21,Huelva,-5.0151
2022-07-22,Huelva,-5.0122
2022-07-23,Huelva,-5.0108
2022-07-24,Huelva,-5.0109
2022-07-25,Huelva,-5.0268
2022-07-26,Huelva,-5.0195
2022-07-27,Huelva,-5.0169
2022-07-28,Huelva,-4.9727
2022-07-29,Huelva,-4.9721
2022-07-30,Huelva,-4.959
2022-07-31,Huelva,-4.9475
2022-08-01,Huelva,-4.929
2022-08-02,Huelva,-4.9193
2022-08-03,Huelva,-4.9137
2022-08-04,Huelva,-4.9258
2022-08-05,Huelva,-4.9674
2022-08-06,Huelva,-4.9981
2022-08-07,Huelva,-5.0194
2022-08-08,Huelva,-5.0454
2022-08-09,Huelva,-5.043
2022-08-10,Huelva,-5.0605
2022-08-11,Huelva,-5.0587
2022-08-12,Huelva,-5.0141
2022-08-13,Huelva,-4.9788
2022-08-14,Huelva,-5.0017
2022-08-15,Huelva,-5.0092
2022-08-16,Huelva,-4.9964
2022-08-17,Huelva,-5.0432
2022-08-19,Huelva,-4.9806
2022-08-20,Huelva,-5.0279
2022-08-21,Huelva,-5.0276
2022-08-22,Huelva,-5.0439
2022-08-23,Huelva,-5.0049
2022-08-24,Huelva,-5.0244
2022-08-25,Huelva,-5.0408
2022-08-26,Huelva,-5.0217
2022-08-27,Huelva,-4.9866
2022-08-28,Huelva,-4.9857
2022-08-29,Huelva,-5.0066
2022-08-30,Huelva,-5.0188
2022-08-31,Huelva,-5.0293
2022-09-01,Huelva,-5.0103
2022-09-02,Huelva,-5.02
2022-09-03,Huelva,-5.0328
2022-09-04,Huelva,-5.0804
2022-09-05,Huelva,-5.1242
2022-09-06,Huelva,-5.1299
2022-09-07,Huelva,-5.1428
2022-09-08,Huelva,-5.1424
2022-09-09,Huelva,-5.1178
2022-09-10,Huelva,-5.0631
2022-09-11,Huelva,-4.996
2022-09-12,Huelva,-4.9309
2022-09-13,Huelva,-4.9065
2022-09-14,Huelva,-4.9177
2022-09-15,Huelva,-4.9477
2022-09-16,Huelva,-4.9583
2022-09-17,Huelva,-4.9333
2022-09-18,Huelva,-4.9102
2022-09-19,Huelva,-4.9125
2022-09-20,Huelva,-4.986
2022-09-21,Huelva,-4.9753
2022-09-22,Huelva,-4.9963
2022-09-23,Huelva,-4.9916
2022-09-24,Huelva,-4.9979
2022-09-25,Huelva,-4.9802
2022-09-26,Huelva,-4.9968
2022-09-27,Huelva,-5.0266
2022-09-28,Huelva,-5.0199
2022-09-29,Huelva,-5.035
2022-09-30,Huelva,-5.0324
2022-10-01,Huelva,-5.0466
2022-10-02,Huelva,-4.9935
2022-10-03,Huelva,-5.0079
2022-10-04,Huelva,-5.0326
2022-10-05,Huelva,-5.0266
2022-10-06,Huelva,-5.0439
2022-10-07,Huelva,-5.0426
2022-10-08,Huelva,-5.0166
2022-10-09,Huelva,-4.9978
2022-10-10,Huelva,-4.9953
2022-10-11,Huelva,-5.2143
2022-10-12,Huelva,-5.0034
2022-10-13,Huelva,-5.0116
2022-10-14,Huelva,-4.9901
2022-10-15,Huelva,-4.9448
2022-10-16,Huelva,-4.9137
2022-10-17,Huelva,-4.9233
2022-10-18,Huelva,-4.9186
2022-10-19,Huelva,-4.9379
2022-10-20,Huelva,-4.9141
2022-10-21,Huelva,-4.9653
2022-10-22,Huelva,-4.9323
2022-10-23,Huelva,-4.9714
2022-10-24,Huelva,-4.9772
2022-10-25,Huelva,-4.967
2022-10-26,Huelva,-4.9698
2022-10-27,Huelva,-4.9318
2022-10-28,Huelva,-4.9229
2022-10-29,Huelva,-4.8716
2022-10-30,Huelva,-4.8888
2022-10-31,Huelva,-4.8746
2022-11-01,Huelva,-4.9518
2022-11-02,Huelva,-4.9702
2022-11-03,Huelva,-5.0146
2022-11-04,Huelva,-5.0331
2022-11-05,Huelva,-5.0369
2022-11-06,Huelva,-5.0389
2022-11-07,Huelva,-4.9846
2022-11-08,Huelva,-4.9648
2022-11-09,Huelva,-4.9776
2022-11-10,Huelva,-4.9714
2022-11-11,Huelva,-4.9224
2022-11-12,Huelva,-4.9103
2022-11-13,Huelva,-4.9386
2022-11-14,Huelva,-4.9374
2022-11-15,Huelva,-4.9381
2022-11-16,Huelva,-4.9399
2022-11-17,Huelva,-4.9423
2022-11-18,Huelva,-4.9897
2022-11-19,Huelva,-5.0716
2022-11-20,Huelva,-5.091
2022-11-21,Huelva,-5.1028
2022-11-22,Huelva,-5.1333
2022-11-23,Huelva,-5.1244
2022-11-24,Huelva,-5.0616
2022-11-25,Huelva,-5.0829
2022-11-26,Huelva,-5.0644
2022-11-27,Huelva,-5.0258
2022-11-28,Huelva,-5.0831
2022-11-29,Huelva,-5.0455
2022-11-30,Huelva,-4.983
2022-12-01,Huelva,-4.9162
2022-12-02,Huelva,-4.9202
2022-12-03,Huelva,-4.9115
2022-12-04,Huelva,-4.9382
2022-12-05,Huelva,-4.8083
2022-12-06,Huelva,-4.9436
2022-12-07,Huelva,-4.8827
2022-12-08,Huelva,-4.7749
2022-12-09,Huelva,-4.7762
2022-12-10,Huelva,-4.8979
2022-12-11,Huelva,-4.8465
2022-12-12,Huelva,-4.8686
2022-12-13,Huelva,-4.7906
2022-12-14,Huelva,-4.7406
2022-12-15,Huelva,-4.7356
2022-12-16,Huelva,-4.8092
2022-12-17,Huelva,-4.9256
2022-12-18,Huelva,-4.9613
2022-12-19,Huelva,-4.9486
2022-12-20,Huelva,-4.9647
2022-12-21,Huelva,-5.0865
2022-12-22,Huelva,-5.1114
2022-12-23,Huelva,-5.0942
2022-12-24,Huelva,-5.0267
2022-12-25,Huelva,-4.949
2022-12-26,Huelva,-5.0034
2022-12-27,Huelva,-5.0343
2022-12-28,Huelva,-5.0226
2022-12-29,Huelva,-5.0264
2022-12-30,Huelva,-5.0252
2022-12-31,Huelva,-5.0246
2023-01-01,Huelva,-4.9925
2023-01-02,Huelva,-5.0505
2023-01-03,Huelva,-5.1218
2023-01-04,Huelva,-5.1357
2023-01-05,Huelva,-5.0951
2023-01-06,Huelva,-5.0622
2023-01-07,Huelva,-5.0472
2023-01-08,Huelva,-5.0567
2023-01-09,Huelva,-5.1126
2023-01-10,Huelva,-5.1169
2023-01-11,Huelva,-5.1236
2023-01-12,Huelva,-5.1124
2023-01-13,Huelva,-5.1219
2023-01-14,Huelva,-5.1042
2023-01-15,Huelva,-5.1229
2023-01-16,Huelva,-5.1556
2023-01-17,Huelva,-5.1216
2023-01-18,Huelva,-5.2037
2023-01-19,Huelva,-5.2434
2023-01-20,Huelva,-5.2538
2023-01-21,Huelva,-5.2315
2023-01-22,Huelva,-5.2234
2023-01-23,Huelva,-5.1806
2023-01-24,Huelva,-5.1515
2023-01-25,Huelva,-5.152
2023-01-26,Huelva,-5.1747
2023-01-27,Huelva,-5.1184
2023-01-28,Huelva,-5.1347
2023-01-29,Huelva,-5.1205
2023-01-30,Huelva,-5.1629
2023-01-31,Huelva,-5.1912
2023-02-01,Huelva,-5.1705
2023-02-02,Huelva,-5.1769
2023-02-03,Huelva,-5.1921
2023-02-04,Huelva,-5.2035
2023-02-05,Huelva,-5.1825
2023-02-06,Huelva,-5.0913
2023-02-07,Huelva,-5.0097
2023-02-08,Huelva,-4.9966
2023-02-09,Huelva,-5.0405
2023-02-10,Huelva,-5.0021
2023-02-11,Huelva,-4.9293
2023-02-12,Huelva,-5.0065
2023-02-13,Huelva,-5.0301
2023-02-14,Huelva,-5.0113
2023-02-15,Huelva,-5.0657
2023-02-16,Huelva,-5.1298
2023-02-17,Huelva,-5.0933
2023-02-18,Huelva,-5.0907
2023-02-19,Huelva,-5.1183
2023-02-20,Huelva,-5.1013
2023-02-21,Huelva,-4.9446
2023-02-22,Huelva,-5.1084
2023-02-23,Huelva,-5.0807
2023-02-24,Huelva,-5.0328
2023-02-25,Huelva,-5.0257
2023-02-26,Huelva,-5.0442
2023-02-27,Huelva,-5.106
2023-02-28,Huelva,-5.0898
2023-03-01,Huelva,-5.0854
2023-03-02,Huelva,-5.1154
2023-03-03,Huelva,-5.1031
2023-03-04,Huelva,-5.0806
2023-03-05,Huelva,-5.0404
2023-03-06,Huelva,-5.0101
2023-03-07,Huelva,-5.02
2023-03-08,Huelva,-5.0401
2023-03-09,Huelva,-5.0546
2023-03-10,Huelva,-5.1186
2023-03-11,Huelva,-5.1246
2023-03-12,Huelva,-5.0717
2023-03-13,Huelva,-5.0393
2023-03-14,Huelva,-5.0863
2023-03-15,Huelva,-5.0378
2023-03-16,Huelva,-4.9534
2023-03-17,Huelva,-5.0446
2023-03-18,Huelva,-5.1249
2023-03-19,Huelva,-5.1535
2023-03-20,Huelva,-5.1589
2023-03-21,Huelva,-5.1449
2023-03-22,Huelva,-5.1057
2023-03-23,Huelva,-5.0605
2023-03-24,Huelva,-5.107
2023-03-25,Huelva,-5.1061
2023-03-26,Huelva,-5.1145
2023-03-27,Huelva,-5.0859
2023-03-28,Huelva,-5.0681
2023-03-29,Huelva,-5.0255
2023-03-30,Huelva,-5.1177
2023-03-31,Huelva,-5.1587
2023-04-01,Huelva,-5.1814
2023-04-02,Huelva,-5.1724
2023-04-03,Huelva,-5.1233
2023-04-04,Huelva,-5.057
2023-04-05,Huelva,-5.0285
2023-04-06,Huelva,-5.0241
2023-04-07,Huelva,-5.02
2023-04-08,Huelva,-4.9808
2023-04-09,Huelva,-5.0312
2023-04-10,Huelva,-5.0671
2023-04-11,Huelva,-5.0746
2023-04-12,Huelva,-5.089
2023-04-13,Huelva,-5.1357
2023-04-14,Huelva,-5.1366
2023-04-15,Huelva,-5.1445
2023-04-16,Huelva,-5.1229
2023-04-17,Huelva,-5.0642
2023-04-18,Huelva,-4.9938
2023-04-19,Huelva,-4.9765
2023-04-20,Huelva,-4.9681
2023-04-21,Huelva,-4.9428
2023-04-22,Huelva,-4.9794
2023-04-23,Huelva,-5.0033
2023-04-24,Huelva,-4.9975
2023-04-25,Huelva,-5.0062
2023-04-26,Huelva,-4.9778
2023-04-27,Huelva,-4.9541
2023-04-28,Huelva,-4.943
2023-04-29,Huelva,-5.0281
2023-04-30,Huelva,-5.0475
2023-05-01,Huelva,-5.0366
2023-05-02,Huelva,-5.0206
2023-05-03,Huelva,-4.9692
2023-05-04,Huelva,-5.071
2023-05-05,Huelva,-5.071
2023-05-06,Huelva,-5.0713
2023-05-07,Huelva,-5.0623
2023-05-08,Huelva,-5.0493
2023-05-09,Huelva,-5.0781
2023-05-10,Huelva,-5.0572
2023-05-11,Huelva,-5.0164
2023-05-12,Huelva,-4.9888
2023-05-13,Huelva,-5.0554
2023-05-14,Huelva,-5.0841
2023-05-15,Huelva,-5.1335
2023-05-16,Huelva,-5.1006
2023-05-17,Huelva,-5.0594
2023-05-18,Huelva,-5.0394
2023-05-19,Huelva,-5.0448
2023-05-20,Huelva,-4.9958
2023-05-21,Huelva,-4.9549
2023-05-22,Huelva,-4.9389
2023-05-23,Huelva,-4.9401
2023-05-24,Huelva,-4.9582
2023-05-25,Huelva,-4.985
2023-05-26,Huelva,-4.9439
2023-05-27,Huelva,-4.9794
2023-05-28,Huelva,-5.025
2023-05-29,Huelva,-5.0298
2023-05-30,Huelva,-5.0449
2023-05-31,Huelva,-5.0349
2023-06-01,Huelva,-4.9897
2023-06-02,Huelva,-4.9642
2023-06-03,Huelva,-4.9823
2023-06-04,Huelva,-4.9652
2023-06-05,Huelva,-4.9482
2023-06-06,Huelva,-4.8714
2023-06-07,Huelva,-4.8134
2023-06-08,Huelva,-4.8168
2023-06-09,Huelva,-4.8767
2023-06-10,Huelva,-4.9177
2023-06-11,Huelva,-4.96
2023-06-12,Huelva,-4.9758
2023-06-13,Huelva,-5.0181
2023-06-14,Huelva,-5.0455
2023-06-15,Huelva,-5.0221
2023-06-16,Huelva,-5.0047
2023-06-17,Huelva,-4.9553
2023-06-18,Huelva,-4.909
2023-06-19,Huelva,-4.9038
2023-06-20,Huelva,-4.9141
2023-06-21,Huelva,-4.9308
2023-06-22,Huelva,-4.9808
2023-06-23,Huelva,-4.9605
2023-06-24,Huelva,-4.8915
2023-06-25,Huelva,-4.8928
2023-06-26,Huelva,-4.9113
2023-06-27,Huelva,-4.9208
2023-06-28,Huelva,-4.9227
2023-06-29,Huelva,-4.9522
2023-06-30,Huelva,-4.9934
2023-07-01,Huelva,-5.0066
2023-07-02,Huelva,-5.0214
2023-07-03,Huelva,-4.9815
2023-07-04,Huelva,-4.9712
2023-07-05,Huelva,-4.9372
2023-07-06,Huelva,-4.9101
2023-07-07,Huelva,-4.8953
2023-07-08,Huelva,-4.9701
2023-07-09,Huelva,-5.0065
2023-07-10,Huelva,-4.9869
2023-07-11,Huelva,-4.9906
2023-07-12,Huelva,-5.0482
2023-07-13,Huelva,-5.0397
2023-07-14,Huelva,-5.0199
2023-07-15,Huelva,-5.0681
2023-07-16,Huelva,-5.0513
2023-07-17,Huelva,-5.0105
2023-07-18,Huelva,-5.0018
2023-07-19,Huelva,-5.002
2023-07-20,Huelva,-5.0122
2023-07-21,Huelva,-5.0543
2023-07-22,Huelva,-5.046
2023-07-23,Huelva,-5.0162
2023-07-24,Huelva,-5.0499
2023-07-25,Huelva,-5.0672
2023-07-26,Huelva,-5.0317
2023-07-27,Huelva,-5.0403
2023-07-28,Huelva,-5.0439
2023-07-29,Huelva,-5.0714
2023-07-30,Huelva,-5.1048
2023-07-31,Huelva,-5.1276
2023-08-01,Huelva,-5.0974
2023-08-02,Huelva,-5.065
2023-08-03,Huelva,-5.0676
2023-08-04,Huelva,-5.0297
2023-08-05,Huelva,-4.9994
2023-08-06,Huelva,-4.9514
2023-08-07,Huelva,-4.9028
2023-08-08,Huelva,-4.9047
2023-08-09,Huelva,-4.9449
2023-08-10,Huelva,-5.0143
2023-08-11,Huelva,-5.0345
2023-08-12,Huelva,-5.0312
2023-08-13,Huelva,-5.0274
2023-08-14,Huelva,-5.011
2023-08-15,Huelva,-4.9978
2023-08-16,Huelva,-5.0077
2023-08-17,Huelva,-4.9994
2023-08-18,Huelva,-5.007
2023-08-19,Huelva,-5.0165
2023-08-20,Huelva,-5.0094
2023-08-21,Huelva,-4.988
2023-08-22,Huelva,-4.9364
2023-08-23,Huelva,-4.8832
2023-08-24,Huelva,-4.8957
2023-08-25,Huelva,-4.8981
2023-08-26,Huelva,-4.9409
2023-08-27,Huelva,-5.0555
2023-08-28,Huelva,-5.0478
2023-08-29,Huelva,-5.0409
2023-08-30,Huelva,-5.0309
2023-08-31,Huelva,-4.9875
2023-09-01,Huelva,-4.9556
2023-09-02,Huelva,-4.9308
2023-09-03,Huelva,-4.8654
2023-09-04,Huelva,-4.8955
2023-09-05,Huelva,-4.9305
2023-09-06,Huelva,-4.919
2023-09-07,Huelva,-4.9371
2023-09-08,Huelva,-4.9496
2023-09-09,Huelva,-4.9226
2023-09-10,Huelva,-4.9531
2023-09-11,Huelva,-4.9838
2023-09-12,Huelva,-5.0086
2023-09-13,Huelva,-4.9888
2023-09-14,Huelva,-4.9685
2023-09-15,Huelva,-4.9246
2023-09-16,Huelva,-4.9284
2023-09-17,Huelva,-4.9564
2023-09-18,Huelva,-4.9764
2023-09-19,Huelva,-4.972
2023-09-20,Huelva,-4.9542
2023-09-21,Huelva,-4.9698
2023-09-22,Huelva,-5.0157
2023-09-23,Huelva,-5.0245
2023-09-24,Huelva,-5.0244
2023-09-25,Huelva,-5.0046
2023-09-26,Huelva,-5.0161
2023-09-27,Huelva,-5.017
2023-09-28,Huelva,-5.0103
2023-09-29,Huelva,-5.1227
2023-09-30,Huelva,-4.9614
2023-10-01,Huelva,-4.9511
2023-10-02,Huelva,-4.9536
2023-10-03,Huelva,-4.9516
2023-10-04,Huelva,-4.9652
2023-10-05,Huelva,-4.9517
2023-10-06,Huelva,-4.9463
2023-10-07,Huelva,-4.9382
2023-10-08,Huelva,-4.9476
2023-10-09,Huelva,-4.9522
2023-10-10,Huelva,-4.9497
2023-10-11,Huelva,-4.953
2023-10-12,Huelva,-4.9543
2023-10-13,Huelva,-4.9417
2023-10-14,Huelva,-4.957
2023-10-15,Huelva,-4.934
2023-10-16,Huelva,-4.8819
2023-10-17,Huelva,-4.8009
2023-10-18,Huelva,-4.8704
2023-10-19,Huelva,-4.7065
2023-10-20,Huelva,-4.8506
2023-10-21,Huelva,-4.8043
2023-10-22,Huelva,-4.6527
2023-10-23,Huelva,-4.772
2023-10-24,Huelva,-4.8752
2023-10-25,Huelva,-4.9447
2023-10-26,Huelva,-4.9425
2023-10-27,Huelva,-4.9697
2023-10-28,Huelva,-4.9436
2023-10-29,Huelva,-4.8708
2023-10-30,Huelva,-4.8906
2023-10-31,Huelva,-4.9118
2023-11-01,Huelva,-4.948
2023-11-02,Huelva,-4.9233
2023-11-03,Huelva,-4.9779
2023-11-04,Huelva,-4.9069
2023-11-05,Huelva,-4.9524
2023-11-06,Huelva,-5.0168
2023-11-07,Huelva,-5.0781
2023-11-08,Huelva,-5.0958
2023-11-09,Huelva,-5.0978
2023-11-10,Huelva,-5.1246
2023-11-11,Huelva,-5.1438
2023-11-12,Huelva,-5.1408
2023-11-13,Huelva,-5.132
2023-11-14,Huelva,-5.1166
2023-11-15,Huelva,-5.092
2023-11-16,Huelva,-5.0763
2023-11-17,Huelva,-5.0466
2023-11-18,Huelva,-5.0401
2023-11-19,Huelva,-4.9694
2023-11-20,Huelva,-4.98
2023-11-21,Huelva,-5.0409
2023-11-22,Huelva,-5.0553
2023-11-23,Huelva,-5.0525
2023-11-24,Huelva,-5.0461
2023-11-25,Huelva,-5.0729
2023-11-26,Huelva,-5.0239
2023-11-27,Huelva,-4.9889
2023-11-28,Huelva,-4.9973
2023-11-29,Huelva,-4.9123
2023-11-30,Huelva,-4.8224
2023-12-01,Huelva,-4.854
2023-12-02,Huelva,-4.978
2023-12-03,Huelva,-4.9729
2023-12-04,Huelva,-4.9636
2023-12-05,Huelva,-4.9297
2023-12-06,Huelva,-4.9075
2023-12-07,Huelva,-4.9711
2023-12-08,Huelva,-5.0543
2023-12-09,Huelva,-5.097
2023-12-10,Huelva,-5.1102
2023-12-11,Huelva,-5.1
2023-12-12,Huelva,-5.0472
2023-12-13,Huelva,-5.0903
2023-12-14,Huelva,-5.1393
2023-12-15,Huelva,-5.1213
2023-12-16,Huelva,-5.0944
2023-12-17,Huelva,-5.0772
2023-12-18,Huelva,-5.0849
2023-12-19,Huelva,-5.1115
2023-12-20,Huelva,-5.1385
2023-12-21,Huelva,-5.1582
2023-12-22,Huelva,-5.1488
2023-12-23,Huelva,-5.1241
2023-12-24,Huelva,-5.088
2023-12-25,Huelva,-5.073
2023-12-26,Huelva,-5.0771
2023-12-27,Huelva,-5.0592
2023-12-28,Huelva,-5.0468
2023-12-29,Huelva,-5.0214
2023-12-30,Huelva,-5.0127
2023-12-31,Huelva,-4.9907
2024-01-01,Huelva,-5.0034
2024-01-02,Huelva,-5.0075
2024-01-03,Huelva,-4.9789
2024-01-04,Huelva,-4.9354
2024-01-05,Huelva,-5.0352
2024-01-06,Huelva,-5.0717
2024-01-07,Huelva,-5.0841
2024-01-08,Huelva,-5.0431
2024-01-09,Huelva,-4.9996
2024-01-10,Huelva,-5.027
2024-01-11,Huelva,-5.0221
2024-01-12,Huelva,-5.0129
2024-01-13,Huelva,-4.9558
2024-01-14,Huelva,-4.9639
2024-01-15,Huelva,-4.9493
2024-01-16,Huelva,-4.8488
2024-01-17,Huelva,-4.7966
2024-01-18,Huelva,-4.8717
2024-01-19,Huelva,-4.871
2024-01-20,Huelva,-5.0679
2024-01-21,Huelva,-5.1323
2024-01-22,Huelva,-5.1833
2024-01-23,Huelva,-5.2049
2024-01-24,Huelva,-5.2006
2024-01-25,Huelva,-5.1567
2024-01-26,Huelva,-5.1433
2024-01-27,Huelva,-5.0877
2024-01-28,Huelva,-5.0713
2024-01-29,Huelva,-5.0732
2024-01-30,Huelva,-5.0713
2024-01-31,Huelva,-5.0799
2024-02-01,Huelva,-5.0897
2024-02-02,Huelva,-5.0807
2024-02-03,Huelva,-5.052
2024-02-04,Huelva,-5.1001
2024-02-05,Huelva,-5.1195
2024-02-06,Huelva,-5.1204
2024-02-07,Huelva,-5.1418
2024-02-08,Huelva,-4.9744
2024-02-09,Huelva,-4.7626
2024-02-10,Huelva,-4.9343
2024-02-11,Huelva,-4.9173
2024-02-12,Huelva,-4.9632
2024-02-13,Huelva,-5.3067
2024-02-14,Huelva,-4.9092
2024-02-15,Huelva,-4.8876
2024-02-16,Huelva,-5.0559
2024-02-17,Huelva,-5.1035
2024-02-18,Huelva,-5.166
2024-02-19,Huelva,-5.1926
2024-02-20,Huelva,-5.1801
2024-02-21,Huelva,-5.1433
2024-02-22,Huelva,-5.1234
2024-02-23,Huelva,-5.1647
2024-02-24,Huelva,-5.1663
2024-02-25,Huelva,-5.1259
2024-02-26,Huelva,-5.1489
2024-02-27,Huelva,-5.2007
2024-02-28,Huelva,-5.1664
2024-02-29,Huelva,-5.1975
2024-03-01,Huelva,-5.2117
2024-03-02,Huelva,-5.1409
2024-03-03,Huelva,-5.1787
2024-03-04,Huelva,-5.1806
2024-03-05,Huelva,-5.2187
2024-03-06,Huelva,-5.1631
2024-03-07,Huelva,-5.0792
2024-03-08,Huelva,-5.1028
2024-03-09,Huelva,-5.0095
2024-03-10,Huelva,-5.1155
2024-03-11,Huelva,-5.1479
2024-03-12,Huelva,-5.0917
2024-03-13,Huelva,-5.0099
2024-03-14,Huelva,-5.0456
2024-03-15,Huelva,-5.0694
2024-03-16,Huelva,-5.0837
2024-03-17,Huelva,-5.0564
2024-03-18,Huelva,-5.0427
2024-03-19,Huelva,-5.0324
2024-03-20,Huelva,-5.0334
2024-03-21,Huelva,-5.0082
2024-03-22,Huelva,-4.9708
2024-03-23,Huelva,-4.9725
2024-03-24,Huelva,-4.9128
2024-03-25,Huelva,-4.8772
2024-03-26,Huelva,-4.9579
2024-03-27,Huelva,-4.9383
2024-03-28,Huelva,-4.7924
2024-03-29,Huelva,-4.7277
2024-03-30,Huelva,-4.676
2024-03-31,Huelva,-4.7142
2024-04-01,Huelva,-4.8311
2024-04-02,Huelva,-4.8976
2024-04-03,Huelva,-4.9577
2024-04-04,Huelva,-4.9762
2024-04-05,Huelva,-4.9301
2024-04-06,Huelva,-4.8883
2024-04-07,Huelva,-5.0198
2024-04-08,Huelva,-5.064
2024-04-09,Huelva,-5.1214
2024-04-10,Huelva,-5.1153
2024-04-11,Huelva,-5.3003
2024-04-12,Huelva,-5.0407
2024-04-13,Huelva,-5.0444
2024-04-14,Huelva,-5.0287
2024-04-15,Huelva,-5.0129
2024-04-16,Huelva,-4.9879
2024-04-17,Huelva,-4.9851
2024-04-18,Huelva,-4.9831
2024-04-19,Huelva,-4.936
2024-04-20,Huelva,-4.9167
2024-04-21,Huelva,-4.9831
2024-04-22,Huelva,-4.9631
2024-04-23,Huelva,-5.0556
2024-04-24,Huelva,-5.0122
2024-04-25,Huelva,-4.9809
2024-04-26,Huelva,-4.949
2024-04-27,Huelva,-4.9191
2024-04-28,Huelva,-5.0001
2024-04-29,Huelva,-5.0405
2024-04-30,Huelva,-5.05
2024-05-01,Huelva,-5.0665
2024-05-02,Huelva,-5.1032
2024-05-03,Huelva,-5.1308
2024-05-04,Huelva,-5.1311
2024-05-05,Huelva,-5.1487
2024-05-06,Huelva,-5.2163
2024-05-07,Huelva,-5.1432
2024-05-08,Huelva,-5.0839
2024-05-09,Huelva,-4.998
2024-05-10,Huelva,-4.9467
2024-05-11,Huelva,-4.9515
2024-05-12,Huelva,-4.9651
2024-05-13,Huelva,-4.9824
2024-05-14,Huelva,-5.0732
2024-05-15,Huelva,-5.0959
2024-05-16,Huelva,-5.0816
2024-05-17,Huelva,-5.0723
2024-05-18,Huelva,-5.0726
2024-05-19,Huelva,-5.0856
2024-05-20,Huelva,-5.1125
2024-05-21,Huelva,-5.1512
2024-05-22,Huelva,-5.1064
2024-05-23,Huelva,-5.0653
2024-05-24,Huelva,-5.04
2024-05-25,Huelva,-5.0296
2024-05-26,Huelva,-5.0103
2024-05-27,Huelva,-5.0047
2024-05-28,Huelva,-4.9843
2024-05-29,Huelva,-4.9565
2024-05-30,Huelva,-4.9409
2024-05-31,Huelva,-4.9191
2024-06-01,Huelva,-4.9177
2024-06-02,Huelva,-4.9564
2024-06-03,Huelva,-4.9614
2024-06-04,Huelva,-5.1562
2024-06-05,Huelva,-4.9943
2024-06-06,Huelva,-4.9476
2024-06-07,Huelva,-4.9167
2024-06-08,Huelva,-4.9475
2024-06-09,Huelva,-4.8833
2024-06-10,Huelva,-4.9198
2024-06-11,Huelva,-4.9594
2024-06-12,Huelva,-5.0422
2024-06-13,Huelva,-5.0197
2024-06-14,Huelva,-5.0042
2024-06-15,Huelva,-5.0432
2024-06-16,Huelva,-5.0657
2024-06-17,Huelva,-5.0455
2024-06-18,Huelva,-5.0522
2024-06-19,Huelva,-5.0734
2024-06-20,Huelva,-5.0783
2024-06-21,Huelva,-5.1172
2024-06-22,Huelva,-5.0946
2024-06-23,Huelva,-4.9408
2024-06-24,Huelva,-4.9376
2024-06-25,Huelva,-4.8929
2024-06-26,Huelva,-4.914
2024-06-27,Huelva,-4.9427
2024-06-28,Huelva,-4.9685
2024-06-29,Huelva,-5.0248
2024-06-30,Huelva,-5.0791
2024-07-01,Huelva,-5.0935
2024-07-02,Huelva,-5.0798
2024-07-03,Huelva,-5.0531
2024-07-04,Huelva,-5.0006
2024-07-05,Huelva,-4.8878
2024-07-10,Huelva,-5.0403
2024-07-11,Huelva,-5.0444
2024-07-12,Huelva,-5.0289
2024-07-13,Huelva,-4.996
2024-07-14,Huelva,-5.0209
2024-07-15,Huelva,-5.0496
2024-07-16,Huelva,-5.085
2024-07-17,Huelva,-5.0613
2024-07-18,Huelva,-5.06
2024-07-19,Huelva,-5.0465
2024-07-20,Huelva,-5.0461
2024-07-21,Huelva,-5.0086
2024-07-22,Huelva,-5.0363
2024-07-23,Huelva,-4.964
2024-07-24,Huelva,-4.9256
2024-07-25,Huelva,-4.8849
2024-07-26,Huelva,-4.8991
2024-07-27,Huelva,-4.9056
2024-07-28,Huelva,-4.9355
2024-07-29,Huelva,-4.9166
2024-07-30,Huelva,-4.9611
2024-07-31,Huelva,-4.9721
2024-08-01,Huelva,-4.981
2024-08-02,Huelva,-5.0249
2024-08-03,Huelva,-5.0262
2024-08-04,Huelva,-4.9655
2024-08-05,Huelva,-4.9684
2024-08-06,Huelva,-4.9367
2024-08-07,Huelva,-4.9436
2024-08-08,Huelva,-4.9472
2024-08-09,Huelva,-4.9611
2024-08-10,Huelva,-4.9473
2024-08-11,Huelva,-4.9009
2024-08-12,Huelva,-4.9517
2024-08-13,Huelva,-5.0111
2024-08-14,Huelva,-5.046
2024-08-15,Huelva,-5.0167
2024-08-16,Huelva,-5.0218
2024-08-17,Huelva,-5.0229
2024-08-18,Huelva,-5.0267
2024-08-19,Huelva,-4.9915
2024-08-20,Huelva,-4.957
2024-08-21,Huelva,-4.9257
2024-08-22,Huelva,-4.9437
2024-08-23,Huelva,-4.9277
2024-08-24,Huelva,-4.8379
2024-08-25,Huelva,-5.0785
2024-08-26,Huelva,-4.9747
2024-08-27,Huelva,-4.9502
2024-08-28,Huelva,-4.9407
2024-08-29,Huelva,-4.9593
2024-08-30,Huelva,-4.9657
2024-08-31,Huelva,-4.9483
2024-09-01,Huelva,-4.9759
2024-09-02,Huelva,-4.7251
2024-09-03,Huelva,-5.0116
2024-09-04,Huelva,-4.9763
2024-09-05,Huelva,-4.9394
2024-09-06,Huelva,-4.9379
2024-09-07,Huelva,-4.9574
2024-09-08,Huelva,-4.9107
2024-09-09,Huelva,-5.0007
2024-09-10,Huelva,-4.9842
2024-09-11,Huelva,-4.9482
2024-09-12,Huelva,-4.9424
2024-09-13,Huelva,-4.9691
2024-09-14,Huelva,-4.963
2024-09-15,Huelva,-4.9828
2024-09-16,Huelva,-4.9565
2024-09-17,Huelva,-4.9084
2024-09-18,Huelva,-4.8837
2024-09-19,Huelva,-4.8634
2024-09-20,Huelva,-4.8594
2024-09-21,Huelva,-4.8573
2024-09-22,Huelva,-4.8337
2024-09-23,Huelva,-4.9029
2024-09-24,Huelva,-4.9326
2024-09-25,Huelva,-4.9354
2024-09-26,Huelva,-4.9503
2024-09-27,Huelva,-5.0252
2024-09-28,Huelva,-5.0368
2024-09-29,Huelva,-5.0351
2024-09-30,Huelva,-5.0107
2024-10-01,Huelva,-4.9958
2024-10-02,Huelva,-5.011
2024-10-03,Huelva,-4.9825
2024-10-04,Huelva,-4.9629
2024-10-05,Huelva,-4.9631
2024-10-06,Huelva,-4.8984
2024-10-07,Huelva,-4.8979
2024-10-08,Huelva,-4.9456
2024-10-09,Huelva,-4.8814
2024-10-10,Huelva,-4.9483
2024-10-11,Huelva,-4.8517
2024-10-12,Huelva,-4.8222
2024-10-13,Huelva,-4.9084
2024-10-14,Huelva,-4.9191
2024-10-15,Huelva,-4.7948
2024-10-16,Huelva,-4.8512
2024-10-17,Huelva,-4.9946
2024-10-18,Huelva,-5.028
2024-10-19,Huelva,-5.0112
2024-10-20,Huelva,-4.9454
2024-10-21,Huelva,-4.847
2024-10-22,Huelva,-5.0231
2024-10-23,Huelva,-4.9491
2024-10-24,Huelva,-4.9591
2024-10-25,Huelva,-4.9613
2024-10-26,Huelva,-5.0468
2024-10-27,Huelva,-5.042
2024-10-28,Huelva,-4.9731
2024-10-29,Huelva,-4.9869
2024-10-30,Huelva,-5.1659
2024-10-31,Huelva,-4.9041
2024-11-01,Huelva,-4.8992
2024-11-02,Huelva,-4.8498
2024-11-03,Huelva,-4.8439
2024-11-04,Huelva,-4.9408
2024-11-05,Huelva,-4.939
2024-11-06,Huelva,-4.9062
2024-11-07,Huelva,-4.8472
2024-11-08,Huelva,-4.8615
2024-11-09,Huelva,-4.9693
2024-11-10,Huelva,-5.0362
2024-11-11,Huelva,-4.9926
2024-11-12,Huelva,-4.9736
2024-11-13,Huelva,-4.9119
2024-11-14,Huelva,-4.8916
2024-11-15,Huelva,-4.8897
2024-11-16,Huelva,-4.8233
2024-11-17,Huelva,-4.7947
2024-11-18,Huelva,-4.9042
2024-11-19,Huelva,-4.8988
2024-11-20,Huelva,-4.9555
2024-11-21,Huelva,-4.9824
2024-11-22,Huelva,-4.9743
2024-11-23,Huelva,-4.9321
2024-11-24,Huelva,-4.8088
2024-11-25,Huelva,-4.917
2024-11-26,Huelva,-5.0021
2024-11-27,Huelva,-5.0196
2024-11-28,Huelva,-4.9617
2024-11-29,Huelva,-4.976
2024-11-30,Huelva,-5.0056
2024-12-01,Huelva,-4.9757
2024-12-02,Huelva,-5.0035
2024-12-03,Huelva,-5.0019
2024-12-04,Huelva,-5.0622
2024-12-05,Huelva,-5.0611
2024-12-06,Huelva,-5.0936
2024-12-07,Huelva,-5.1041
2024-12-08,Huelva,-5.1031
2024-12-09,Huelva,-5.046
2024-12-10,Huelva,-5.0064
2024-12-11,Huelva,-4.8259
2024-12-12,Huelva,-5.0872
2024-12-13,Huelva,-5.0434
2024-12-14,Huelva,-5.1285
2024-12-15,Huelva,-5.1701
2024-12-16,Huelva,-5.1154
2024-12-17,Huelva,-5.0762
2024-12-18,Huelva,-5.1183
2024-12-19,Huelva,-5.1196
2024-12-20,Huelva,-5.1103
2024-12-21,Huelva,-5.1244
2024-12-22,Huelva,-5.0807
2024-12-23,Huelva,-5.0949
2024-12-24,Huelva,-5.0961
2024-12-25,Huelva,-5.0615
2024-12-26,Huelva,-5.053
2024-12-27,Huelva,-5.0264
2024-12-28,Huelva,-5.0608
2024-12-29,Huelva,-5.1011
2024-12-30,Huelva,-5.1359
2024-12-31,Huelva,-5.0845
2009-11-26,Bonanza,-5.5735
2009-11-27,Bonanza,-5.624
2009-11-28,Bonanza,-5.6028
2009-11-29,Bonanza,-4.9634
2009-11-30,Bonanza,-5.596
2009-12-01,Bonanza,-5.5869
2009-12-02,Bonanza,-5.5865
2009-12-03,Bonanza,-5.4913
2009-12-04,Bonanza,-5.805
2009-12-05,Bonanza,-5.5618
2009-12-06,Bonanza,-5.5211
2009-12-07,Bonanza,-5.5441
2009-12-08,Bonanza,-5.768
2009-12-09,Bonanza,-5.6401
2009-12-10,Bonanza,-5.6207
2009-12-11,Bonanza,-5.5569
2009-12-12,Bonanza,-5.5314
2009-12-13,Bonanza,-5.3967
2009-12-14,Bonanza,-5.3478
2009-12-15,Bonanza,-5.5211
2009-12-16,Bonanza,-5.3222
2009-12-17,Bonanza,-5.599
2009-12-18,Bonanza,-5.1094
2009-12-19,Bonanza,-5.3226
2009-12-20,Bonanza,-5.3939
2009-12-21,Bonanza,-5.1452
2009-12-22,Bonanza,-5.0701
2009-12-23,Bonanza,-4.9563
2009-12-24,Bonanza,-4.9484
2009-12-25,Bonanza,-5.093
2009-12-26,Bonanza,-5.1608
2009-12-27,Bonanza,-5.4208
2009-12-30,Bonanza,-5.0084
2009-12-31,Bonanza,-4.9624
2010-01-01,Bonanza,-5.321
2010-01-02,Bonanza,-5.5386
2010-01-03,Bonanza,-5.6323
2010-01-04,Bonanza,-5.1713
2010-01-05,Bonanza,-5.1313
2010-01-06,Bonanza,-5.5451
2010-01-07,Bonanza,-5.2341
2010-01-08,Bonanza,-5.3645
2010-01-09,Bonanza,-5.5105
2010-01-10,Bonanza,-5.6462
2010-01-11,Bonanza,-5.3619
2010-01-13,Bonanza,-5.2806
2010-01-14,Bonanza,-5.3124
2010-01-15,Bonanza,-5.3678
2010-01-16,Bonanza,-5.424
2010-01-17,Bonanza,-5.4157
2010-01-18,Bonanza,-5.418
2010-01-19,Bonanza,-5.4631
2010-01-20,Bonanza,-5.5167
2010-01-21,Bonanza,-5.5258
2010-01-22,Bonanza,-5.5062
2010-01-23,Bonanza,-5.3891
2010-01-24,Bonanza,-5.4685
2010-01-25,Bonanza,-5.5127
2010-01-26,Bonanza,-5.5198
2010-01-27,Bonanza,-5.5734
2010-01-28,Bonanza,-5.5643
2010-01-29,Bonanza,-5.4901
2010-01-30,Bonanza,-5.4367
2010-01-31,Bonanza,-5.6284
2010-02-01,Bonanza,-5.6742
2010-02-02,Bonanza,-5.558
2010-02-03,Bonanza,-5.3486
2010-02-04,Bonanza,-5.3542
2010-02-05,Bonanza,-5.4594
2010-02-06,Bonanza,-5.545
2010-02-07,Bonanza,-5.5398
2010-02-08,Bonanza,-5.419
2010-02-09,Bonanza,-5.4291
2010-02-10,Bonanza,-5.4443
2010-02-11,Bonanza,-5.4749
2010-02-12,Bonanza,-5.45
2010-02-13,Bonanza,-5.383
2010-02-14,Bonanza,-5.3059
2010-02-15,Bonanza,-5.0779
2010-02-16,Bonanza,-4.8211
2010-02-17,Bonanza,-4.9051
2010-02-18,Bonanza,-4.9481
2010-02-19,Bonanza,-5.0433
2010-02-20,Bonanza,-5.172
2010-02-21,Bonanza,-5.0553
2010-02-22,Bonanza,-5.0562
2010-02-23,Bonanza,-5.1396
2010-02-24,Bonanza,-5.2559
2010-02-25,Bonanza,-5.1907
2010-02-26,Bonanza,-5.1582
2010-02-27,Bonanza,-4.9916
2010-02-28,Bonanza,-5.0038
2010-03-01,Bonanza,-5.078
2010-03-02,Bonanza,-4.9991
2010-03-03,Bonanza,-4.9223
2010-03-04,Bonanza,-5.0465
2010-03-05,Bonanza,-5.1451
2010-03-06,Bonanza,-5.1648
2010-03-07,Bonanza,-5.2499
2010-03-08,Bonanza,-5.2926
2010-03-09,Bonanza,-5.3392
2010-03-10,Bonanza,-5.3611
2010-03-11,Bonanza,-5.3831
2010-03-12,Bonanza,-5.4422
2010-03-13,Bonanza,-5.493
2010-03-14,Bonanza,-5.5187
2010-03-15,Bonanza,-5.5099
2010-03-16,Bonanza,-5.4444
2010-03-17,Bonanza,-5.4712
2010-03-18,Bonanza,-5.4404
2010-03-19,Bonanza,-5.4542
2010-03-20,Bonanza,-5.4582
2010-03-21,Bonanza,-5.4454
2010-03-22,Bonanza,-5.4931
2010-03-23,Bonanza,-5.4606
2010-03-24,Bonanza,-5.4392
2010-03-25,Bonanza,-5.4498
2010-03-26,Bonanza,-5.5478
2010-03-27,Bonanza,-5.603
2010-03-28,Bonanza,-5.5139
2010-03-29,Bonanza,-5.4263
2010-03-30,Bonanza,-5.4393
2010-03-31,Bonanza,-5.475
2010-04-01,Bonanza,-5.4888
2010-04-02,Bonanza,-5.5383
2010-04-03,Bonanza,-5.5495
2010-04-04,Bonanza,-5.6466
2010-04-05,Bonanza,-5.5703
2010-04-06,Bonanza,-5.5918
2010-04-07,Bonanza,-5.644
2010-04-08,Bonanza,-5.6291
2010-04-09,Bonanza,-5.5848
2010-04-10,Bonanza,-5.536
2010-04-11,Bonanza,-5.4879
2010-04-12,Bonanza,-5.4517
2010-04-13,Bonanza,-5.411
2010-04-14,Bonanza,-5.3751
2010-04-15,Bonanza,-5.3279
2010-04-16,Bonanza,-5.3116
2010-04-17,Bonanza,-5.3268
2010-04-18,Bonanza,-5.3081
2010-04-19,Bonanza,-5.361
2010-04-20,Bonanza,-5.3906
2010-04-21,Bonanza,-5.381
2010-04-22,Bonanza,-5.4053
2010-04-23,Bonanza,-5.4413
2010-04-24,Bonanza,-5.507
2010-04-25,Bonanza,-5.5587
2010-04-26,Bonanza,-5.5672
2010-04-27,Bonanza,-5.5013
2010-04-28,Bonanza,-5.4416
2010-04-29,Bonanza,-5.3808
2010-04-30,Bonanza,-5.3851
2010-05-01,Bonanza,-5.4043
2010-05-02,Bonanza,-5.4342
2010-05-03,Bonanza,-5.4855
2010-05-04,Bonanza,-5.5728
2010-05-05,Bonanza,-5.596
2010-05-06,Bonanza,-5.5401
2010-05-07,Bonanza,-5.5235
2010-05-08,Bonanza,-5.5116
2010-05-09,Bonanza,-5.4534
2010-05-10,Bonanza,-5.4606
2010-05-11,Bonanza,-5.4437
2010-05-12,Bonanza,-5.488
2010-05-13,Bonanza,-5.496
2010-05-14,Bonanza,-5.5257
2010-05-15,Bonanza,-5.5573
2010-05-16,Bonanza,-5.5271
2010-05-17,Bonanza,-5.5367
2010-05-18,Bonanza,-5.5487
2010-05-19,Bonanza,-5.539
2010-05-20,Bonanza,-5.507
2010-05-21,Bonanza,-5.4804
2010-05-22,Bonanza,-5.5054
2010-05-23,Bonanza,-5.5053
2010-05-24,Bonanza,-5.5447
2010-05-25,Bonanza,-5.5773
2010-05-26,Bonanza,-5.5442
2010-05-27,Bonanza,-5.5123
2010-05-28,Bonanza,-5.5368
2010-05-29,Bonanza,-5.5835
2010-05-30,Bonanza,-5.5758
2010-05-31,Bonanza,-5.5719
2010-06-01,Bonanza,-5.53
2010-06-02,Bonanza,-5.5039
2010-06-03,Bonanza,-5.5045
2010-06-04,Bonanza,-5.5239
2010-06-05,Bonanza,-5.5487
2010-06-06,Bonanza,-5.5713
2010-06-07,Bonanza,-5.5481
2010-06-08,Bonanza,-5.505
2010-06-09,Bonanza,-5.3866
2010-06-10,Bonanza,-5.4399
2010-06-11,Bonanza,-5.488
2010-06-12,Bonanza,-5.459
2010-06-13,Bonanza,-5.4391
2010-06-14,Bonanza,-5.3857
2010-06-15,Bonanza,-5.3565
2010-06-16,Bonanza,-5.3661
2010-06-17,Bonanza,-5.4032
2010-06-18,Bonanza,-5.451
2010-06-19,Bonanza,-5.5166
2010-06-20,Bonanza,-5.52
2010-06-21,Bonanza,-5.5438
2010-06-22,Bonanza,-5.5719
2010-06-23,Bonanza,-5.5389
2010-06-24,Bonanza,-5.5116
2010-06-25,Bonanza,-5.5037
2010-06-26,Bonanza,-5.4766
2010-06-27,Bonanza,-5.4645
2010-06-28,Bonanza,-5.493
2010-06-29,Bonanza,-5.4986
2010-06-30,Bonanza,-5.4845
2010-07-01,Bonanza,-5.4692
2010-07-02,Bonanza,-5.4578
2010-07-03,Bonanza,-5.4812
2010-07-04,Bonanza,-5.4904
2010-07-05,Bonanza,-5.5004
2010-07-06,Bonanza,-5.5033
2010-07-07,Bonanza,-5.4804
2010-07-08,Bonanza,-5.4978
2010-07-09,Bonanza,-5.5294
2010-07-10,Bonanza,-5.5196
2010-07-11,Bonanza,-5.502
2010-07-12,Bonanza,-5.4663
2010-07-13,Bonanza,-5.4327
2010-07-14,Bonanza,-5.4152
2010-07-15,Bonanza,-5.4278
2010-07-16,Bonanza,-5.4631
2010-07-17,Bonanza,-5.4934
2010-07-18,Bonanza,-5.5323
2010-07-19,Bonanza,-5.5456
2010-07-20,Bonanza,-5.5437
2010-07-21,Bonanza,-5.546
2010-07-22,Bonanza,-5.5733
2010-07-23,Bonanza,-5.5902
2010-07-24,Bonanza,-5.5709
2010-07-25,Bonanza,-5.5214
2010-07-26,Bonanza,-5.4654
2010-07-27,Bonanza,-5.3951
2010-07-28,Bonanza,-5.3866
2010-07-29,Bonanza,-5.4141
2010-07-30,Bonanza,-5.4173
2010-07-31,Bonanza,-5.456
2010-08-01,Bonanza,-5.4549
2010-08-02,Bonanza,-5.4743
2010-08-03,Bonanza,-5.4914
2010-08-04,Bonanza,-5.5064
2010-08-05,Bonanza,-5.4999
2010-08-06,Bonanza,-5.478
2010-08-07,Bonanza,-5.4446
2010-08-08,Bonanza,-5.4335
2010-08-09,Bonanza,-5.3977
2010-08-10,Bonanza,-5.3706
2010-08-11,Bonanza,-5.3531
2010-08-12,Bonanza,-5.3265
2010-08-13,Bonanza,-5.3473
2010-08-14,Bonanza,-5.377
2010-08-15,Bonanza,-5.4229
2010-08-16,Bonanza,-5.488
2010-08-17,Bonanza,-5.5121
2010-08-18,Bonanza,-5.5168
2010-08-19,Bonanza,-5.5137
2010-08-20,Bonanza,-5.5446
2010-08-21,Bonanza,-5.5089
2010-08-22,Bonanza,-5.4927
2010-08-23,Bonanza,-5.4651
2010-08-24,Bonanza,-5.4681
2010-08-25,Bonanza,-5.4489
2010-08-26,Bonanza,-5.4322
2010-08-27,Bonanza,-5.4395
2010-08-28,Bonanza,-5.4421
2010-08-29,Bonanza,-5.4277
2010-08-30,Bonanza,-5.3951
2010-08-31,Bonanza,-5.3528
2010-09-01,Bonanza,-5.3423
2010-09-02,Bonanza,-5.4183
2010-09-03,Bonanza,-5.4534
2010-09-04,Bonanza,-5.4764
2010-09-05,Bonanza,-5.4533
2010-09-06,Bonanza,-5.3919
2010-09-07,Bonanza,-5.3547
2010-09-08,Bonanza,-5.3662
2010-09-09,Bonanza,-5.3759
2010-09-10,Bonanza,-5.3373
2010-09-11,Bonanza,-5.31
2010-09-12,Bonanza,-5.3398
2010-09-13,Bonanza,-5.4111
2010-09-14,Bonanza,-5.477
2010-09-15,Bonanza,-5.4662
2010-09-16,Bonanza,-5.4453
2010-09-17,Bonanza,-5.4154
2010-09-18,Bonanza,-5.4512
2010-09-19,Bonanza,-5.4462
2010-09-20,Bonanza,-5.4263
2010-09-21,Bonanza,-5.4453
2010-09-22,Bonanza,-5.4255
2010-09-23,Bonanza,-5.4428
2010-09-24,Bonanza,-5.4136
2010-09-25,Bonanza,-5.4057
2010-09-26,Bonanza,-5.394
2010-09-27,Bonanza,-5.407
2010-09-28,Bonanza,-5.4518
2010-09-29,Bonanza,-5.4654
2010-09-30,Bonanza,-5.4632
2010-10-01,Bonanza,-5.4724
2010-10-02,Bonanza,-5.4856
2010-10-03,Bonanza,-5.4537
2010-10-04,Bonanza,-5.4633
2010-10-05,Bonanza,-5.4702
2010-10-06,Bonanza,-5.4184
2010-10-07,Bonanza,-5.3846
2010-10-08,Bonanza,-5.3208
2010-10-09,Bonanza,-5.1998
2010-10-10,Bonanza,-5.1878
2010-10-11,Bonanza,-5.1767
2010-10-12,Bonanza,-5.2481
2010-10-13,Bonanza,-5.3309
2010-10-14,Bonanza,-5.3812
2010-10-15,Bonanza,-5.4011
2010-10-16,Bonanza,-5.4073
2010-10-17,Bonanza,-5.4681
2010-10-18,Bonanza,-5.491
2010-10-19,Bonanza,-5.4879
2010-10-20,Bonanza,-5.447
2010-10-21,Bonanza,-5.4227
2010-10-22,Bonanza,-5.4005
2010-10-23,Bonanza,-5.3929
2010-10-24,Bonanza,-5.4036
2010-10-25,Bonanza,-5.452
2010-10-26,Bonanza,-5.513
2010-10-27,Bonanza,-5.5308
2010-10-28,Bonanza,-5.521
2010-10-29,Bonanza,-5.4805
2010-10-30,Bonanza,-5.4394
2010-10-31,Bonanza,-5.3703
2010-11-01,Bonanza,-5.5397
2010-11-02,Bonanza,-5.5915
2010-11-03,Bonanza,-5.6169
2010-11-04,Bonanza,-5.5868
2010-11-05,Bonanza,-5.529
2010-11-06,Bonanza,-5.4969
2010-11-07,Bonanza,-5.4396
2010-11-08,Bonanza,-5.3938
2010-11-09,Bonanza,-5.3202
2010-11-10,Bonanza,-5.4225
2010-11-11,Bonanza,-5.5156
2010-11-12,Bonanza,-5.5543
2010-11-13,Bonanza,-5.4926
2010-11-14,Bonanza,-5.4218
2010-11-15,Bonanza,-5.5626
2010-11-16,Bonanza,-5.5949
2010-11-17,Bonanza,-5.5272
2010-11-18,Bonanza,-5.5523
2010-11-19,Bonanza,-5.5167
2010-11-20,Bonanza,-5.453
2010-11-21,Bonanza,-5.4666
2010-11-22,Bonanza,-5.4324
2010-11-23,Bonanza,-5.4006
2010-11-24,Bonanza,-5.3608
2010-11-25,Bonanza,-5.3495
2010-11-26,Bonanza,-5.3064
2010-11-27,Bonanza,-5.2169
2010-11-28,Bonanza,-5.2953
2010-11-29,Bonanza,-5.2105
2010-11-30,Bonanza,-5.1761
2010-12-01,Bonanza,-5.2452
2010-12-02,Bonanza,-5.3827
2010-12-03,Bonanza,-5.4785
2010-12-04,Bonanza,-5.4324
2010-12-05,Bonanza,-5.3041
2010-12-06,Bonanza,-5.1929
2010-12-07,Bonanza,-5.0664
2010-12-08,Bonanza,-5.0464
2010-12-09,Bonanza,-5.1599
2010-12-10,Bonanza,-5.2135
2010-12-11,Bonanza,-5.2338
2010-12-12,Bonanza,-5.3381
2010-12-13,Bonanza,-5.4027
2010-12-14,Bonanza,-5.4374
2010-12-15,Bonanza,-5.5638
2010-12-16,Bonanza,-5.5568
2010-12-17,Bonanza,-5.4137
2010-12-18,Bonanza,-5.2686
2010-12-19,Bonanza,-5.2172
2010-12-20,Bonanza,-5.2187
2010-12-21,Bonanza,-5.0618
2010-12-22,Bonanza,-4.8275
2010-12-23,Bonanza,-4.9314
2010-12-24,Bonanza,-5.1444
2010-12-25,Bonanza,-5.2049
2010-12-26,Bonanza,-5.2899
2010-12-27,Bonanza,-5.3539
2010-12-28,Bonanza,-5.3677
2010-12-29,Bonanza,-5.3374
2010-12-30,Bonanza,-5.29
2010-12-31,Bonanza,-5.3043
2011-01-01,Bonanza,-5.3582
2011-01-02,Bonanza,-5.4043
2011-01-03,Bonanza,-5.4579
2011-01-04,Bonanza,-5.4539
2011-01-05,Bonanza,-5.3779
2011-01-06,Bonanza,-5.3483
2011-01-07,Bonanza,-5.3097
2011-01-08,Bonanza,-5.3068
2011-01-09,Bonanza,-5.3476
2011-01-10,Bonanza,-5.4286
2011-01-11,Bonanza,-5.493
2011-01-12,Bonanza,-5.5449
2011-01-13,Bonanza,-5.5426
2011-01-14,Bonanza,-5.5293
2011-01-15,Bonanza,-5.5613
2011-01-16,Bonanza,-5.5901
2011-01-17,Bonanza,-5.5834
2011-01-18,Bonanza,-5.5273
2011-01-19,Bonanza,-5.478
2011-01-20,Bonanza,-5.456
2011-01-21,Bonanza,-5.4212
2011-01-22,Bonanza,-5.3527
2011-01-23,Bonanza,-5.2867
2011-01-24,Bonanza,-5.2597
2011-01-25,Bonanza,-5.3273
2011-01-26,Bonanza,-5.2922
2011-01-27,Bonanza,-5.3041
2011-01-28,Bonanza,-5.3441
2011-01-29,Bonanza,-5.4292
2011-01-30,Bonanza,-5.4471
2011-01-31,Bonanza,-5.5243
2011-02-01,Bonanza,-5.5839
2011-02-02,Bonanza,-5.6136
2011-02-03,Bonanza,-5.6234
2011-02-04,Bonanza,-5.663
2011-02-05,Bonanza,-5.6388
2011-02-06,Bonanza,-5.6134
2011-02-07,Bonanza,-5.591
2011-02-08,Bonanza,-5.5726
2011-02-09,Bonanza,-5.5814
2011-02-10,Bonanza,-5.5751
2011-02-11,Bonanza,-5.5559
2011-02-12,Bonanza,-5.5742
2011-02-13,Bonanza,-5.5122
2011-02-14,Bonanza,-5.5648
2011-02-15,Bonanza,-5.4115
2011-02-16,Bonanza,-5.2791
2011-02-17,Bonanza,-5.2307
2011-02-18,Bonanza,-5.3335
2011-02-19,Bonanza,-5.3648
2011-02-20,Bonanza,-5.2985
2011-02-21,Bonanza,-5.3979
2011-02-22,Bonanza,-5.4737
2011-02-23,Bonanza,-5.5408
2011-02-24,Bonanza,-5.6107
2011-02-25,Bonanza,-5.6373
2011-02-26,Bonanza,-5.635
2011-02-27,Bonanza,-5.6202
2011-02-28,Bonanza,-5.6391
2011-03-01,Bonanza,-5.6504
2011-03-02,Bonanza,-5.6373
2011-03-03,Bonanza,-5.5596
2011-03-04,Bonanza,-5.4819
2011-03-05,Bonanza,-5.4723
2011-03-06,Bonanza,-5.4751
2011-03-07,Bonanza,-5.4258
2011-03-08,Bonanza,-5.4026
2011-03-09,Bonanza,-5.4287
2011-03-10,Bonanza,-5.4318
2011-03-11,Bonanza,-5.3549
2011-03-12,Bonanza,-5.3468
2011-03-13,Bonanza,-5.353
2011-03-14,Bonanza,-5.2864
2011-03-15,Bonanza,-5.4036
2011-03-16,Bonanza,-5.4333
2011-03-17,Bonanza,-5.5219
2011-03-18,Bonanza,-5.5348
2011-03-19,Bonanza,-5.5032
2011-03-20,Bonanza,-5.4273
2011-03-21,Bonanza,-5.3654
2011-03-22,Bonanza,-5.3514
2011-03-23,Bonanza,-5.3725
2011-03-24,Bonanza,-5.4344
2011-03-25,Bonanza,-5.489
2011-03-26,Bonanza,-5.5311
2011-03-27,Bonanza,-5.5847
2011-03-28,Bonanza,-5.6041
2011-03-29,Bonanza,-5.6451
2011-03-30,Bonanza,-5.697
2011-03-31,Bonanza,-5.6932
2011-04-01,Bonanza,-5.6139
2011-04-02,Bonanza,-5.5394
2011-04-03,Bonanza,-5.5385
2011-04-04,Bonanza,-5.5697
2011-04-05,Bonanza,-5.5183
2011-04-06,Bonanza,-5.4755
2011-04-07,Bonanza,-5.5174
2011-04-08,Bonanza,-5.4991
2011-04-09,Bonanza,-5.5704
2011-04-10,Bonanza,-5.5798
2011-04-11,Bonanza,-5.5828
2011-04-12,Bonanza,-5.6106
2011-04-13,Bonanza,-5.5629
2011-04-14,Bonanza,-5.5139
2011-04-15,Bonanza,-5.4722
2011-04-16,Bonanza,-5.4426
2011-04-17,Bonanza,-5.4134
2011-04-18,Bonanza,-5.3558
2011-04-19,Bonanza,-5.3136
2011-04-20,Bonanza,-5.3098
2011-04-21,Bonanza,-5.2715
2011-04-22,Bonanza,-5.294
2011-04-23,Bonanza,-5.3643
2011-04-24,Bonanza,-5.4285
2011-04-25,Bonanza,-5.4839
2011-04-26,Bonanza,-5.5225
2011-04-27,Bonanza,-5.4851
2011-04-28,Bonanza,-5.4445
2011-04-29,Bonanza,-5.3661
2011-04-30,Bonanza,-5.3327
2011-05-01,Bonanza,-5.3243
2011-05-02,Bonanza,-5.3153
2011-05-03,Bonanza,-5.3859
2011-05-04,Bonanza,-5.442
2011-05-05,Bonanza,-5.4277
2011-05-06,Bonanza,-5.3925
2011-05-07,Bonanza,-5.4375
2011-05-08,Bonanza,-5.4834
2011-05-09,Bonanza,-5.4762
2011-05-10,Bonanza,-5.4618
2011-05-11,Bonanza,-5.4697
2011-05-12,Bonanza,-5.4987
2011-05-13,Bonanza,-5.4803
2011-05-14,Bonanza,-5.5032
2011-05-15,Bonanza,-5.5102
2011-05-16,Bonanza,-5.4695
2011-05-17,Bonanza,-5.4212
2011-05-18,Bonanza,-5.3396
2011-05-19,Bonanza,-5.3695
2011-05-20,Bonanza,-5.4058
2011-05-21,Bonanza,-5.472
2011-05-22,Bonanza,-5.5298
2011-05-23,Bonanza,-5.5743
2011-05-24,Bonanza,-5.5772
2011-05-25,Bonanza,-5.5402
2011-05-26,Bonanza,-5.5604
2011-05-27,Bonanza,-5.5151
2011-05-28,Bonanza,-5.4919
2011-05-29,Bonanza,-5.5018
2011-05-30,Bonanza,-5.4844
2011-05-31,Bonanza,-5.5059
2011-06-01,Bonanza,-5.5046
2011-06-02,Bonanza,-5.4669
2011-06-03,Bonanza,-5.4132
2011-06-04,Bonanza,-5.3618
2011-06-05,Bonanza,-5.3208
2011-06-06,Bonanza,-5.3239
2011-06-07,Bonanza,-5.3917
2011-06-08,Bonanza,-5.4655
2011-06-09,Bonanza,-5.4796
2011-06-10,Bonanza,-5.5217
2011-06-11,Bonanza,-5.5467
2011-06-12,Bonanza,-5.5319
2011-06-13,Bonanza,-5.5292
2011-06-14,Bonanza,-5.5287
2011-06-15,Bonanza,-5.5084
2011-06-16,Bonanza,-5.488
2011-06-17,Bonanza,-5.4582
2011-06-18,Bonanza,-5.49
2011-06-19,Bonanza,-5.495
2011-06-20,Bonanza,-5.5234
2011-06-21,Bonanza,-5.5007
2011-06-22,Bonanza,-5.5138
2011-06-23,Bonanza,-5.548
2011-06-24,Bonanza,-5.5429
2011-06-25,Bonanza,-5.4959
2011-06-26,Bonanza,-5.4902
2011-06-27,Bonanza,-5.466
2011-06-28,Bonanza,-5.499
2011-06-29,Bonanza,-5.5111
2011-06-30,Bonanza,-5.4926
2011-07-01,Bonanza,-5.4646
2011-07-02,Bonanza,-5.3983
2011-07-03,Bonanza,-5.3792
2011-07-04,Bonanza,-5.4411
2011-07-05,Bonanza,-5.4383
2011-07-06,Bonanza,-5.4753
2011-07-07,Bonanza,-5.5121
2011-07-08,Bonanza,-5.5491
2011-07-09,Bonanza,-5.5576
2011-07-10,Bonanza,-5.5856
2011-07-11,Bonanza,-5.5573
2011-07-12,Bonanza,-5.5494
2011-07-13,Bonanza,-5.5776
2011-07-14,Bonanza,-5.5584
2011-07-21,Bonanza,-5.5163
2011-07-22,Bonanza,-5.4427
2011-07-23,Bonanza,-5.4853
2011-07-24,Bonanza,-5.5145
2011-07-25,Bonanza,-5.4933
2011-07-26,Bonanza,-5.4716
2011-07-27,Bonanza,-5.4548
2011-07-28,Bonanza,-5.4618
2011-07-29,Bonanza,-5.4757
2011-07-30,Bonanza,-5.4575
2011-07-31,Bonanza,-5.4029
2011-08-01,Bonanza,-5.3518
2011-08-02,Bonanza,-5.4055
2011-08-03,Bonanza,-5.4312
2011-08-04,Bonanza,-5.4694
2011-08-05,Bonanza,-5.4857
2011-08-06,Bonanza,-5.5065
2011-08-07,Bonanza,-5.5036
2011-08-08,Bonanza,-5.5502
2011-08-09,Bonanza,-5.5335
2011-08-10,Bonanza,-5.4814
2011-08-11,Bonanza,-5.4257
2011-08-12,Bonanza,-5.4342
2011-08-13,Bonanza,-5.4537
2011-08-14,Bonanza,-5.442
2011-08-15,Bonanza,-5.4629
2011-08-16,Bonanza,-5.4528
2011-08-17,Bonanza,-5.4431
2011-08-18,Bonanza,-5.4166
2011-08-19,Bonanza,-5.4527
2011-08-20,Bonanza,-5.3974
2011-08-21,Bonanza,-5.4462
2011-08-22,Bonanza,-5.4976
2011-08-23,Bonanza,-5.5005
2011-08-24,Bonanza,-5.5279
2011-08-25,Bonanza,-5.5224
2011-08-26,Bonanza,-5.5386
2011-08-27,Bonanza,-5.5277
2011-08-28,Bonanza,-5.4988
2011-08-29,Bonanza,-5.438
2011-08-30,Bonanza,-5.389
2011-08-31,Bonanza,-5.3318
2011-09-01,Bonanza,-5.2848
2011-09-02,Bonanza,-5.3317
2011-09-03,Bonanza,-5.413
2011-09-04,Bonanza,-5.4958
2011-09-05,Bonanza,-5.5753
2011-09-06,Bonanza,-5.6091
2011-09-07,Bonanza,-5.5984
2011-09-08,Bonanza,-5.5578
2011-09-09,Bonanza,-5.4782
2011-09-10,Bonanza,-5.4655
2011-09-11,Bonanza,-5.4833
2011-09-12,Bonanza,-5.4521
2011-09-13,Bonanza,-5.4063
2011-09-14,Bonanza,-5.3587
2011-09-15,Bonanza,-5.3484
2011-09-16,Bonanza,-5.3948
2011-09-17,Bonanza,-5.4329
2011-09-18,Bonanza,-5.4342
2011-09-19,Bonanza,-5.4786
2011-09-20,Bonanza,-5.4844
2011-09-21,Bonanza,-5.5003
2011-09-22,Bonanza,-5.513
2011-09-23,Bonanza,-5.501
2011-09-24,Bonanza,-5.5088
2011-09-25,Bonanza,-5.4924
2011-09-26,Bonanza,-5.4666
2011-09-27,Bonanza,-5.4376
2011-09-28,Bonanza,-5.3801
2011-09-29,Bonanza,-5.3643
2011-09-30,Bonanza,-5.3808
2011-10-01,Bonanza,-5.3824
2011-10-02,Bonanza,-5.4303
2011-10-03,Bonanza,-5.5032
2011-10-04,Bonanza,-5.5009
2011-10-05,Bonanza,-5.5133
2011-10-06,Bonanza,-5.5117
2011-10-07,Bonanza,-5.4923
2011-10-08,Bonanza,-5.5305
2011-10-09,Bonanza,-5.5216
2011-10-10,Bonanza,-5.4921
2011-10-11,Bonanza,-5.4821
2011-10-12,Bonanza,-5.4593
2011-10-13,Bonanza,-5.4388
2011-10-14,Bonanza,-5.4328
2011-10-15,Bonanza,-5.414
2011-10-16,Bonanza,-5.4169
2011-10-17,Bonanza,-5.4047
2011-10-18,Bonanza,-5.4102
2011-10-19,Bonanza,-5.4329
2011-10-20,Bonanza,-5.4488
2011-10-21,Bonanza,-5.4384
2011-10-22,Bonanza,-5.4292
2011-10-23,Bonanza,-5.3898
2011-10-24,Bonanza,-5.2201
2011-10-25,Bonanza,-5.3277
2011-10-26,Bonanza,-5.2894
2011-10-27,Bonanza,-5.1846
2011-10-28,Bonanza,-5.3411
2011-10-29,Bonanza,-5.399
2011-10-30,Bonanza,-5.431
2011-10-31,Bonanza,-5.4303
2011-11-01,Bonanza,-5.4404
2011-11-02,Bonanza,-5.3462
2011-11-03,Bonanza,-5.2216
2011-11-04,Bonanza,-5.1776
2011-11-05,Bonanza,-5.3692
2011-11-06,Bonanza,-5.5024
2011-11-07,Bonanza,-5.5179
2011-11-08,Bonanza,-5.5156
2011-11-09,Bonanza,-5.5197
2011-11-10,Bonanza,-5.4901
2011-11-11,Bonanza,-5.4545
2011-11-12,Bonanza,-5.4048
2011-11-13,Bonanza,-5.3736
2011-11-14,Bonanza,-5.3122
2011-11-15,Bonanza,-5.4237
2011-11-16,Bonanza,-5.4655
2011-11-17,Bonanza,-5.4949
2011-11-18,Bonanza,-5.4417
2011-11-19,Bonanza,-5.343
2011-11-20,Bonanza,-5.3412
2011-11-21,Bonanza,-5.4138
2011-11-22,Bonanza,-5.4957
2011-11-23,Bonanza,-5.5148
2011-11-24,Bonanza,-5.5148
2011-11-25,Bonanza,-5.5512
2011-11-26,Bonanza,-5.5424
2011-11-27,Bonanza,-5.4941
2011-11-28,Bonanza,-5.4811
2011-11-29,Bonanza,-5.521
2011-11-30,Bonanza,-5.5446
2011-12-01,Bonanza,-5.5351
2011-12-02,Bonanza,-5.5547
2011-12-03,Bonanza,-5.6277
2011-12-04,Bonanza,-5.6287
2011-12-05,Bonanza,-5.6652
2011-12-06,Bonanza,-5.6921
2011-12-07,Bonanza,-5.6968
2011-12-08,Bonanza,-5.6371
2011-12-09,Bonanza,-5.5749
2011-12-10,Bonanza,-5.5291
2011-12-11,Bonanza,-5.5331
2011-12-12,Bonanza,-5.5565
2011-12-13,Bonanza,-5.5552
2011-12-14,Bonanza,-5.5458
2011-12-15,Bonanza,-5.608
2011-12-16,Bonanza,-5.6193
2011-12-17,Bonanza,-5.6217
2011-12-18,Bonanza,-5.6145
2011-12-19,Bonanza,-5.6774
2011-12-20,Bonanza,-5.7454
2011-12-21,Bonanza,-5.7403
2011-12-22,Bonanza,-5.7024
2011-12-23,Bonanza,-5.6612
2011-12-24,Bonanza,-5.6402
2011-12-25,Bonanza,-5.626
2011-12-26,Bonanza,-5.5464
2011-12-27,Bonanza,-5.5607
2011-12-28,Bonanza,-5.6103
2011-12-29,Bonanza,-5.6491
2011-12-30,Bonanza,-5.7355
2011-12-31,Bonanza,-5.7249
2012-01-01,Bonanza,-5.6926
2012-01-02,Bonanza,-5.7386
2012-01-03,Bonanza,-5.7725
2012-01-04,Bonanza,-5.7848
2012-01-05,Bonanza,-5.7886
2012-01-06,Bonanza,-5.7728
2012-01-07,Bonanza,-5.71
2012-01-08,Bonanza,-5.6429
2012-01-09,Bonanza,-5.6368
2012-01-10,Bonanza,-5.5841
2012-01-11,Bonanza,-5.5895
2012-01-12,Bonanza,-5.5521
2012-01-13,Bonanza,-5.5437
2012-01-14,Bonanza,-5.5564
2012-01-15,Bonanza,-5.5423
2012-01-16,Bonanza,-5.5147
2012-01-17,Bonanza,-5.6309
2012-01-18,Bonanza,-5.6867
2012-01-19,Bonanza,-5.7517
2012-01-20,Bonanza,-5.7542
2012-01-21,Bonanza,-5.7206
2012-01-22,Bonanza,-5.6445
2012-01-23,Bonanza,-5.5843
2012-01-24,Bonanza,-5.5613
2012-01-25,Bonanza,-5.5586
2012-01-26,Bonanza,-5.5156
2012-01-27,Bonanza,-5.5088
2012-01-28,Bonanza,-5.5665
2012-01-29,Bonanza,-5.6468
2012-01-30,Bonanza,-5.717
2012-01-31,Bonanza,-5.6895
2012-02-01,Bonanza,-5.6584
2012-02-02,Bonanza,-5.6368
2012-02-03,Bonanza,-5.7566
2012-02-04,Bonanza,-5.878
2012-02-05,Bonanza,-5.8128
2012-02-06,Bonanza,-5.8196
2012-02-07,Bonanza,-5.7311
2012-02-08,Bonanza,-5.6584
2012-02-09,Bonanza,-5.6344
2012-02-10,Bonanza,-5.6043
2012-02-11,Bonanza,-5.562
2012-02-12,Bonanza,-5.6426
2012-02-13,Bonanza,-5.7164
2012-02-14,Bonanza,-5.6948
2012-02-15,Bonanza,-5.7347
2012-02-16,Bonanza,-5.7492
2012-02-17,Bonanza,-5.7213
2012-02-18,Bonanza,-5.6861
2012-02-19,Bonanza,-5.693
2012-02-20,Bonanza,-5.6857
2012-02-21,Bonanza,-5.675
2012-02-22,Bonanza,-5.6829
2012-02-23,Bonanza,-5.6603
2012-02-24,Bonanza,-5.6409
2012-02-25,Bonanza,-5.636
2012-02-26,Bonanza,-5.6626
2012-02-27,Bonanza,-5.6482
2012-02-28,Bonanza,-5.644
2012-02-29,Bonanza,-5.6622
2012-03-01,Bonanza,-5.701
2012-03-02,Bonanza,-5.7063
2012-03-03,Bonanza,-5.7728
2012-03-04,Bonanza,-5.7788
2012-03-05,Bonanza,-5.7464
2012-03-06,Bonanza,-5.7129
2012-03-07,Bonanza,-5.7019
2012-03-08,Bonanza,-5.6753
2012-03-09,Bonanza,-5.6227
2012-03-10,Bonanza,-5.5772
2012-03-11,Bonanza,-5.5863
2012-03-12,Bonanza,-5.5747
2012-03-13,Bonanza,-5.5609
2012-03-14,Bonanza,-5.5494
2012-03-15,Bonanza,-5.6003
2012-03-16,Bonanza,-5.6245
2012-03-17,Bonanza,-5.6503
2012-03-18,Bonanza,-5.7001
2012-03-19,Bonanza,-5.7083
2012-03-20,Bonanza,-5.7033
2012-03-21,Bonanza,-5.6403
2012-03-22,Bonanza,-5.6209
2012-03-23,Bonanza,-5.511
2012-03-24,Bonanza,-5.5189
2012-03-25,Bonanza,-5.514
2012-03-26,Bonanza,-5.5046
2012-03-27,Bonanza,-5.5083
2012-03-28,Bonanza,-5.5046
2012-03-29,Bonanza,-5.4988
2012-03-30,Bonanza,-5.51
2012-03-31,Bonanza,-5.498
2012-04-01,Bonanza,-5.4828
2012-04-02,Bonanza,-5.487
2012-04-03,Bonanza,-5.484
2012-04-04,Bonanza,-5.4941
2012-04-05,Bonanza,-5.4599
2012-04-06,Bonanza,-5.4434
2012-04-07,Bonanza,-5.4293
2012-04-08,Bonanza,-5.4203
2012-04-09,Bonanza,-5.3724
2012-04-10,Bonanza,-5.369
2012-04-11,Bonanza,-5.4172
2012-04-12,Bonanza,-5.4217
2012-04-13,Bonanza,-5.5212
2012-04-14,Bonanza,-5.5207
2012-04-15,Bonanza,-5.6039
2012-04-16,Bonanza,-5.6657
2012-04-17,Bonanza,-5.6832
2012-04-18,Bonanza,-5.6388
2012-04-19,Bonanza,-5.5685
2012-04-20,Bonanza,-5.6024
2012-04-21,Bonanza,-5.5887
2012-04-22,Bonanza,-5.5879
2012-04-23,Bonanza,-5.6085
2012-04-24,Bonanza,-5.5974
2012-04-25,Bonanza,-5.5465
2012-04-26,Bonanza,-5.5223
2012-04-27,Bonanza,-5.5285
2012-04-28,Bonanza,-5.5057
2012-04-29,Bonanza,-5.5805
2012-04-30,Bonanza,-5.6099
2012-05-01,Bonanza,-5.5676
2012-05-02,Bonanza,-5.5715
2012-05-04,Bonanza,-5.26
2012-05-05,Bonanza,-5.2472
2012-05-06,Bonanza,-5.4323
2012-05-07,Bonanza,-5.2583
2012-05-08,Bonanza,-5.492
2012-05-10,Bonanza,-5.4798
2012-05-11,Bonanza,-5.5161
2012-05-12,Bonanza,-5.5649
2012-05-13,Bonanza,-5.5707
2012-05-14,Bonanza,-5.5516
2012-05-15,Bonanza,-5.5234
2012-05-16,Bonanza,-5.4832
2012-05-17,Bonanza,-5.4404
2012-05-18,Bonanza,-5.4296
2012-05-19,Bonanza,-5.4163
2012-05-20,Bonanza,-5.4563
2012-05-21,Bonanza,-5.5625
2012-05-22,Bonanza,-5.5611
2012-05-23,Bonanza,-5.5361
2012-05-24,Bonanza,-5.5081
2012-05-25,Bonanza,-5.4631
2012-05-26,Bonanza,-5.5144
2012-05-27,Bonanza,-5.5426
2012-05-28,Bonanza,-5.5407
2012-05-29,Bonanza,-5.5593
2012-05-30,Bonanza,-5.5689
2012-05-31,Bonanza,-5.5135
2012-06-01,Bonanza,-5.5251
2012-06-02,Bonanza,-5.5477
2012-06-03,Bonanza,-5.5286
2012-06-04,Bonanza,-5.5147
2012-06-05,Bonanza,-5.4949
2012-06-06,Bonanza,-5.4285
2012-06-07,Bonanza,-5.4258
2012-06-08,Bonanza,-5.494
2012-06-09,Bonanza,-5.5706
2012-06-10,Bonanza,-5.5981
2012-06-11,Bonanza,-5.606
2012-06-12,Bonanza,-5.6468
2012-06-13,Bonanza,-5.6264
2012-06-14,Bonanza,-5.6434
2012-06-15,Bonanza,-5.6493
2012-06-16,Bonanza,-5.013
2012-06-18,Bonanza,-5.4962
2012-06-19,Bonanza,-5.5638
2012-06-20,Bonanza,-5.5463
2012-06-21,Bonanza,-5.6821
2012-06-22,Bonanza,-5.5431
2012-06-23,Bonanza,-5.519
2012-06-24,Bonanza,-5.5112
2012-06-25,Bonanza,-5.4911
2012-06-26,Bonanza,-5.4676
2012-06-27,Bonanza,-5.4717
2012-06-28,Bonanza,-5.4769
2012-06-29,Bonanza,-5.5201
2012-06-30,Bonanza,-5.5554
2012-07-01,Bonanza,-5.6132
2012-07-02,Bonanza,-5.5651
2012-07-03,Bonanza,-5.5277
2012-07-04,Bonanza,-5.4672
2012-07-05,Bonanza,-5.4393
2012-07-06,Bonanza,-5.437
2012-07-07,Bonanza,-5.4321
2012-07-08,Bonanza,-5.4689
2012-07-09,Bonanza,-5.497
2012-07-10,Bonanza,-5.5454
2012-07-11,Bonanza,-5.5907
2012-07-12,Bonanza,-5.6149
2012-07-13,Bonanza,-5.5936
2012-07-14,Bonanza,-5.593
2012-07-15,Bonanza,-5.6141
2012-07-16,Bonanza,-5.6177
2012-07-17,Bonanza,-5.5761
2012-07-18,Bonanza,-5.537
2012-07-19,Bonanza,-5.4933
2012-07-20,Bonanza,-5.4692
2012-07-21,Bonanza,-5.4707
2012-07-22,Bonanza,-5.4752
2012-07-23,Bonanza,-5.4427
2012-07-24,Bonanza,-5.4293
2012-07-25,Bonanza,-5.4636
2012-07-26,Bonanza,-5.4782
2012-07-27,Bonanza,-5.4996
2012-07-28,Bonanza,-5.5309
2012-07-29,Bonanza,-5.5502
2012-07-30,Bonanza,-5.5495
2012-07-31,Bonanza,-5.5123
2012-08-01,Bonanza,-5.4756
2012-08-02,Bonanza,-5.4659
2012-08-03,Bonanza,-5.4433
2012-08-04,Bonanza,-5.4297
2012-08-05,Bonanza,-5.4414
2012-08-06,Bonanza,-5.5021
2012-08-07,Bonanza,-5.4892
2012-08-08,Bonanza,-5.4852
2012-08-09,Bonanza,-5.5021
2012-08-10,Bonanza,-5.5304
2012-08-11,Bonanza,-5.5309
2012-08-12,Bonanza,-5.5207
2012-08-13,Bonanza,-5.5319
2012-08-14,Bonanza,-5.5262
2012-08-15,Bonanza,-5.5407
2012-08-16,Bonanza,-5.5016
2012-08-17,Bonanza,-5.4588
2012-08-18,Bonanza,-5.4517
2012-08-19,Bonanza,-5.439
2012-08-20,Bonanza,-5.427
2012-08-21,Bonanza,-5.4232
2012-08-22,Bonanza,-5.4102
2012-08-23,Bonanza,-5.4339
2012-08-24,Bonanza,-5.4718
2012-08-25,Bonanza,-5.5187
2012-08-26,Bonanza,-5.5407
2012-08-27,Bonanza,-5.5521
2012-08-28,Bonanza,-5.5461
2012-08-29,Bonanza,-5.5383
2012-08-30,Bonanza,-5.5332
2012-08-31,Bonanza,-5.5061
2012-09-01,Bonanza,-5.4751
2012-09-02,Bonanza,-5.4341
2012-09-03,Bonanza,-5.418
2012-09-04,Bonanza,-5.4133
2012-09-05,Bonanza,-5.3969
2012-09-06,Bonanza,-5.4184
2012-09-07,Bonanza,-5.4534
2012-09-08,Bonanza,-5.4757
2012-09-09,Bonanza,-5.4731
2012-09-10,Bonanza,-5.4957
2012-09-11,Bonanza,-5.5153
2012-09-12,Bonanza,-5.5152
2012-09-13,Bonanza,-5.5145
2012-09-14,Bonanza,-5.4933
2012-09-15,Bonanza,-5.4496
2012-09-16,Bonanza,-5.4234
2012-09-17,Bonanza,-5.4023
2012-09-18,Bonanza,-5.3737
2012-09-19,Bonanza,-5.3795
2012-09-20,Bonanza,-5.4029
2012-09-21,Bonanza,-5.3996
2012-09-22,Bonanza,-5.4429
2012-09-23,Bonanza,-5.4513
2012-09-24,Bonanza,-5.5226
2012-09-25,Bonanza,-5.4909
2012-09-26,Bonanza,-5.452
2012-09-27,Bonanza,-5.3887
2012-09-28,Bonanza,-5.3654
2012-09-29,Bonanza,-5.3636
2012-09-30,Bonanza,-5.399
2012-10-01,Bonanza,-5.4326
2012-10-02,Bonanza,-5.4414
2012-10-03,Bonanza,-5.4276
2012-10-04,Bonanza,-5.4107
2012-10-05,Bonanza,-5.4206
2012-10-06,Bonanza,-5.4641
2012-10-07,Bonanza,-5.4892
2012-10-08,Bonanza,-5.4812
2012-10-09,Bonanza,-5.4653
2012-10-10,Bonanza,-5.4764
2012-10-11,Bonanza,-5.4796
2012-10-12,Bonanza,-5.4757
2012-10-13,Bonanza,-5.4804
2012-10-14,Bonanza,-5.4249
2012-10-15,Bonanza,-5.4459
2012-10-16,Bonanza,-5.4035
2012-10-17,Bonanza,-5.3352
2012-10-18,Bonanza,-5.2652
2012-10-19,Bonanza,-5.309
2012-10-20,Bonanza,-5.3426
2012-10-21,Bonanza,-5.4094
2012-10-22,Bonanza,-5.4415
2012-10-23,Bonanza,-5.4402
2012-10-24,Bonanza,-5.3615
2012-10-25,Bonanza,-5.2973
2012-10-26,Bonanza,-5.2479
2012-10-27,Bonanza,-5.3271
2012-10-28,Bonanza,-5.421
2012-10-29,Bonanza,-5.3399
2012-10-30,Bonanza,-5.2263
2012-10-31,Bonanza,-5.2305
2012-11-01,Bonanza,-5.2702
2012-11-02,Bonanza,-5.3124
2012-11-03,Bonanza,-5.2523
2012-11-04,Bonanza,-5.2393
2012-11-05,Bonanza,-5.3498
2012-11-06,Bonanza,-5.3689
2012-11-07,Bonanza,-5.3412
2012-11-08,Bonanza,-5.5696
2012-11-09,Bonanza,-5.2422
2012-11-10,Bonanza,-5.2731
2012-11-11,Bonanza,-5.324
2012-11-12,Bonanza,-5.4283
2012-11-13,Bonanza,-5.4008
2012-11-14,Bonanza,-5.3314
2012-11-15,Bonanza,-5.3123
2012-11-16,Bonanza,-5.2817
2012-11-17,Bonanza,-5.1858
2012-11-18,Bonanza,-5.2734
2012-11-19,Bonanza,-5.4012
2012-11-20,Bonanza,-5.4626
2012-11-21,Bonanza,-5.4833
2012-11-22,Bonanza,-5.519
2012-11-23,Bonanza,-5.4894
2012-11-24,Bonanza,-5.4199
2012-11-25,Bonanza,-5.4206
2012-11-26,Bonanza,-5.4439
2012-11-27,Bonanza,-5.4604
2012-11-28,Bonanza,-5.4711
2012-11-29,Bonanza,-5.4986
2012-11-30,Bonanza,-5.4282
2012-12-01,Bonanza,-5.4777
2012-12-02,Bonanza,-5.5887
2012-12-03,Bonanza,-5.6358
2012-12-04,Bonanza,-5.6134
2012-12-05,Bonanza,-5.5956
2012-12-06,Bonanza,-5.5617
2012-12-07,Bonanza,-5.4564
2012-12-08,Bonanza,-5.5185
2012-12-09,Bonanza,-5.5872
2012-12-10,Bonanza,-5.56
2012-12-11,Bonanza,-5.517
2012-12-12,Bonanza,-5.4566
2012-12-13,Bonanza,-5.4408
2012-12-14,Bonanza,-5.3909
2012-12-15,Bonanza,-5.3669
2012-12-16,Bonanza,-5.438
2012-12-17,Bonanza,-5.4271
2012-12-18,Bonanza,-5.6868
2012-12-19,Bonanza,-5.7308
2012-12-20,Bonanza,-5.5952
2012-12-21,Bonanza,-5.5891
2012-12-22,Bonanza,-5.662
2012-12-23,Bonanza,-5.5904
2012-12-24,Bonanza,-5.5205
2012-12-25,Bonanza,-5.4892
2012-12-26,Bonanza,-5.6039
2012-12-27,Bonanza,-5.6699
2012-12-28,Bonanza,-5.6566
2012-12-29,Bonanza,-5.6211
2012-12-30,Bonanza,-5.6501
2012-12-31,Bonanza,-5.5912
2013-01-01,Bonanza,-5.5631
2013-01-02,Bonanza,-5.597
2013-01-03,Bonanza,-5.637
2013-01-04,Bonanza,-5.6636
2013-01-05,Bonanza,-5.6924
2013-01-06,Bonanza,-5.6812
2013-01-07,Bonanza,-5.6757
2013-01-08,Bonanza,-5.6826
2013-01-09,Bonanza,-5.6688
2013-01-10,Bonanza,-5.6344
2013-01-11,Bonanza,-5.5849
2013-01-12,Bonanza,-5.5179
2013-01-13,Bonanza,-5.4726
2013-01-14,Bonanza,-5.5286
2013-01-15,Bonanza,-5.5524
2013-01-16,Bonanza,-5.5614
2013-01-17,Bonanza,-5.5727
2013-01-18,Bonanza,-5.5462
2013-01-19,Bonanza,-5.2194
2013-01-20,Bonanza,-5.4582
2013-01-21,Bonanza,-5.5246
2013-01-22,Bonanza,-5.5016
2013-01-23,Bonanza,-5.5699
2013-01-24,Bonanza,-5.5413
2013-01-25,Bonanza,-5.5448
2013-01-26,Bonanza,-5.7333
2013-01-27,Bonanza,-5.549
2013-01-28,Bonanza,-5.5987
2013-01-29,Bonanza,-5.5797
2013-01-30,Bonanza,-5.5675
2013-01-31,Bonanza,-5.5967
2013-02-01,Bonanza,-5.5537
2013-02-02,Bonanza,-5.5592
2013-02-03,Bonanza,-5.656
2013-02-04,Bonanza,-5.6776
2013-02-05,Bonanza,-5.6594
2013-02-06,Bonanza,-5.6723
2013-02-07,Bonanza,-5.6616
2013-02-08,Bonanza,-5.63
2013-02-09,Bonanza,-5.6218
2013-02-10,Bonanza,-5.5586
2013-02-11,Bonanza,-5.5302
2013-02-12,Bonanza,-5.528
2013-02-13,Bonanza,-5.5751
2013-02-14,Bonanza,-5.5788
2013-02-15,Bonanza,-5.6009
2013-02-16,Bonanza,-5.5788
2013-02-17,Bonanza,-5.5783
2013-02-18,Bonanza,-5.5255
2013-02-19,Bonanza,-5.4667
2013-02-20,Bonanza,-5.556
2013-02-21,Bonanza,-5.5379
2013-02-22,Bonanza,-5.4228
2013-02-23,Bonanza,-5.4597
2013-02-24,Bonanza,-5.4087
2013-02-25,Bonanza,-5.5618
2013-02-26,Bonanza,-5.5435
2013-02-27,Bonanza,-5.4285
2013-02-28,Bonanza,-5.3934
2013-03-01,Bonanza,-5.4174
2013-03-02,Bonanza,-5.424
2013-03-03,Bonanza,-5.3793
2013-03-04,Bonanza,-5.2209
2013-03-05,Bonanza,-5.1643
2013-03-06,Bonanza,-5.1642
2013-03-07,Bonanza,-5.2395
2013-03-08,Bonanza,-5.2572
2013-03-09,Bonanza,-5.1136
2013-03-10,Bonanza,-5.1545
2013-03-11,Bonanza,-5.1577
2013-03-12,Bonanza,-5.0535
2013-03-13,Bonanza,-5.104
2013-03-14,Bonanza,-5.2745
2013-03-15,Bonanza,-5.3599
2013-03-16,Bonanza,-5.2729
2013-03-17,Bonanza,-5.247
2013-03-18,Bonanza,-5.3661
2013-03-19,Bonanza,-5.2941
2013-03-20,Bonanza,-5.4254
2013-03-21,Bonanza,-5.396
2013-03-22,Bonanza,-5.3369
2013-03-23,Bonanza,-5.2232
2013-03-24,Bonanza,-5.2652
2013-03-25,Bonanza,-5.3383
2013-03-26,Bonanza,-5.2539
2013-03-27,Bonanza,-5.1713
2013-03-28,Bonanza,-5.1913
2013-03-29,Bonanza,-5.2105
2013-03-30,Bonanza,-5.2041
2013-03-31,Bonanza,-5.1602
2013-04-01,Bonanza,-5.1611
2013-04-02,Bonanza,-5.2382
2013-04-03,Bonanza,-5.1722
2013-04-04,Bonanza,-5.1651
2013-04-05,Bonanza,-5.2024
2013-04-06,Bonanza,-5.4078
2013-04-07,Bonanza,-5.4447
2013-04-08,Bonanza,-5.4164
2013-04-09,Bonanza,-5.4058
2013-04-10,Bonanza,-5.4391
2013-04-11,Bonanza,-5.4014
2013-04-12,Bonanza,-5.4258
2013-04-13,Bonanza,-5.461
2013-04-14,Bonanza,-5.4332
2013-04-15,Bonanza,-5.4757
2013-04-16,Bonanza,-5.4889
2013-04-17,Bonanza,-5.5151
2013-04-18,Bonanza,-5.554
2013-04-19,Bonanza,-5.5518
2013-04-20,Bonanza,-5.5219
2013-04-21,Bonanza,-5.5174
2013-04-22,Bonanza,-5.486
2013-04-23,Bonanza,-5.4637
2013-04-24,Bonanza,-5.4474
2013-04-25,Bonanza,-5.4262
2013-04-26,Bonanza,-5.4002
2013-04-27,Bonanza,-5.2927
2013-04-28,Bonanza,-5.3389
2013-04-29,Bonanza,-5.3386
2013-04-30,Bonanza,-5.3897
2013-05-01,Bonanza,-5.4523
2013-05-02,Bonanza,-5.5008
2013-05-03,Bonanza,-5.5088
2013-05-04,Bonanza,-5.5309
2013-05-05,Bonanza,-5.5458
2013-05-06,Bonanza,-5.5612
2013-05-07,Bonanza,-5.516
2013-05-08,Bonanza,-5.4695
2013-05-09,Bonanza,-5.4401
2013-05-10,Bonanza,-5.4484
2013-05-11,Bonanza,-5.4541
2013-05-12,Bonanza,-5.4614
2013-05-13,Bonanza,-5.4318
2013-05-14,Bonanza,-5.3812
2013-05-15,Bonanza,-5.3697
2013-05-16,Bonanza,-5.374
2013-05-17,Bonanza,-5.3587
2013-05-18,Bonanza,-5.4552
2013-05-19,Bonanza,-5.5601
2013-05-20,Bonanza,-5.5595
2013-05-21,Bonanza,-5.5673
2013-05-22,Bonanza,-5.5791
2013-05-23,Bonanza,-5.5679
2013-05-24,Bonanza,-5.5076
2013-05-25,Bonanza,-5.498
2013-05-26,Bonanza,-5.444
2013-05-27,Bonanza,-5.3852
2013-05-28,Bonanza,-5.4295
2013-05-29,Bonanza,-5.4973
2013-05-30,Bonanza,-5.5256
2013-05-31,Bonanza,-5.5566
2013-06-01,Bonanza,-5.5887
2013-06-02,Bonanza,-5.576
2013-06-03,Bonanza,-5.5467
2013-06-04,Bonanza,-5.5151
2013-06-05,Bonanza,-5.5014
2013-06-06,Bonanza,-5.5324
2013-06-07,Bonanza,-5.5289
2013-06-08,Bonanza,-5.551
2013-06-09,Bonanza,-5.534
2013-06-10,Bonanza,-5.5504
2013-06-11,Bonanza,-5.5542
2013-06-12,Bonanza,-5.5439
2013-06-13,Bonanza,-5.5188
2013-06-14,Bonanza,-5.5214
2013-06-15,Bonanza,-5.5078
2013-06-16,Bonanza,-5.5009
2013-06-17,Bonanza,-5.5086
2013-06-18,Bonanza,-5.5522
2013-06-19,Bonanza,-5.5944
2013-06-20,Bonanza,-5.6133
2013-06-21,Bonanza,-5.6188
2013-06-22,Bonanza,-5.5901
2013-06-23,Bonanza,-5.5301
2013-06-24,Bonanza,-5.4447
2013-06-25,Bonanza,-5.3815
2013-06-26,Bonanza,-5.3562
2013-06-27,Bonanza,-5.3803
2013-06-28,Bonanza,-5.4635
2013-06-29,Bonanza,-5.4966
2013-06-30,Bonanza,-5.4779
2013-08-01,Bonanza,-5.4338
2013-08-02,Bonanza,-5.4772
2013-08-03,Bonanza,-5.5301
2013-08-04,Bonanza,-5.5191
2013-08-05,Bonanza,-5.5078
2013-08-06,Bonanza,-5.4798
2013-08-07,Bonanza,-5.4596
2013-08-08,Bonanza,-5.4615
2013-08-09,Bonanza,-5.442
2013-08-10,Bonanza,-5.4305
2013-08-11,Bonanza,-5.39
2013-08-12,Bonanza,-5.379
2013-08-13,Bonanza,-5.3916
2013-08-14,Bonanza,-5.4256
2013-08-15,Bonanza,-5.4638
2013-08-16,Bonanza,-5.4671
2013-08-17,Bonanza,-5.4856
2013-08-18,Bonanza,-5.4537
2013-08-19,Bonanza,-5.4422
2013-08-20,Bonanza,-5.4049
2013-08-21,Bonanza,-5.3641
2013-08-22,Bonanza,-5.3272
2013-08-23,Bonanza,-5.3263
2013-08-24,Bonanza,-5.3265
2013-08-25,Bonanza,-5.3353
2013-08-26,Bonanza,-5.354
2013-08-27,Bonanza,-5.4042
2013-08-28,Bonanza,-5.4443
2013-08-29,Bonanza,-5.4613
2013-08-30,Bonanza,-5.4698
2013-08-31,Bonanza,-5.4784
2013-09-01,Bonanza,-5.4684
2013-09-02,Bonanza,-5.4528
2013-09-03,Bonanza,-5.4454
2013-09-04,Bonanza,-5.3925
2013-09-05,Bonanza,-5.3758
2013-09-06,Bonanza,-5.4083
2013-09-07,Bonanza,-5.4115
2013-09-08,Bonanza,-5.4535
2013-09-09,Bonanza,-5.4694
2013-09-10,Bonanza,-5.4571
2013-09-11,Bonanza,-5.4189
2013-09-12,Bonanza,-5.4385
2013-09-13,Bonanza,-5.4819
2013-09-14,Bonanza,-5.4832
2013-09-15,Bonanza,-5.477
2013-09-16,Bonanza,-5.4609
2013-09-17,Bonanza,-5.4384
2013-09-18,Bonanza,-5.4216
2013-09-19,Bonanza,-5.3945
2013-09-20,Bonanza,-5.382
2013-09-21,Bonanza,-5.382
2013-09-22,Bonanza,-5.3736
2013-09-23,Bonanza,-5.3461
2013-09-24,Bonanza,-5.3828
2013-09-25,Bonanza,-5.4037
2013-09-26,Bonanza,-5.4112
2013-09-27,Bonanza,-5.3806
2013-09-28,Bonanza,-5.3499
2013-09-29,Bonanza,-5.4042
2013-09-30,Bonanza,-5.4088
2014-01-01,Bonanza,-5.5583
2014-01-02,Bonanza,-5.4914
2014-01-03,Bonanza,-5.4064
2014-01-04,Bonanza,-5.6037
2014-01-05,Bonanza,-5.5119
2014-01-06,Bonanza,-5.5073
2014-01-07,Bonanza,-5.4673
2014-01-08,Bonanza,-5.4934
2014-01-09,Bonanza,-5.5083
2014-01-10,Bonanza,-5.4954
2014-01-11,Bonanza,-5.5479
2014-01-12,Bonanza,-5.6022
2014-01-13,Bonanza,-5.614
2014-01-14,Bonanza,-5.492
2014-01-15,Bonanza,-5.4017
2014-01-16,Bonanza,-5.53
2014-01-17,Bonanza,-5.093
2014-01-18,Bonanza,-5.5505
2014-01-19,Bonanza,-5.4358
2014-01-20,Bonanza,-5.4975
2014-01-21,Bonanza,-5.5262
2014-01-22,Bonanza,-5.4915
2014-01-23,Bonanza,-5.6261
2014-01-24,Bonanza,-5.7033
2014-01-25,Bonanza,-5.7425
2014-01-26,Bonanza,-5.6977
2014-01-27,Bonanza,-5.6918
2014-01-28,Bonanza,-5.5925
2014-01-29,Bonanza,-5.4866
2014-01-30,Bonanza,-5.5113
2014-01-31,Bonanza,-5.5143
2014-02-01,Bonanza,-5.6789
2014-02-02,Bonanza,-5.8542
2014-02-03,Bonanza,-5.4505
2014-02-04,Bonanza,-5.6956
2014-02-05,Bonanza,-5.5548
2014-02-06,Bonanza,-5.5065
2014-02-07,Bonanza,-5.536
2014-02-08,Bonanza,-5.6512
2014-02-10,Bonanza,-5.5438
2014-02-11,Bonanza,-5.5752
2014-02-12,Bonanza,-5.6358
2014-02-13,Bonanza,-5.556
2014-02-18,Bonanza,-5.6169
2014-02-19,Bonanza,-5.5748
2014-02-20,Bonanza,-5.6365
2014-02-21,Bonanza,-5.6496
2014-02-22,Bonanza,-5.6916
2014-02-23,Bonanza,-5.569
2014-02-24,Bonanza,-5.6151
2014-02-25,Bonanza,-5.6546
2014-02-26,Bonanza,-5.6985
2014-02-27,Bonanza,-5.7094
2014-02-28,Bonanza,-5.6482
2014-03-01,Bonanza,-5.4811
2014-03-02,Bonanza,-5.4418
2014-03-03,Bonanza,-5.4696
2014-03-04,Bonanza,-5.5267
2014-03-05,Bonanza,-5.5375
2014-03-06,Bonanza,-5.5614
2014-03-07,Bonanza,-5.5969
2014-03-08,Bonanza,-5.5621
2014-03-09,Bonanza,-5.5454
2014-03-10,Bonanza,-5.5491
2014-03-11,Bonanza,-5.5377
2014-03-12,Bonanza,-5.5421
2014-03-13,Bonanza,-5.5886
2014-03-14,Bonanza,-5.5984
2014-03-15,Bonanza,-5.6242
2014-03-16,Bonanza,-5.608
2014-03-17,Bonanza,-5.5498
2014-03-18,Bonanza,-5.5208
2014-03-19,Bonanza,-5.5087
2014-03-20,Bonanza,-5.5275
2014-03-21,Bonanza,-5.5381
2014-03-22,Bonanza,-5.5575
2014-03-23,Bonanza,-5.638
2014-03-24,Bonanza,-5.6639
2014-03-25,Bonanza,-5.7194
2014-03-26,Bonanza,-5.6759
2014-03-27,Bonanza,-5.6
2014-03-28,Bonanza,-5.4853
2014-03-29,Bonanza,-5.4358
2014-03-30,Bonanza,-5.4659
2014-03-31,Bonanza,-5.3845
2014-04-01,Bonanza,-5.278
2014-04-02,Bonanza,-5.1837
2014-04-03,Bonanza,-5.2997
2014-04-04,Bonanza,-5.4886
2014-04-05,Bonanza,-5.5561
2014-04-06,Bonanza,-5.5691
2014-04-07,Bonanza,-5.5756
2014-04-08,Bonanza,-5.5665
2014-04-09,Bonanza,-5.5534
2014-04-10,Bonanza,-5.5145
2014-04-11,Bonanza,-5.4934
2014-04-12,Bonanza,-5.5175
2014-04-13,Bonanza,-5.5308
2014-04-14,Bonanza,-5.4614
2014-04-15,Bonanza,-5.4546
2014-04-16,Bonanza,-5.4551
2014-04-17,Bonanza,-5.4284
2014-04-18,Bonanza,-5.421
2014-04-19,Bonanza,-5.36
2014-04-20,Bonanza,-5.3215
2014-04-21,Bonanza,-5.3369
2014-04-22,Bonanza,-5.4585
2014-04-23,Bonanza,-5.5227
2014-04-24,Bonanza,-5.5354
2014-04-25,Bonanza,-5.6107
2014-04-26,Bonanza,-5.6011
2014-04-27,Bonanza,-5.5839
2014-04-28,Bonanza,-5.5392
2014-04-29,Bonanza,-5.4922
2014-04-30,Bonanza,-5.4618
2014-05-01,Bonanza,-5.4761
2014-05-02,Bonanza,-5.4717
2014-05-03,Bonanza,-5.4674
2014-05-04,Bonanza,-5.4714
2014-05-05,Bonanza,-5.4468
2014-05-06,Bonanza,-5.4436
2014-05-07,Bonanza,-5.4809
2014-05-08,Bonanza,-5.5219
2014-05-09,Bonanza,-5.5427
2014-05-10,Bonanza,-5.5618
2014-05-11,Bonanza,-5.557
2014-05-12,Bonanza,-5.5279
2014-05-13,Bonanza,-5.525
2014-05-14,Bonanza,-5.489
2014-05-15,Bonanza,-5.4113
2014-05-16,Bonanza,-5.3754
2014-05-17,Bonanza,-5.3685
2014-05-18,Bonanza,-5.359
2014-05-19,Bonanza,-5.3558
2014-05-20,Bonanza,-5.4081
2014-05-21,Bonanza,-5.3661
2014-05-22,Bonanza,-5.526
2014-05-23,Bonanza,-5.5778
2014-05-24,Bonanza,-5.59
2014-05-25,Bonanza,-5.5975
2014-05-26,Bonanza,-5.623
2014-05-27,Bonanza,-5.5851
2014-05-28,Bonanza,-5.6017
2014-05-29,Bonanza,-5.5909
2014-05-30,Bonanza,-5.5747
2014-05-31,Bonanza,-5.5479
2014-06-01,Bonanza,-5.5532
2014-06-02,Bonanza,-5.5848
2014-06-03,Bonanza,-5.5779
2014-06-04,Bonanza,-5.5834
2014-06-05,Bonanza,-5.5357
2014-06-06,Bonanza,-5.5405
2014-06-07,Bonanza,-5.5827
2014-06-08,Bonanza,-5.5975
2014-06-09,Bonanza,-5.5832
2014-06-10,Bonanza,-5.571
2014-06-11,Bonanza,-5.5431
2014-06-12,Bonanza,-5.5011
2014-06-13,Bonanza,-5.4761
2014-06-14,Bonanza,-5.4057
2014-06-15,Bonanza,-5.3403
2014-06-16,Bonanza,-5.3175
2014-06-17,Bonanza,-5.3576
2014-06-18,Bonanza,-5.3858
2014-06-19,Bonanza,-5.4331
2014-06-20,Bonanza,-5.4737
2014-06-21,Bonanza,-5.4985
2014-06-22,Bonanza,-5.5306
2014-06-23,Bonanza,-5.5278
2014-06-24,Bonanza,-5.5125
2014-06-25,Bonanza,-5.5179
2014-06-26,Bonanza,-5.4971
2014-06-27,Bonanza,-5.4847
2014-06-28,Bonanza,-5.48
2014-06-29,Bonanza,-5.5258
2014-06-30,Bonanza,-5.5291
2014-07-01,Bonanza,-5.5023
2014-07-02,Bonanza,-5.4955
2014-07-03,Bonanza,-5.5045
2014-07-04,Bonanza,-5.527
2014-07-05,Bonanza,-5.5188
2014-07-06,Bonanza,-5.5327
2014-07-07,Bonanza,-5.5515
2014-07-08,Bonanza,-5.5635
2014-07-09,Bonanza,-5.5529
2014-07-10,Bonanza,-5.5249
2014-07-11,Bonanza,-5.5085
2014-07-12,Bonanza,-5.4423
2014-07-13,Bonanza,-5.3956
2014-07-14,Bonanza,-5.373
2014-07-15,Bonanza,-5.3686
2014-07-16,Bonanza,-5.3875
2014-07-17,Bonanza,-5.4091
2014-07-18,Bonanza,-5.4474
2014-07-19,Bonanza,-5.4972
2014-07-20,Bonanza,-5.5549
2014-07-21,Bonanza,-5.5833
2014-07-22,Bonanza,-5.564
2014-07-23,Bonanza,-5.5362
2014-07-24,Bonanza,-5.5111
2014-07-25,Bonanza,-5.5098
2014-07-26,Bonanza,-5.4917
2014-07-27,Bonanza,-5.4877
2014-07-28,Bonanza,-5.4638
2014-07-29,Bonanza,-5.4518
2014-07-30,Bonanza,-5.4491
2014-07-31,Bonanza,-5.4791
2014-08-01,Bonanza,-5.4809
2014-08-02,Bonanza,-5.4786
2014-08-03,Bonanza,-5.4964
2014-08-04,Bonanza,-5.5466
2014-08-05,Bonanza,-5.5846
2014-08-06,Bonanza,-5.5879
2014-08-07,Bonanza,-5.5662
2014-08-08,Bonanza,-5.5259
2014-08-09,Bonanza,-5.4945
2014-08-10,Bonanza,-5.4683
2014-08-11,Bonanza,-5.4423
2014-08-12,Bonanza,-5.4152
2014-08-13,Bonanza,-5.4099
2014-08-14,Bonanza,-5.4423
2014-08-15,Bonanza,-5.4714
2014-08-16,Bonanza,-5.4896
2014-08-17,Bonanza,-5.4674
2014-08-18,Bonanza,-5.4632
2014-08-19,Bonanza,-5.5167
2014-08-20,Bonanza,-5.5334
2014-08-21,Bonanza,-5.5367
2014-08-22,Bonanza,-5.5369
2014-08-23,Bonanza,-5.5346
2014-08-24,Bonanza,-5.5338
2014-08-25,Bonanza,-5.4972
2014-08-26,Bonanza,-5.4795
2014-08-27,Bonanza,-5.4603
2014-08-28,Bonanza,-5.4589
2014-08-29,Bonanza,-5.4651
2014-08-30,Bonanza,-5.454
2014-08-31,Bonanza,-5.451
2014-09-01,Bonanza,-5.4579
2014-09-02,Bonanza,-5.4507
2014-09-03,Bonanza,-5.4726
2014-09-04,Bonanza,-5.4858
2014-09-05,Bonanza,-5.4961
2014-09-06,Bonanza,-5.4894
2014-09-07,Bonanza,-5.4468
2014-09-08,Bonanza,-5.4085
2014-09-09,Bonanza,-5.3872
2014-09-10,Bonanza,-5.3742
2014-09-11,Bonanza,-5.3937
2014-09-12,Bonanza,-5.4028
2014-09-13,Bonanza,-5.4236
2014-09-14,Bonanza,-5.456
2014-09-15,Bonanza,-5.4412
2014-09-16,Bonanza,-5.3902
2014-09-17,Bonanza,-5.3796
2014-09-18,Bonanza,-5.4192
2014-09-19,Bonanza,-5.4277
2014-09-20,Bonanza,-5.4775
2014-09-21,Bonanza,-5.4717
2014-09-22,Bonanza,-5.4412
2014-09-23,Bonanza,-5.4244
2014-09-24,Bonanza,-5.3976
2014-09-25,Bonanza,-5.4247
2014-09-26,Bonanza,-5.4393
2014-09-27,Bonanza,-5.402
2014-09-28,Bonanza,-5.4136
2014-09-29,Bonanza,-5.4539
2014-09-30,Bonanza,-5.4651
2014-10-01,Bonanza,-5.4583
2014-10-02,Bonanza,-5.446
2014-10-03,Bonanza,-5.4675
2014-10-04,Bonanza,-5.4756
2014-10-05,Bonanza,-5.4535
2014-10-06,Bonanza,-5.4277
2014-10-07,Bonanza,-5.4054
2014-10-08,Bonanza,-5.3859
2014-10-09,Bonanza,-5.3683
2014-10-10,Bonanza,-5.3385
2014-10-11,Bonanza,-5.3106
2014-10-12,Bonanza,-5.3179
2014-10-13,Bonanza,-5.375
2014-10-14,Bonanza,-5.3794
2014-10-15,Bonanza,-5.4279
2014-10-16,Bonanza,-5.4286
2014-10-17,Bonanza,-5.4452
2014-10-18,Bonanza,-5.4493
2014-10-19,Bonanza,-5.4469
2014-10-20,Bonanza,-5.4209
2014-10-21,Bonanza,-5.5001
2014-10-22,Bonanza,-5.4995
2014-10-23,Bonanza,-5.4735
2014-10-24,Bonanza,-5.3914
2014-10-25,Bonanza,-5.3603
2014-10-26,Bonanza,-5.3393
2014-10-27,Bonanza,-5.9003
2014-10-28,Bonanza,-6.0
2014-10-29,Bonanza,-5.1858
2014-10-30,Bonanza,-5.3693
2014-10-31,Bonanza,-5.3952
2014-11-01,Bonanza,-5.4384
2014-11-02,Bonanza,-5.4491
2014-11-03,Bonanza,-5.4457
2014-11-04,Bonanza,-5.3347
2014-11-05,Bonanza,-5.4345
2014-11-06,Bonanza,-5.4508
2014-11-07,Bonanza,-5.4493
2014-11-08,Bonanza,-5.4366
2014-11-09,Bonanza,-5.4022
2014-11-10,Bonanza,-5.4145
2014-11-11,Bonanza,-5.2747
2014-11-12,Bonanza,-5.3829
2014-11-13,Bonanza,-5.3772
2014-11-14,Bonanza,-5.3205
2014-11-15,Bonanza,-5.3934
2014-11-16,Bonanza,-5.4298
2014-11-17,Bonanza,-5.4467
2014-11-18,Bonanza,-5.4334
2014-11-19,Bonanza,-5.386
2014-11-20,Bonanza,-5.315
2014-11-21,Bonanza,-5.3036
2014-11-22,Bonanza,-5.2763
2014-11-23,Bonanza,-5.2613
2014-11-24,Bonanza,-5.2647
2014-11-25,Bonanza,-5.3082
2014-11-26,Bonanza,-5.2823
2014-11-27,Bonanza,-5.0801
2014-11-28,Bonanza,-4.9256
2014-11-29,Bonanza,-5.0456
2014-11-30,Bonanza,-5.173
2014-12-01,Bonanza,-5.2622
2014-12-02,Bonanza,-5.3508
2014-12-03,Bonanza,-5.3629
2014-12-04,Bonanza,-5.3839
2014-12-05,Bonanza,-5.4501
2014-12-06,Bonanza,-5.4914
2014-12-07,Bonanza,-5.5339
2014-12-08,Bonanza,-5.5737
2014-12-09,Bonanza,-5.5778
2014-12-10,Bonanza,-5.5949
2014-12-11,Bonanza,-5.5729
2014-12-12,Bonanza,-5.5267
2014-12-13,Bonanza,-5.3545
2014-12-14,Bonanza,-5.3249
2014-12-15,Bonanza,-5.4341
2014-12-16,Bonanza,-5.5113
2014-12-17,Bonanza,-5.6023
2014-12-18,Bonanza,-5.6433
2014-12-19,Bonanza,-5.6552
2014-12-20,Bonanza,-5.6417
2014-12-21,Bonanza,-5.6119
2014-12-22,Bonanza,-5.5295
2014-12-23,Bonanza,-5.5032
2014-12-24,Bonanza,-5.5108
2014-12-25,Bonanza,-5.5301
2014-12-26,Bonanza,-5.5837
2014-12-27,Bonanza,-5.5909
2014-12-28,Bonanza,-5.5938
2014-12-29,Bonanza,-5.689
2014-12-30,Bonanza,-5.6812
2014-12-31,Bonanza,-5.7188
2015-01-01,Bonanza,-5.7197
2015-01-02,Bonanza,-5.7097
2015-01-03,Bonanza,-5.6869
2015-01-04,Bonanza,-5.6418
2015-01-05,Bonanza,-5.6044
2015-01-06,Bonanza,-5.5932
2015-01-07,Bonanza,-5.6138
2015-01-08,Bonanza,-5.6496
2015-01-09,Bonanza,-5.6781
2015-01-10,Bonanza,-5.6714
2015-01-11,Bonanza,-5.6792
2015-01-12,Bonanza,-5.6756
2015-01-13,Bonanza,-5.6536
2015-01-14,Bonanza,-5.681
2015-01-15,Bonanza,-5.6164
2015-01-16,Bonanza,-5.615
2015-01-17,Bonanza,-5.6641
2015-01-18,Bonanza,-5.4327
2015-01-19,Bonanza,-5.507
2015-01-20,Bonanza,-5.4968
2015-01-21,Bonanza,-5.4833
2015-01-22,Bonanza,-5.4694
2015-01-23,Bonanza,-5.5347
2015-01-24,Bonanza,-5.6028
2015-01-25,Bonanza,-5.6416
2015-01-26,Bonanza,-5.6492
2015-01-27,Bonanza,-5.6864
2015-01-28,Bonanza,-5.688
2015-01-29,Bonanza,-5.6692
2015-01-30,Bonanza,-5.5765
2015-01-31,Bonanza,-5.4916
2015-02-01,Bonanza,-5.6471
2015-02-02,Bonanza,-5.5692
2015-02-03,Bonanza,-5.523
2015-02-04,Bonanza,-5.5048
2015-02-05,Bonanza,-5.5827
2015-02-06,Bonanza,-5.5471
2015-02-07,Bonanza,-5.5039
2015-02-08,Bonanza,-5.5687
2015-02-09,Bonanza,-5.5546
2015-02-10,Bonanza,-5.5064
2015-02-11,Bonanza,-5.5167
2015-02-12,Bonanza,-5.5367
2015-02-13,Bonanza,-5.6032
2015-02-14,Bonanza,-5.6526
2015-02-15,Bonanza,-5.5958
2015-02-16,Bonanza,-5.6231
2015-02-17,Bonanza,-5.6579
2015-02-18,Bonanza,-5.6219
2015-02-19,Bonanza,-5.5873
2015-02-20,Bonanza,-5.5377
2015-02-21,Bonanza,-5.432
2015-02-22,Bonanza,-5.4918
2015-02-23,Bonanza,-5.5775
2015-02-24,Bonanza,-5.7033
2015-02-25,Bonanza,-5.773
2015-02-26,Bonanza,-5.7328
2015-02-27,Bonanza,-5.7651
2015-02-28,Bonanza,-5.75
2015-03-01,Bonanza,-5.7381
2015-03-02,Bonanza,-5.5703
2015-03-03,Bonanza,-5.6875
2015-03-04,Bonanza,-5.6796
2015-03-05,Bonanza,-5.6778
2015-03-06,Bonanza,-5.6194
2015-03-07,Bonanza,-5.5811
2015-03-08,Bonanza,-5.5803
2015-03-09,Bonanza,-5.5633
2015-03-10,Bonanza,-5.5811
2015-03-11,Bonanza,-5.5928
2015-03-12,Bonanza,-5.5981
2015-03-13,Bonanza,-5.6075
2015-03-14,Bonanza,-5.5856
2015-03-15,Bonanza,-5.5565
2015-03-16,Bonanza,-5.5504
2015-03-17,Bonanza,-5.5309
2015-03-18,Bonanza,-5.4968
2015-03-19,Bonanza,-5.406
2015-03-20,Bonanza,-5.3308
2015-03-21,Bonanza,-5.2961
2015-03-22,Bonanza,-5.2799
2015-03-23,Bonanza,-5.2676
2015-03-24,Bonanza,-5.3102
2015-03-25,Bonanza,-5.4435
2015-03-26,Bonanza,-5.5851
2015-03-27,Bonanza,-5.6612
2015-03-28,Bonanza,-5.6825
2015-03-29,Bonanza,-5.6787
2015-03-30,Bonanza,-5.6948
2015-03-31,Bonanza,-5.6508
2015-04-01,Bonanza,-5.5951
2015-04-02,Bonanza,-5.5452
2015-04-03,Bonanza,-5.491
2015-04-04,Bonanza,-5.4345
2015-04-05,Bonanza,-5.414
2015-04-06,Bonanza,-5.4296
2015-04-07,Bonanza,-5.4136
2015-04-08,Bonanza,-5.4279
2015-04-09,Bonanza,-5.484
2015-04-10,Bonanza,-5.4909
2015-04-11,Bonanza,-5.5572
2015-04-12,Bonanza,-5.5457
2015-04-13,Bonanza,-5.5257
2015-04-14,Bonanza,-5.5008
2015-04-15,Bonanza,-5.547
2015-04-16,Bonanza,-5.5349
2015-04-17,Bonanza,-5.5075
2015-04-18,Bonanza,-5.5051
2015-04-19,Bonanza,-5.4846
2015-04-20,Bonanza,-5.4685
2015-04-21,Bonanza,-5.4314
2015-04-22,Bonanza,-5.485
2015-04-23,Bonanza,-5.5307
2015-04-24,Bonanza,-5.5371
2015-04-25,Bonanza,-5.5459
2015-04-26,Bonanza,-5.4629
2015-04-27,Bonanza,-5.5489
2015-04-28,Bonanza,-5.5955
2015-04-29,Bonanza,-5.6
2015-04-30,Bonanza,-5.6008
2015-05-01,Bonanza,-5.5909
2015-05-02,Bonanza,-5.5288
2015-05-03,Bonanza,-5.4935
2015-05-04,Bonanza,-5.4309
2015-05-05,Bonanza,-5.4482
2015-05-06,Bonanza,-5.4854
2015-05-07,Bonanza,-5.4442
2015-05-08,Bonanza,-5.4856
2015-05-09,Bonanza,-5.4771
2015-05-10,Bonanza,-5.4739
2015-05-11,Bonanza,-5.4866
2015-05-12,Bonanza,-5.5218
2015-05-13,Bonanza,-5.5462
2015-05-14,Bonanza,-5.5657
2015-05-15,Bonanza,-5.6013
2015-05-16,Bonanza,-5.5806
2015-05-17,Bonanza,-5.4996
2015-05-18,Bonanza,-5.3936
2015-05-19,Bonanza,-5.3861
2015-05-20,Bonanza,-5.426
2015-05-21,Bonanza,-5.4719
2015-05-22,Bonanza,-5.4939
2015-05-23,Bonanza,-5.4772
2015-05-24,Bonanza,-5.489
2015-05-25,Bonanza,-5.5315
2015-05-26,Bonanza,-5.546
2015-05-27,Bonanza,-5.5449
2015-05-28,Bonanza,-5.4953
2015-05-29,Bonanza,-5.4943
2015-05-30,Bonanza,-5.5209
2015-05-31,Bonanza,-5.5231
2015-06-01,Bonanza,-5.5198
2015-06-02,Bonanza,-5.5144
2015-06-03,Bonanza,-5.4713
2015-06-04,Bonanza,-5.4289
2015-06-05,Bonanza,-5.4166
2015-06-06,Bonanza,-5.4373
2015-06-07,Bonanza,-5.4468
2015-06-08,Bonanza,-5.4673
2015-06-09,Bonanza,-5.4652
2015-06-10,Bonanza,-5.4669
2015-06-11,Bonanza,-5.4791
2015-06-12,Bonanza,-5.4979
2015-06-13,Bonanza,-5.5137
2015-06-14,Bonanza,-5.5127
2015-06-15,Bonanza,-5.5276
2015-06-16,Bonanza,-5.519
2015-06-17,Bonanza,-5.497
2015-06-18,Bonanza,-5.4496
2015-06-19,Bonanza,-5.4307
2015-06-20,Bonanza,-5.4107
2015-06-21,Bonanza,-5.433
2015-06-22,Bonanza,-5.4681
2015-06-23,Bonanza,-5.4984
2015-06-24,Bonanza,-5.5156
2015-06-25,Bonanza,-5.5352
2015-06-26,Bonanza,-5.5376
2015-06-27,Bonanza,-5.523
2015-06-28,Bonanza,-5.4917
2015-06-29,Bonanza,-5.4722
2015-06-30,Bonanza,-5.4575
2015-07-01,Bonanza,-5.4387
2015-07-02,Bonanza,-5.4479
2015-07-03,Bonanza,-5.4368
2015-07-04,Bonanza,-5.4392
2015-07-05,Bonanza,-5.4219
2015-07-06,Bonanza,-5.4194
2015-07-07,Bonanza,-5.4524
2015-07-08,Bonanza,-5.4668
2015-07-09,Bonanza,-5.4778
2015-07-10,Bonanza,-5.5374
2015-07-11,Bonanza,-5.5567
2015-07-12,Bonanza,-5.5752
2015-07-13,Bonanza,-5.5547
2015-07-14,Bonanza,-5.5321
2015-07-15,Bonanza,-5.4722
2015-07-16,Bonanza,-5.4293
2015-07-17,Bonanza,-5.4235
2015-07-18,Bonanza,-5.4324
2015-07-19,Bonanza,-5.4368
2015-07-20,Bonanza,-5.4429
2015-07-21,Bonanza,-5.4597
2015-07-22,Bonanza,-5.4719
2015-07-23,Bonanza,-5.4862
2015-07-24,Bonanza,-5.4968
2015-07-25,Bonanza,-5.5186
2015-07-26,Bonanza,-5.5267
2015-07-27,Bonanza,-5.5353
2015-07-28,Bonanza,-5.5215
2015-07-29,Bonanza,-5.4918
2015-07-30,Bonanza,-5.4596
2015-07-31,Bonanza,-5.4159
2015-08-01,Bonanza,-5.4207
2015-08-02,Bonanza,-5.3683
2015-08-03,Bonanza,-5.3694
2015-08-04,Bonanza,-5.4004
2015-08-05,Bonanza,-5.4132
2015-08-06,Bonanza,-5.4451
2015-08-07,Bonanza,-5.4782
2015-08-08,Bonanza,-5.5097
2015-08-09,Bonanza,-5.4901
2015-08-10,Bonanza,-5.4882
2015-08-11,Bonanza,-5.4677
2015-08-12,Bonanza,-5.4729
2015-08-13,Bonanza,-5.5214
2015-08-14,Bonanza,-5.5036
2015-08-15,Bonanza,-5.4703
2015-08-16,Bonanza,-5.4295
2015-08-17,Bonanza,-5.441
2015-08-18,Bonanza,-5.4251
2015-08-19,Bonanza,-5.4568
2015-08-20,Bonanza,-5.4692
2015-08-21,Bonanza,-5.468
2015-08-22,Bonanza,-5.4883
2015-08-23,Bonanza,-5.4892
2015-08-24,Bonanza,-5.5313
2015-08-25,Bonanza,-5.5502
2015-08-26,Bonanza,-5.5484
2015-08-27,Bonanza,-5.5421
2015-08-28,Bonanza,-5.5065
2015-08-29,Bonanza,-5.4317
2015-08-30,Bonanza,-5.3289
2015-08-31,Bonanza,-5.3215
2015-09-01,Bonanza,-5.3333
2015-09-02,Bonanza,-5.3427
2015-09-03,Bonanza,-5.4012
2015-09-04,Bonanza,-5.4453
2015-09-05,Bonanza,-5.4826
2015-09-06,Bonanza,-5.5444
2015-09-07,Bonanza,-5.5559
2015-09-08,Bonanza,-5.5381
2015-09-09,Bonanza,-5.5053
2015-09-10,Bonanza,-5.4791
2015-09-11,Bonanza,-5.4429
2015-09-12,Bonanza,-5.4382
2015-09-13,Bonanza,-5.4449
2015-09-14,Bonanza,-5.4413
2015-09-15,Bonanza,-5.4159
2015-09-16,Bonanza,-5.3436
2015-09-17,Bonanza,-5.4245
2015-09-18,Bonanza,-5.4619
2015-09-19,Bonanza,-5.4834
2015-09-20,Bonanza,-5.4914
2015-09-21,Bonanza,-5.5048
2015-09-22,Bonanza,-5.4787
2015-09-23,Bonanza,-5.4911
2015-09-24,Bonanza,-5.4868
2015-09-25,Bonanza,-5.4808
2015-09-26,Bonanza,-5.4498
2015-09-27,Bonanza,-5.403
2015-09-28,Bonanza,-5.3501
2015-09-29,Bonanza,-5.3236
2015-09-30,Bonanza,-5.3457
2015-10-01,Bonanza,-5.3947
2015-10-02,Bonanza,-5.4114
2015-10-03,Bonanza,-5.432
2015-10-04,Bonanza,-5.4704
2015-10-05,Bonanza,-5.4689
2015-10-06,Bonanza,-5.4582
2015-10-07,Bonanza,-5.4848
2015-10-08,Bonanza,-5.4665
2015-10-09,Bonanza,-5.4183
2015-10-10,Bonanza,-5.3746
2015-10-11,Bonanza,-5.3438
2015-10-12,Bonanza,-5.3234
2015-10-13,Bonanza,-5.3391
2015-10-14,Bonanza,-5.3434
2015-10-15,Bonanza,-5.3376
2015-10-16,Bonanza,-5.3371
2015-10-17,Bonanza,-5.2282
2015-10-18,Bonanza,-5.2202
2015-10-19,Bonanza,-5.2022
2015-10-20,Bonanza,-5.2486
2015-10-21,Bonanza,-5.3336
2015-10-22,Bonanza,-5.3951
2015-10-23,Bonanza,-5.4133
2015-10-24,Bonanza,-5.3864
2015-10-25,Bonanza,-5.3643
2015-10-26,Bonanza,-5.292
2015-10-27,Bonanza,-5.2764
2015-10-28,Bonanza,-5.3107
2015-10-29,Bonanza,-5.3325
2015-10-30,Bonanza,-5.3154
2015-10-31,Bonanza,-5.3394
2015-11-01,Bonanza,-5.2856
2015-11-02,Bonanza,-5.2685
2015-11-03,Bonanza,-5.3305
2015-11-04,Bonanza,-5.4329
2015-11-05,Bonanza,-5.4987
2015-11-06,Bonanza,-5.5237
2015-11-07,Bonanza,-5.5051
2015-11-08,Bonanza,-5.4799
2015-11-09,Bonanza,-5.5325
2015-11-10,Bonanza,-5.5032
2015-11-11,Bonanza,-5.4902
2015-11-12,Bonanza,-5.4614
2015-11-13,Bonanza,-5.4901
2015-11-14,Bonanza,-5.4984
2015-11-15,Bonanza,-5.4725
2015-11-16,Bonanza,-5.48
2015-11-17,Bonanza,-5.5015
2015-11-18,Bonanza,-5.5262
2015-11-19,Bonanza,-5.5554
2015-11-20,Bonanza,-5.5827
2015-11-21,Bonanza,-5.554
2015-11-22,Bonanza,-5.5665
2015-11-23,Bonanza,-5.5654
2015-11-24,Bonanza,-5.6384
2015-11-25,Bonanza,-5.6236
2015-11-26,Bonanza,-5.5396
2015-11-27,Bonanza,-5.4657
2015-11-28,Bonanza,-5.4826
2015-11-29,Bonanza,-5.5356
2015-11-30,Bonanza,-5.5534
2015-12-01,Bonanza,-5.7444
2015-12-02,Bonanza,-5.5797
2015-12-03,Bonanza,-5.5657
2015-12-04,Bonanza,-5.5642
2015-12-05,Bonanza,-5.5515
2015-12-06,Bonanza,-5.544
2015-12-07,Bonanza,-5.5543
2015-12-08,Bonanza,-5.6032
2015-12-09,Bonanza,-5.5843
2015-12-10,Bonanza,-5.5571
2015-12-11,Bonanza,-5.5336
2015-12-12,Bonanza,-5.4893
2015-12-13,Bonanza,-5.4489
2015-12-14,Bonanza,-5.4081
2015-12-15,Bonanza,-5.4682
2015-12-16,Bonanza,-5.4868
2015-12-17,Bonanza,-5.5109
2015-12-18,Bonanza,-5.5217
2015-12-19,Bonanza,-5.5125
2015-12-20,Bonanza,-5.4853
2015-12-21,Bonanza,-5.5622
2015-12-22,Bonanza,-5.5938
2015-12-23,Bonanza,-5.5903
2015-12-24,Bonanza,-5.565
2015-12-25,Bonanza,-5.5509
2015-12-26,Bonanza,-5.5264
2015-12-27,Bonanza,-5.4722
2015-12-28,Bonanza,-5.4764
2015-12-29,Bonanza,-5.5476
2015-12-30,Bonanza,-5.566
2015-12-31,Bonanza,-5.5447
2016-01-01,Bonanza,-5.5226
2016-01-02,Bonanza,-5.5738
2016-01-03,Bonanza,-5.5632
2016-01-04,Bonanza,-5.4753
2016-01-05,Bonanza,-5.4921
2016-01-06,Bonanza,-5.5923
2016-01-07,Bonanza,-5.6051
2016-01-08,Bonanza,-5.5051
2016-01-09,Bonanza,-5.4438
2016-01-10,Bonanza,-5.4167
2016-01-11,Bonanza,-5.3891
2016-01-12,Bonanza,-5.475
2016-01-13,Bonanza,-5.4819
2016-01-14,Bonanza,-5.4708
2016-01-15,Bonanza,-5.5239
2016-01-16,Bonanza,-5.6473
2016-01-17,Bonanza,-5.6383
2016-01-18,Bonanza,-5.6127
2016-01-19,Bonanza,-5.5858
2016-01-20,Bonanza,-5.5701
2016-01-21,Bonanza,-5.5831
2016-01-22,Bonanza,-5.6148
2016-01-23,Bonanza,-5.5969
2016-01-24,Bonanza,-5.5461
2016-01-25,Bonanza,-5.5393
2016-01-26,Bonanza,-5.557
2016-01-27,Bonanza,-5.5666
2016-01-28,Bonanza,-5.5764
2016-01-29,Bonanza,-5.615
2016-01-30,Bonanza,-5.6707
2016-01-31,Bonanza,-5.6991
2016-02-01,Bonanza,-5.687
2016-02-02,Bonanza,-5.6624
2016-02-03,Bonanza,-5.6808
2016-02-04,Bonanza,-5.6828
2016-02-05,Bonanza,-5.6033
2016-02-06,Bonanza,-5.5807
2016-02-07,Bonanza,-5.5986
2016-02-08,Bonanza,-5.6075
2016-02-09,Bonanza,-5.5441
2016-02-10,Bonanza,-5.5021
2016-02-11,Bonanza,-5.4605
2016-02-12,Bonanza,-5.4672
2016-02-13,Bonanza,-5.4703
2016-02-14,Bonanza,-5.4341
2016-02-15,Bonanza,-5.6163
2016-02-16,Bonanza,-5.7594
2016-02-17,Bonanza,-5.728
2016-02-18,Bonanza,-5.6784
2016-02-19,Bonanza,-5.6778
2016-02-20,Bonanza,-5.6826
2016-02-21,Bonanza,-5.6344
2016-02-22,Bonanza,-5.6154
2016-02-23,Bonanza,-5.6216
2016-02-24,Bonanza,-5.5969
2016-02-25,Bonanza,-5.5925
2016-02-26,Bonanza,-5.4789
2016-02-27,Bonanza,-5.4495
2016-02-28,Bonanza,-5.5338
2016-02-29,Bonanza,-5.6478
2016-03-01,Bonanza,-5.7188
2016-03-02,Bonanza,-5.7477
2016-03-03,Bonanza,-5.7042
2016-03-04,Bonanza,-5.6222
2016-03-05,Bonanza,-5.6193
2016-03-06,Bonanza,-5.6265
2016-03-07,Bonanza,-5.5649
2016-03-08,Bonanza,-5.5964
2016-03-09,Bonanza,-5.5625
2016-03-10,Bonanza,-5.525
2016-03-11,Bonanza,-5.4734
2016-03-12,Bonanza,-5.5373
2016-03-13,Bonanza,-5.5503
2016-03-14,Bonanza,-5.5277
2016-03-15,Bonanza,-5.5639
2016-03-16,Bonanza,-5.5894
2016-03-17,Bonanza,-5.5835
2016-03-18,Bonanza,-5.5658
2016-03-19,Bonanza,-5.5724
2016-03-20,Bonanza,-5.5391
2016-03-21,Bonanza,-5.4934
2016-03-22,Bonanza,-5.4962
2016-03-23,Bonanza,-5.5202
2016-03-24,Bonanza,-5.54
2016-03-25,Bonanza,-5.5675
2016-03-26,Bonanza,-5.599
2016-03-27,Bonanza,-5.5637
2016-03-28,Bonanza,-5.5866
2016-03-29,Bonanza,-5.5623
2016-03-30,Bonanza,-5.5321
2016-03-31,Bonanza,-5.6156
2016-04-01,Bonanza,-5.6395
2016-04-02,Bonanza,-5.6011
2016-04-03,Bonanza,-5.6095
2016-04-04,Bonanza,-5.4681
2016-04-05,Bonanza,-5.5122
2016-04-06,Bonanza,-5.4977
2016-04-07,Bonanza,-5.4522
2016-04-08,Bonanza,-5.4423
2016-04-09,Bonanza,-5.4175
2016-04-10,Bonanza,-5.3886
2016-04-11,Bonanza,-5.3813
2016-04-12,Bonanza,-5.4316
2016-04-13,Bonanza,-5.5192
2016-04-14,Bonanza,-5.5541
2016-04-15,Bonanza,-5.527
2016-04-16,Bonanza,-5.5057
2016-04-17,Bonanza,-5.5322
2016-04-18,Bonanza,-5.4969
2016-04-19,Bonanza,-5.4379
2016-04-20,Bonanza,-5.4814
2016-04-21,Bonanza,-5.4967
2016-04-22,Bonanza,-5.4906
2016-04-23,Bonanza,-5.4706
2016-04-24,Bonanza,-5.4617
2016-04-25,Bonanza,-5.4597
2016-04-26,Bonanza,-5.4241
2016-04-27,Bonanza,-5.429
2016-04-28,Bonanza,-5.4566
2016-04-29,Bonanza,-5.4796
2016-04-30,Bonanza,-5.5479
2016-05-01,Bonanza,-5.5905
2016-05-02,Bonanza,-5.5744
2016-05-03,Bonanza,-5.4978
2016-05-04,Bonanza,-5.4577
2016-05-05,Bonanza,-5.3939
2016-05-06,Bonanza,-5.3615
2016-05-07,Bonanza,-5.3006
2016-05-08,Bonanza,-5.1187
2016-05-09,Bonanza,-5.1374
2016-05-10,Bonanza,-5.1863
2016-05-11,Bonanza,-5.2323
2016-05-12,Bonanza,-5.3011
2016-05-13,Bonanza,-5.4411
2016-05-14,Bonanza,-5.5121
2016-05-15,Bonanza,-5.5442
2016-05-16,Bonanza,-5.574
2016-05-17,Bonanza,-5.5536
2016-05-18,Bonanza,-5.5572
2016-05-19,Bonanza,-5.5736
2016-05-20,Bonanza,-5.5431
2016-05-21,Bonanza,-5.4871
2016-05-22,Bonanza,-5.5156
2016-05-23,Bonanza,-5.5063
2016-05-24,Bonanza,-5.4248
2016-05-25,Bonanza,-5.4135
2016-05-26,Bonanza,-5.431
2016-05-27,Bonanza,-5.4748
2016-05-28,Bonanza,-5.4735
2016-05-29,Bonanza,-5.541
2016-05-30,Bonanza,-5.5653
2016-05-31,Bonanza,-5.5935
2016-06-01,Bonanza,-5.5794
2016-06-02,Bonanza,-5.5286
2016-06-03,Bonanza,-5.4943
2016-06-04,Bonanza,-5.5065
2016-06-05,Bonanza,-5.4966
2016-06-06,Bonanza,-5.4936
2016-06-07,Bonanza,-5.4915
2016-06-08,Bonanza,-5.4668
2016-06-09,Bonanza,-5.474
2016-06-10,Bonanza,-5.4762
2016-06-11,Bonanza,-5.5176
2016-06-12,Bonanza,-5.5509
2016-06-13,Bonanza,-5.5849
2016-06-14,Bonanza,-5.5591
2016-06-15,Bonanza,-5.4991
2016-06-16,Bonanza,-5.5488
2016-06-17,Bonanza,-5.5952
2016-06-18,Bonanza,-5.6163
2016-06-19,Bonanza,-5.6096
2016-06-20,Bonanza,-5.5539
2016-06-21,Bonanza,-5.4561
2016-06-22,Bonanza,-5.394
2016-06-23,Bonanza,-5.4168
2016-06-24,Bonanza,-5.4308
2016-06-25,Bonanza,-5.432
2016-06-26,Bonanza,-5.438
2016-06-27,Bonanza,-5.4788
2016-06-28,Bonanza,-5.459
2016-06-29,Bonanza,-5.4869
2016-06-30,Bonanza,-5.5023
2016-07-01,Bonanza,-5.5192
2016-07-02,Bonanza,-5.5017
2016-07-03,Bonanza,-5.4482
2016-07-04,Bonanza,-5.4394
2016-07-05,Bonanza,-5.4378
2016-07-06,Bonanza,-5.437
2016-07-07,Bonanza,-5.4599
2016-07-08,Bonanza,-5.476
2016-07-09,Bonanza,-5.4679
2016-07-10,Bonanza,-5.4767
2016-07-11,Bonanza,-5.4837
2016-07-12,Bonanza,-5.5267
2016-07-13,Bonanza,-5.5585
2016-07-14,Bonanza,-5.5506
2016-07-15,Bonanza,-5.5246
2016-07-16,Bonanza,-5.4673
2016-07-17,Bonanza,-5.4286
2016-07-18,Bonanza,-5.3908
2016-07-19,Bonanza,-5.3852
2016-07-20,Bonanza,-5.3871
2016-07-21,Bonanza,-5.3944
2016-07-22,Bonanza,-5.3943
2016-07-23,Bonanza,-5.3879
2016-07-24,Bonanza,-5.3762
2016-07-25,Bonanza,-5.3693
2016-07-26,Bonanza,-5.3954
2016-07-27,Bonanza,-5.4324
2016-07-28,Bonanza,-5.4443
2016-07-29,Bonanza,-5.4458
2016-07-30,Bonanza,-5.5087
2016-07-31,Bonanza,-5.4942
2016-08-01,Bonanza,-5.4953
2016-08-02,Bonanza,-5.4505
2016-08-03,Bonanza,-5.4407
2016-08-04,Bonanza,-5.4225
2016-08-05,Bonanza,-5.4405
2016-08-06,Bonanza,-5.4194
2016-08-07,Bonanza,-5.4042
2016-08-08,Bonanza,-5.4054
2016-08-09,Bonanza,-5.4107
2016-08-10,Bonanza,-5.4173
2016-08-11,Bonanza,-5.4264
2016-08-12,Bonanza,-5.4608
2016-08-13,Bonanza,-5.4584
2016-08-14,Bonanza,-5.422
2016-08-15,Bonanza,-5.453
2016-08-16,Bonanza,-5.4566
2016-08-17,Bonanza,-5.4483
2016-08-18,Bonanza,-5.425
2016-08-19,Bonanza,-5.3949
2016-08-20,Bonanza,-5.3838
2016-08-21,Bonanza,-5.4066
2016-08-22,Bonanza,-5.3914
2016-08-23,Bonanza,-5.3637
2016-08-24,Bonanza,-5.3555
2016-08-25,Bonanza,-5.3596
2016-08-26,Bonanza,-5.3892
2016-08-27,Bonanza,-5.4215
2016-08-28,Bonanza,-5.4742
2016-08-29,Bonanza,-5.495
2016-08-30,Bonanza,-5.4864
2016-08-31,Bonanza,-5.4649
2016-09-01,Bonanza,-5.4499
2016-09-02,Bonanza,-5.4198
2016-09-03,Bonanza,-5.3992
2016-09-04,Bonanza,-5.3901
2016-09-05,Bonanza,-5.4106
2016-09-06,Bonanza,-5.427
2016-09-07,Bonanza,-5.3997
2016-09-08,Bonanza,-5.4567
2016-09-09,Bonanza,-5.502
2016-09-10,Bonanza,-5.506
2016-09-11,Bonanza,-5.5152
2016-09-12,Bonanza,-5.4867
2016-09-13,Bonanza,-5.4943
2016-09-14,Bonanza,-5.7547
2016-09-16,Bonanza,-5.5236
2016-09-17,Bonanza,-5.4713
2016-09-18,Bonanza,-5.4993
2016-09-19,Bonanza,-5.3905
2016-09-20,Bonanza,-5.3846
2016-09-21,Bonanza,-5.4202
2016-09-22,Bonanza,-5.4815
2016-09-23,Bonanza,-5.5276
2016-09-24,Bonanza,-5.5262
2016-09-25,Bonanza,-5.5456
2016-09-26,Bonanza,-5.5491
2016-09-27,Bonanza,-5.5478
2016-09-28,Bonanza,-5.5103
2016-09-29,Bonanza,-5.4668
2016-09-30,Bonanza,-5.4191
2016-10-01,Bonanza,-5.4001
2016-10-02,Bonanza,-5.4136
2016-10-03,Bonanza,-5.4293
2016-10-04,Bonanza,-5.4308
2016-10-05,Bonanza,-5.4152
2016-10-06,Bonanza,-5.4033
2016-10-07,Bonanza,-5.427
2016-10-08,Bonanza,-5.4657
2016-10-09,Bonanza,-5.479
2016-10-10,Bonanza,-5.4967
2016-10-11,Bonanza,-5.4872
2016-10-12,Bonanza,-5.3672
2016-10-13,Bonanza,-5.3368
2016-10-14,Bonanza,-5.3944
2016-10-15,Bonanza,-5.4177
2016-10-16,Bonanza,-5.3918
2016-10-17,Bonanza,-5.3965
2016-10-18,Bonanza,-5.3925
2016-10-19,Bonanza,-5.3632
2016-10-20,Bonanza,-5.3651
2016-10-21,Bonanza,-5.3777
2016-10-22,Bonanza,-5.3059
2016-10-23,Bonanza,-5.2914
2016-10-24,Bonanza,-5.2804
2016-10-25,Bonanza,-5.3495
2016-10-26,Bonanza,-5.438
2016-10-27,Bonanza,-5.4164
2016-10-28,Bonanza,-5.3792
2016-10-29,Bonanza,-5.3439
2016-10-30,Bonanza,-5.3521
2016-10-31,Bonanza,-5.3368
2016-11-01,Bonanza,-5.3367
2016-11-02,Bonanza,-5.3566
2016-11-03,Bonanza,-5.3702
2016-11-04,Bonanza,-5.3705
2016-11-05,Bonanza,-5.3261
2016-11-06,Bonanza,-5.4083
2016-11-07,Bonanza,-5.4455
2016-11-08,Bonanza,-5.5356
2016-11-09,Bonanza,-5.5501
2016-11-10,Bonanza,-5.5602
2016-11-11,Bonanza,-5.5572
2016-11-12,Bonanza,-5.5374
2016-11-13,Bonanza,-5.501
2016-11-14,Bonanza,-5.4684
2016-11-15,Bonanza,-5.1835
2016-11-16,Bonanza,-5.4491
2016-11-17,Bonanza,-5.4414
2016-11-18,Bonanza,-5.4356
2016-11-19,Bonanza,-5.4541
2016-11-20,Bonanza,-5.4013
2016-11-21,Bonanza,-5.3185
2016-11-22,Bonanza,-5.3435
2016-11-23,Bonanza,-5.3652
2016-11-24,Bonanza,-5.4169
2016-11-25,Bonanza,-5.3391
2016-11-26,Bonanza,-5.2679
2016-11-27,Bonanza,-5.2744
2016-11-28,Bonanza,-5.3795
2016-11-29,Bonanza,-5.4052
2016-11-30,Bonanza,-5.3639
2016-12-01,Bonanza,-5.3858
2016-12-02,Bonanza,-5.3743
2016-12-03,Bonanza,-5.2718
2016-12-04,Bonanza,-5.2094
2016-12-05,Bonanza,-5.238
2016-12-06,Bonanza,-5.4205
2016-12-07,Bonanza,-5.4947
2016-12-08,Bonanza,-5.4804
2016-12-09,Bonanza,-5.4863
2016-12-10,Bonanza,-5.4987
2016-12-11,Bonanza,-5.5036
2016-12-12,Bonanza,-5.5014
2016-12-13,Bonanza,-5.465
2016-12-14,Bonanza,-5.3912
2016-12-15,Bonanza,-5.3847
2016-12-16,Bonanza,-5.2915
2016-12-17,Bonanza,-5.3809
2016-12-18,Bonanza,-5.4411
2016-12-19,Bonanza,-5.4336
2016-12-20,Bonanza,-5.5032
2016-12-21,Bonanza,-5.6321
2016-12-22,Bonanza,-5.6781
2016-12-23,Bonanza,-5.7064
2016-12-24,Bonanza,-5.6919
2016-12-25,Bonanza,-5.6453
2016-12-26,Bonanza,-5.6202
2016-12-27,Bonanza,-5.6022
2016-12-28,Bonanza,-5.5932
2016-12-29,Bonanza,-5.5835
2016-12-30,Bonanza,-5.569
2016-12-31,Bonanza,-5.526
2017-01-01,Bonanza,-5.496
2017-01-02,Bonanza,-5.4204
2017-01-03,Bonanza,-5.441
2017-01-04,Bonanza,-5.544
2017-01-05,Bonanza,-5.5768
2017-01-06,Bonanza,-5.5706
2017-01-07,Bonanza,-5.5691
2017-01-08,Bonanza,-5.5879
2017-01-09,Bonanza,-5.5905
2017-01-10,Bonanza,-5.5626
2017-01-11,Bonanza,-5.552
2017-01-12,Bonanza,-5.5277
2017-01-13,Bonanza,-5.543
2017-01-14,Bonanza,-5.5848
2017-01-15,Bonanza,-5.6182
2017-01-16,Bonanza,-5.6252
2017-01-17,Bonanza,-5.5735
2017-01-18,Bonanza,-5.6344
2017-01-19,Bonanza,-5.563
2017-01-20,Bonanza,-5.5462
2017-01-21,Bonanza,-5.533
2017-01-22,Bonanza,-5.5803
2017-01-23,Bonanza,-5.597
2017-01-24,Bonanza,-5.6499
2017-01-25,Bonanza,-5.6177
2017-01-26,Bonanza,-5.4548
2017-01-27,Bonanza,-5.4241
2017-01-28,Bonanza,-5.5747
2017-01-29,Bonanza,-5.5778
2017-01-30,Bonanza,-5.5402
2017-01-31,Bonanza,-5.4568
2017-02-01,Bonanza,-5.4611
2017-02-02,Bonanza,-5.4535
2017-02-03,Bonanza,-5.53
2017-02-04,Bonanza,-5.5504
2017-02-05,Bonanza,-5.6308
2017-02-06,Bonanza,-5.7495
2017-02-07,Bonanza,-5.7406
2017-02-08,Bonanza,-5.7292
2017-02-09,Bonanza,-5.6129
2017-02-10,Bonanza,-5.5065
2017-02-11,Bonanza,-5.3586
2017-02-12,Bonanza,-5.1985
2017-02-13,Bonanza,-5.2804
2017-02-14,Bonanza,-5.4069
2017-02-15,Bonanza,-5.4521
2017-02-16,Bonanza,-5.4381
2017-02-17,Bonanza,-5.5734
2017-02-18,Bonanza,-5.5718
2017-02-19,Bonanza,-5.5373
2017-02-20,Bonanza,-5.5631
2017-02-21,Bonanza,-5.5109
2017-02-22,Bonanza,-5.5118
2017-02-23,Bonanza,-5.494
2017-02-24,Bonanza,-5.5028
2017-02-25,Bonanza,-5.5278
2017-02-26,Bonanza,-5.5144
2017-02-27,Bonanza,-5.4845
2017-02-28,Bonanza,-5.4741
2017-03-01,Bonanza,-5.4692
2017-03-02,Bonanza,-5.4686
2017-03-03,Bonanza,-5.3763
2017-03-04,Bonanza,-5.3702
2017-03-05,Bonanza,-5.5524
2017-03-06,Bonanza,-5.6391
2017-03-07,Bonanza,-5.6969
2017-03-08,Bonanza,-5.6927
2017-03-09,Bonanza,-5.6043
2017-03-10,Bonanza,-5.5768
2017-03-11,Bonanza,-5.5552
2017-03-12,Bonanza,-5.5267
2017-03-13,Bonanza,-5.5598
2017-03-14,Bonanza,-5.5282
2017-03-15,Bonanza,-5.4999
2017-03-16,Bonanza,-5.4885
2017-03-17,Bonanza,-5.5055
2017-03-18,Bonanza,-5.5261
2017-03-19,Bonanza,-5.5467
2017-03-20,Bonanza,-5.5666
2017-03-21,Bonanza,-5.5955
2017-03-22,Bonanza,-5.6459
2017-03-23,Bonanza,-5.6166
2017-03-24,Bonanza,-5.5915
2017-03-25,Bonanza,-5.5383
2017-03-26,Bonanza,-5.5118
2017-03-27,Bonanza,-5.5302
2017-03-28,Bonanza,-5.5822
2017-03-29,Bonanza,-5.5671
2017-03-30,Bonanza,-5.5003
2017-03-31,Bonanza,-5.5181
2017-04-01,Bonanza,-5.5735
2017-04-02,Bonanza,-5.5872
2017-04-03,Bonanza,-5.6207
2017-04-04,Bonanza,-5.6184
2017-04-05,Bonanza,-5.6084
2017-04-06,Bonanza,-5.6003
2017-04-07,Bonanza,-5.5578
2017-04-08,Bonanza,-5.5329
2017-04-09,Bonanza,-5.49
2017-04-10,Bonanza,-5.4712
2017-04-11,Bonanza,-5.4954
2017-04-12,Bonanza,-5.478
2017-04-13,Bonanza,-5.4842
2017-04-14,Bonanza,-5.4865
2017-04-15,Bonanza,-5.4963
2017-04-16,Bonanza,-5.5026
2017-04-17,Bonanza,-5.5185
2017-04-18,Bonanza,-5.4494
2017-04-19,Bonanza,-5.428
2017-04-20,Bonanza,-5.3678
2017-04-21,Bonanza,-5.4064
2017-04-22,Bonanza,-5.4203
2017-04-23,Bonanza,-5.4307
2017-04-24,Bonanza,-5.4366
2017-04-25,Bonanza,-5.4285
2017-04-26,Bonanza,-5.409
2017-04-27,Bonanza,-5.3753
2017-04-28,Bonanza,-5.3073
2017-04-29,Bonanza,-5.3053
2017-04-30,Bonanza,-5.3776
2017-05-01,Bonanza,-5.4722
2017-05-02,Bonanza,-5.4624
2017-05-03,Bonanza,-5.4146
2017-05-04,Bonanza,-5.3855
2017-05-05,Bonanza,-5.4787
2017-05-06,Bonanza,-5.5304
2017-05-07,Bonanza,-5.5369
2017-05-08,Bonanza,-5.4814
2017-05-09,Bonanza,-5.4333
2017-05-10,Bonanza,-5.3474
2017-05-11,Bonanza,-5.3003
2017-05-12,Bonanza,-5.3325
2017-05-13,Bonanza,-5.4262
2017-05-14,Bonanza,-5.4903
2017-05-15,Bonanza,-5.5091
2017-05-16,Bonanza,-5.4822
2017-05-17,Bonanza,-5.4637
2017-05-18,Bonanza,-5.5151
2017-05-19,Bonanza,-5.5669
2017-05-20,Bonanza,-5.5284
2017-05-21,Bonanza,-5.4397
2017-05-22,Bonanza,-5.183
2017-05-27,Bonanza,-5.3788
2017-05-28,Bonanza,-5.3656
2017-05-29,Bonanza,-5.3837
2017-05-30,Bonanza,-5.2885
2017-06-13,Bonanza,-5.3798
2017-06-14,Bonanza,-5.4177
2017-06-15,Bonanza,-5.4442
2017-06-16,Bonanza,-5.4599
2017-06-17,Bonanza,-5.4262
2017-06-18,Bonanza,-5.4077
2017-06-19,Bonanza,-5.4011
2017-06-20,Bonanza,-5.4041
2017-06-21,Bonanza,-5.4527
2017-06-22,Bonanza,-5.4824
2017-06-23,Bonanza,-5.4831
2017-06-24,Bonanza,-5.4315
2017-06-25,Bonanza,-5.3712
2017-06-26,Bonanza,-4.8407
2017-06-30,Bonanza,-5.5051
2017-07-01,Bonanza,-5.5639
2017-07-02,Bonanza,-5.5565
2017-07-03,Bonanza,-5.5007
2017-07-04,Bonanza,-5.4743
2017-07-09,Bonanza,-5.1338
2017-07-13,Bonanza,-6.1276
2017-07-20,Bonanza,-5.668
2017-07-21,Bonanza,-5.4918
2017-07-22,Bonanza,-5.4819
2017-07-23,Bonanza,-5.4718
2017-07-24,Bonanza,-5.4516
2017-07-25,Bonanza,-5.3989
2017-07-26,Bonanza,-5.3927
2017-07-27,Bonanza,-5.4232
2017-07-28,Bonanza,-5.445
2017-07-29,Bonanza,-5.4545
2017-07-30,Bonanza,-5.4515
2017-07-31,Bonanza,-5.4708
2017-08-01,Bonanza,-5.5171
2017-08-02,Bonanza,-5.6625
2017-08-10,Bonanza,-6.4857
2017-08-11,Bonanza,-5.4288
2017-08-12,Bonanza,-5.3982
2017-08-13,Bonanza,-5.3777
2017-08-14,Bonanza,-5.3638
2017-08-15,Bonanza,-5.4316
2017-08-16,Bonanza,-5.4803
2017-08-17,Bonanza,-5.4908
2017-08-18,Bonanza,-5.4898
2017-08-19,Bonanza,-5.4691
2017-08-20,Bonanza,-5.4232
2017-08-21,Bonanza,-5.3657
2017-08-22,Bonanza,-5.3409
2017-08-23,Bonanza,-5.3506
2017-08-24,Bonanza,-5.3587
2017-08-25,Bonanza,-5.3722
2017-08-26,Bonanza,-5.3643
2017-08-27,Bonanza,-5.3761
2017-08-28,Bonanza,-5.4459
2017-08-29,Bonanza,-5.4558
2017-08-30,Bonanza,-5.4781
2017-08-31,Bonanza,-5.4667
2017-09-01,Bonanza,-5.4596
2017-09-02,Bonanza,-5.4811
2017-09-03,Bonanza,-5.4478
2017-09-04,Bonanza,-5.4329
2017-09-05,Bonanza,-5.4498
2017-09-06,Bonanza,-5.4412
2017-09-07,Bonanza,-5.3964
2017-09-08,Bonanza,-5.3741
2017-09-09,Bonanza,-5.3689
2017-09-10,Bonanza,-5.4321
2017-09-11,Bonanza,-5.4624
2017-09-12,Bonanza,-5.4989
2017-09-13,Bonanza,-5.5011
2017-09-14,Bonanza,-5.5009
2017-09-15,Bonanza,-5.4675
2017-09-16,Bonanza,-5.482
2017-09-17,Bonanza,-5.4937
2017-09-18,Bonanza,-5.5079
2017-09-19,Bonanza,-5.4932
2017-09-20,Bonanza,-5.4508
2017-09-21,Bonanza,-5.4201
2017-09-22,Bonanza,-5.438
2017-09-23,Bonanza,-5.4377
2017-09-24,Bonanza,-5.4767
2017-09-25,Bonanza,-5.484
2017-09-26,Bonanza,-5.4979
2017-09-27,Bonanza,-5.5007
2017-09-28,Bonanza,-5.5009
2017-09-29,Bonanza,-5.5021
2017-09-30,Bonanza,-5.524
2017-10-01,Bonanza,-5.5244
2017-10-02,Bonanza,-5.5122
2017-10-03,Bonanza,-5.4828
2017-10-04,Bonanza,-5.4646
2017-10-05,Bonanza,-5.4336
2017-10-06,Bonanza,-5.3966
2017-10-07,Bonanza,-5.351
2017-10-08,Bonanza,-5.2997
2017-10-09,Bonanza,-5.3388
2017-10-10,Bonanza,-5.3734
2017-10-11,Bonanza,-5.4078
2017-10-12,Bonanza,-5.448
2017-10-13,Bonanza,-5.4902
2017-10-14,Bonanza,-5.5142
2017-10-15,Bonanza,-5.4838
2017-10-16,Bonanza,-5.4218
2017-10-17,Bonanza,-5.3887
2017-10-18,Bonanza,-5.3731
2017-10-19,Bonanza,-5.3694
2017-10-20,Bonanza,-5.4231
2017-10-21,Bonanza,-5.4368
2017-10-22,Bonanza,-5.4722
2017-10-23,Bonanza,-5.4662
2017-10-24,Bonanza,-5.4316
2017-10-25,Bonanza,-5.438
2017-10-26,Bonanza,-5.4752
2017-10-27,Bonanza,-5.495
2017-10-28,Bonanza,-5.5177
2017-10-29,Bonanza,-5.4836
2017-10-30,Bonanza,-5.4731
2017-10-31,Bonanza,-5.4296
2017-11-01,Bonanza,-5.4018
2017-11-02,Bonanza,-5.3705
2017-11-03,Bonanza,-5.3397
2017-11-04,Bonanza,-5.3073
2017-11-05,Bonanza,-5.3952
2017-11-06,Bonanza,-5.4243
2017-11-07,Bonanza,-5.4437
2017-11-08,Bonanza,-5.468
2017-11-09,Bonanza,-5.5703
2017-11-10,Bonanza,-5.6337
2017-11-11,Bonanza,-5.6249
2017-11-12,Bonanza,-5.5633
2017-11-13,Bonanza,-5.5378
2017-11-14,Bonanza,-5.5326
2017-11-15,Bonanza,-5.4902
2017-11-16,Bonanza,-5.4777
2017-11-17,Bonanza,-5.4804
2017-11-18,Bonanza,-5.4606
2017-11-19,Bonanza,-5.4603
2017-11-20,Bonanza,-5.4602
2017-11-21,Bonanza,-5.4404
2017-11-22,Bonanza,-5.4078
2017-11-23,Bonanza,-5.4192
2017-11-24,Bonanza,-5.4303
2017-11-25,Bonanza,-5.4577
2017-11-26,Bonanza,-5.5262
2017-11-27,Bonanza,-5.5241
2017-11-28,Bonanza,-5.4908
2017-11-29,Bonanza,-5.3404
2017-11-30,Bonanza,-5.4496
2017-12-01,Bonanza,-5.5053
2017-12-02,Bonanza,-5.5546
2017-12-03,Bonanza,-5.5683
2017-12-04,Bonanza,-5.5317
2017-12-05,Bonanza,-5.5079
2017-12-06,Bonanza,-5.4996
2017-12-07,Bonanza,-5.5246
2017-12-08,Bonanza,-5.5492
2017-12-09,Bonanza,-5.5813
2017-12-10,Bonanza,-5.5282
2017-12-11,Bonanza,-5.3193
2017-12-12,Bonanza,-5.5381
2017-12-13,Bonanza,-5.6623
2017-12-14,Bonanza,-5.6421
2017-12-15,Bonanza,-5.5657
2017-12-16,Bonanza,-5.627
2017-12-17,Bonanza,-5.6989
2017-12-18,Bonanza,-5.6974
2017-12-19,Bonanza,-5.6524
2017-12-20,Bonanza,-5.6778
2017-12-21,Bonanza,-5.7029
2017-12-22,Bonanza,-5.697
2017-12-23,Bonanza,-5.6583
2017-12-24,Bonanza,-5.6066
2017-12-25,Bonanza,-5.5749
2017-12-26,Bonanza,-5.5624
2017-12-27,Bonanza,-5.5248
2017-12-28,Bonanza,-5.6053
2017-12-29,Bonanza,-5.6596
2017-12-30,Bonanza,-5.6759
2017-12-31,Bonanza,-5.6425
2018-01-01,Bonanza,-5.6828
2018-01-02,Bonanza,-5.6716
2018-01-03,Bonanza,-5.6371
2018-01-04,Bonanza,-5.5746
2018-01-05,Bonanza,-5.4221
2018-01-06,Bonanza,-5.3071
2018-01-07,Bonanza,-5.3398
2018-01-08,Bonanza,-5.4164
2018-01-09,Bonanza,-5.4856
2018-01-10,Bonanza,-5.5523
2018-01-11,Bonanza,-5.6369
2018-01-12,Bonanza,-5.6327
2018-01-13,Bonanza,-5.584
2018-01-14,Bonanza,-5.5741
2018-01-15,Bonanza,-5.628
2018-01-16,Bonanza,-5.668
2018-01-17,Bonanza,-5.6592
2018-01-18,Bonanza,-5.553
2018-01-19,Bonanza,-5.5499
2018-01-20,Bonanza,-5.6155
2018-01-21,Bonanza,-5.6452
2018-01-22,Bonanza,-5.6255
2018-01-23,Bonanza,-5.6133
2018-01-24,Bonanza,-5.6017
2018-01-25,Bonanza,-5.6004
2018-01-26,Bonanza,-5.7046
2018-01-27,Bonanza,-5.7143
2018-01-28,Bonanza,-5.743
2018-01-29,Bonanza,-5.7075
2018-01-30,Bonanza,-5.6338
2018-01-31,Bonanza,-5.5506
2018-02-01,Bonanza,-5.4765
2018-02-02,Bonanza,-5.4988
2018-02-03,Bonanza,-5.5248
2018-02-04,Bonanza,-5.4783
2018-02-05,Bonanza,-5.4615
2018-02-06,Bonanza,-5.5518
2018-02-07,Bonanza,-5.6059
2018-02-08,Bonanza,-5.6595
2018-02-09,Bonanza,-5.6871
2018-02-10,Bonanza,-5.7206
2018-02-11,Bonanza,-5.7161
2018-02-12,Bonanza,-5.6699
2018-02-13,Bonanza,-5.6791
2018-02-14,Bonanza,-5.6731
2018-02-15,Bonanza,-5.634
2018-02-16,Bonanza,-5.5901
2018-02-17,Bonanza,-5.5575
2018-02-18,Bonanza,-5.5463
2018-02-19,Bonanza,-5.5264
2018-02-20,Bonanza,-5.4997
2018-02-21,Bonanza,-5.4574
2018-02-22,Bonanza,-5.4585
2018-02-23,Bonanza,-5.4385
2018-02-24,Bonanza,-5.463
2018-02-25,Bonanza,-5.5031
2018-02-26,Bonanza,-5.4787
2018-02-27,Bonanza,-5.3963
2018-02-28,Bonanza,-5.1782
2018-03-01,Bonanza,-4.9274
2018-03-02,Bonanza,-4.9749
2018-03-03,Bonanza,-5.0507
2018-03-04,Bonanza,-5.0059
2018-03-05,Bonanza,-5.0226
2018-03-06,Bonanza,-5.1806
2018-03-07,Bonanza,-5.2965
2018-03-08,Bonanza,-5.3022
2018-03-09,Bonanza,-5.3074
2018-03-10,Bonanza,-5.256
2018-03-11,Bonanza,-5.2443
2018-03-12,Bonanza,-5.4534
2018-03-13,Bonanza,-5.4728
2018-03-14,Bonanza,-5.3816
2018-03-15,Bonanza,-5.3083
2018-03-16,Bonanza,-5.3037
2018-03-17,Bonanza,-5.1572
2018-03-18,Bonanza,-5.1825
2018-03-19,Bonanza,-5.1544
2018-03-20,Bonanza,-5.3134
2018-03-21,Bonanza,-5.4167
2018-03-22,Bonanza,-5.4958
2018-03-23,Bonanza,-5.4991
2018-03-24,Bonanza,-5.4508
2018-03-25,Bonanza,-5.4728
2018-03-26,Bonanza,-5.6228
2018-03-27,Bonanza,-5.6542
2018-03-28,Bonanza,-5.6144
2018-03-29,Bonanza,-5.5317
2018-03-30,Bonanza,-5.4047
2018-03-31,Bonanza,-5.4565
2018-04-01,Bonanza,-5.3783
2018-04-02,Bonanza,-5.3048
2018-04-03,Bonanza,-5.3504
2018-04-04,Bonanza,-5.4047
2018-04-05,Bonanza,-5.4655
2018-04-06,Bonanza,-5.4252
2018-04-07,Bonanza,-5.4524
2018-04-08,Bonanza,-5.4849
2018-04-09,Bonanza,-5.5375
2018-04-10,Bonanza,-5.3645
2018-04-11,Bonanza,-5.4534
2018-04-12,Bonanza,-5.4083
2018-04-13,Bonanza,-5.4002
2018-04-14,Bonanza,-5.4624
2018-04-15,Bonanza,-5.4912
2018-04-16,Bonanza,-5.51
2018-04-17,Bonanza,-5.4933
2018-04-18,Bonanza,-5.4438
2018-04-19,Bonanza,-5.4128
2018-04-20,Bonanza,-5.3868
2018-04-21,Bonanza,-5.4387
2018-04-22,Bonanza,-5.4791
2018-04-23,Bonanza,-5.4973
2018-04-24,Bonanza,-5.503
2018-04-25,Bonanza,-5.5274
2018-04-26,Bonanza,-5.5451
2018-04-27,Bonanza,-5.5302
2018-04-28,Bonanza,-5.4916
2018-04-29,Bonanza,-5.4691
2018-04-30,Bonanza,-5.504
2018-05-01,Bonanza,-5.5017
2018-05-02,Bonanza,-5.5176
2018-05-03,Bonanza,-5.5301
2018-05-04,Bonanza,-5.4786
2018-05-05,Bonanza,-5.5026
2018-05-06,Bonanza,-5.4864
2018-05-07,Bonanza,-5.4913
2018-05-08,Bonanza,-5.5111
2018-05-09,Bonanza,-5.5149
2018-05-10,Bonanza,-5.5397
2018-05-11,Bonanza,-5.5432
2018-05-12,Bonanza,-5.5641
2018-05-13,Bonanza,-5.5967
2018-05-14,Bonanza,-5.5593
2018-05-15,Bonanza,-5.4952
2018-05-16,Bonanza,-5.4307
2018-05-17,Bonanza,-5.3922
2018-05-18,Bonanza,-5.3786
2018-05-19,Bonanza,-5.3855
2018-05-20,Bonanza,-5.4101
2018-05-21,Bonanza,-5.4283
2018-05-22,Bonanza,-5.4627
2018-05-23,Bonanza,-5.4605
2018-05-24,Bonanza,-5.4613
2018-05-25,Bonanza,-5.4679
2018-05-26,Bonanza,-5.4494
2018-05-27,Bonanza,-5.4505
2018-05-28,Bonanza,-5.4592
2018-05-29,Bonanza,-5.4675
2018-05-30,Bonanza,-5.4811
2018-05-31,Bonanza,-5.494
2018-06-01,Bonanza,-5.5174
2018-06-02,Bonanza,-5.5264
2018-06-03,Bonanza,-5.5313
2018-06-04,Bonanza,-5.5673
2018-06-05,Bonanza,-5.5874
2018-06-06,Bonanza,-5.5862
2018-06-07,Bonanza,-5.5988
2018-06-08,Bonanza,-5.5861
2018-06-09,Bonanza,-5.5769
2018-06-10,Bonanza,-5.568
2018-06-11,Bonanza,-5.5752
2018-06-12,Bonanza,-5.5584
2018-06-13,Bonanza,-5.5427
2018-06-14,Bonanza,-5.487
2018-06-15,Bonanza,-5.4376
2018-06-16,Bonanza,-5.4089
2018-06-17,Bonanza,-5.4438
2018-06-18,Bonanza,-5.457
2018-06-19,Bonanza,-5.4858
2018-06-20,Bonanza,-5.4743
2018-06-21,Bonanza,-5.5095
2018-06-22,Bonanza,-5.5253
2018-06-23,Bonanza,-5.5251
2018-06-24,Bonanza,-5.5126
2018-06-25,Bonanza,-5.5305
2018-06-26,Bonanza,-5.5362
2018-06-27,Bonanza,-5.5235
2018-06-28,Bonanza,-5.4693
2018-06-29,Bonanza,-5.4162
2018-06-30,Bonanza,-5.4235
2018-07-01,Bonanza,-5.4384
2018-07-02,Bonanza,-5.4631
2018-07-03,Bonanza,-5.4751
2018-07-04,Bonanza,-5.5259
2018-07-05,Bonanza,-5.5601
2018-07-06,Bonanza,-5.5633
2018-07-07,Bonanza,-5.5679
2018-07-08,Bonanza,-5.5756
2018-07-09,Bonanza,-5.5741
2018-07-10,Bonanza,-5.5691
2018-07-11,Bonanza,-5.5368
2018-07-12,Bonanza,-5.4897
2018-07-13,Bonanza,-5.4494
2018-07-14,Bonanza,-5.4298
2018-07-15,Bonanza,-5.4196
2018-07-16,Bonanza,-5.4307
2018-07-17,Bonanza,-5.4212
2018-07-18,Bonanza,-5.4679
2018-07-19,Bonanza,-5.517
2018-07-20,Bonanza,-5.552
2018-07-21,Bonanza,-5.5701
2018-07-22,Bonanza,-5.5731
2018-07-23,Bonanza,-5.577
2018-07-24,Bonanza,-5.5602
2018-07-25,Bonanza,-5.5364
2018-07-26,Bonanza,-5.5146
2018-07-27,Bonanza,-5.4932
2018-07-28,Bonanza,-5.501
2018-07-29,Bonanza,-5.5261
2018-07-30,Bonanza,-5.5224
2018-07-31,Bonanza,-5.4916
2018-08-01,Bonanza,-5.4481
2018-08-02,Bonanza,-5.3921
2018-08-03,Bonanza,-5.4308
2018-08-04,Bonanza,-5.4398
2018-08-05,Bonanza,-5.4415
2018-08-06,Bonanza,-5.4548
2018-08-07,Bonanza,-5.4671
2018-08-08,Bonanza,-5.48
2018-08-09,Bonanza,-5.5144
2018-08-10,Bonanza,-5.4793
2018-08-11,Bonanza,-5.4386
2018-08-12,Bonanza,-5.3745
2018-08-13,Bonanza,-5.3576
2018-08-14,Bonanza,-5.3788
2018-08-15,Bonanza,-5.4065
2018-08-16,Bonanza,-5.442
2018-08-17,Bonanza,-5.4704
2018-08-18,Bonanza,-5.4839
2018-08-19,Bonanza,-5.4627
2018-08-20,Bonanza,-5.4354
2018-08-21,Bonanza,-5.4532
2018-08-22,Bonanza,-5.4528
2018-08-23,Bonanza,-5.4669
2018-08-24,Bonanza,-5.4545
2018-08-25,Bonanza,-5.4212
2018-08-26,Bonanza,-5.3938
2018-08-27,Bonanza,-5.3585
2018-08-28,Bonanza,-5.3835
2018-08-29,Bonanza,-5.4164
2018-08-30,Bonanza,-5.4294
2018-08-31,Bonanza,-5.4107
2018-09-01,Bonanza,-5.3863
2018-09-02,Bonanza,-5.376
2018-09-03,Bonanza,-5.4276
2018-09-04,Bonanza,-5.4676
2018-09-05,Bonanza,-5.4845
2018-09-06,Bonanza,-5.4947
2018-09-07,Bonanza,-5.4534
2018-09-08,Bonanza,-5.4462
2018-09-09,Bonanza,-5.4043
2018-09-10,Bonanza,-5.3826
2018-09-11,Bonanza,-5.3161
2018-09-12,Bonanza,-5.3281
2018-09-13,Bonanza,-5.3782
2018-09-14,Bonanza,-5.3888
2018-09-15,Bonanza,-5.4211
2018-09-16,Bonanza,-5.4392
2018-09-17,Bonanza,-5.4176
2018-09-18,Bonanza,-5.4325
2018-09-19,Bonanza,-5.4585
2018-09-20,Bonanza,-5.4589
2018-09-21,Bonanza,-5.4631
2018-09-22,Bonanza,-5.4614
2018-09-23,Bonanza,-5.434
2018-09-24,Bonanza,-5.4148
2018-09-25,Bonanza,-5.3801
2018-09-26,Bonanza,-5.344
2018-09-27,Bonanza,-5.3701
2018-09-28,Bonanza,-5.3468
2018-09-29,Bonanza,-5.3337
2018-09-30,Bonanza,-5.3617
2018-10-01,Bonanza,-5.4
2018-10-02,Bonanza,-5.4251
2018-10-03,Bonanza,-5.4535
2018-10-04,Bonanza,-5.4349
2018-10-05,Bonanza,-5.4008
2018-10-06,Bonanza,-5.3857
2018-10-07,Bonanza,-5.386
2018-10-08,Bonanza,-5.3375
2018-10-09,Bonanza,-5.2719
2018-10-10,Bonanza,-5.255
2018-10-11,Bonanza,-5.2789
2018-10-12,Bonanza,-5.3518
2018-10-13,Bonanza,-5.3251
2018-10-14,Bonanza,-5.3182
2018-10-15,Bonanza,-5.3519
2018-10-16,Bonanza,-5.4019
2018-10-17,Bonanza,-5.4241
2018-10-18,Bonanza,-5.3999
2018-10-19,Bonanza,-5.4235
2018-10-20,Bonanza,-5.4591
2018-10-21,Bonanza,-5.4602
2018-10-22,Bonanza,-5.4627
2018-10-23,Bonanza,-5.4278
2018-10-24,Bonanza,-5.4203
2018-10-25,Bonanza,-5.3798
2018-10-26,Bonanza,-5.3274
2018-10-27,Bonanza,-5.2766
2018-10-28,Bonanza,-5.3052
2018-10-29,Bonanza,-5.3756
2018-10-30,Bonanza,-5.2409
2018-10-31,Bonanza,-5.3484
2018-11-01,Bonanza,-5.4348
2018-11-02,Bonanza,-5.5406
2018-11-03,Bonanza,-5.5376
2018-11-04,Bonanza,-5.4683
2018-11-05,Bonanza,-5.3789
2018-11-06,Bonanza,-5.4212
2018-11-07,Bonanza,-5.3847
2018-11-08,Bonanza,-5.3569
2018-11-09,Bonanza,-5.4587
2018-11-10,Bonanza,-5.4422
2018-11-11,Bonanza,-5.3999
2018-11-12,Bonanza,-5.3791
2018-11-13,Bonanza,-5.4471
2018-11-14,Bonanza,-5.4468
2018-11-15,Bonanza,-5.4289
2018-11-16,Bonanza,-5.4187
2018-11-17,Bonanza,-5.359
2018-11-18,Bonanza,-5.1884
2018-11-19,Bonanza,-5.2447
2018-11-20,Bonanza,-5.2314
2018-11-21,Bonanza,-5.329
2018-11-22,Bonanza,-5.337
2018-11-23,Bonanza,-5.2988
2018-11-24,Bonanza,-5.309
2018-11-25,Bonanza,-5.2395
2018-11-26,Bonanza,-5.3587
2018-11-27,Bonanza,-5.4192
2018-11-28,Bonanza,-5.4511
2018-11-29,Bonanza,-5.4201
2018-11-30,Bonanza,-5.4631
2018-12-01,Bonanza,-5.524
2018-12-02,Bonanza,-5.5606
2018-12-03,Bonanza,-5.544
2018-12-04,Bonanza,-5.528
2018-12-05,Bonanza,-5.5325
2018-12-06,Bonanza,-5.5402
2018-12-07,Bonanza,-5.5318
2018-12-08,Bonanza,-5.5465
2018-12-09,Bonanza,-5.5296
2018-12-10,Bonanza,-5.4959
2018-12-11,Bonanza,-5.4804
2018-12-12,Bonanza,-5.4923
2018-12-13,Bonanza,-5.4492
2018-12-14,Bonanza,-5.5647
2018-12-15,Bonanza,-5.5923
2018-12-16,Bonanza,-5.6193
2018-12-17,Bonanza,-5.6462
2018-12-18,Bonanza,-5.5927
2018-12-19,Bonanza,-5.579
2018-12-20,Bonanza,-5.5861
2018-12-21,Bonanza,-5.5632
2018-12-22,Bonanza,-5.574
2018-12-23,Bonanza,-5.5259
2018-12-24,Bonanza,-5.4894
2018-12-25,Bonanza,-5.4818
2018-12-26,Bonanza,-5.4925
2018-12-27,Bonanza,-5.5224
2018-12-28,Bonanza,-5.5532
2018-12-29,Bonanza,-5.582
2018-12-30,Bonanza,-5.5856
2018-12-31,Bonanza,-5.6116
2019-01-01,Bonanza,-5.6279
2019-01-02,Bonanza,-5.6508
2019-01-03,Bonanza,-5.6489
2019-01-04,Bonanza,-5.6144
2019-01-05,Bonanza,-5.6238
2019-01-06,Bonanza,-5.6175
2019-01-07,Bonanza,-5.5762
2019-01-08,Bonanza,-5.5689
2019-01-09,Bonanza,-5.5472
2019-01-10,Bonanza,-5.513
2019-01-11,Bonanza,-5.5506
2019-01-12,Bonanza,-5.589
2019-01-13,Bonanza,-5.5905
2019-01-14,Bonanza,-5.6056
2019-01-15,Bonanza,-5.5672
2019-01-16,Bonanza,-5.5087
2019-01-17,Bonanza,-5.5127
2019-01-18,Bonanza,-5.543
2019-01-19,Bonanza,-5.5105
2019-01-20,Bonanza,-5.4639
2019-01-21,Bonanza,-5.5044
2019-01-22,Bonanza,-5.5024
2019-01-23,Bonanza,-5.462
2019-01-24,Bonanza,-5.4465
2019-01-25,Bonanza,-5.4791
2019-01-26,Bonanza,-5.5337
2019-01-27,Bonanza,-5.5587
2019-01-28,Bonanza,-5.5988
2019-01-29,Bonanza,-5.6362
2019-01-30,Bonanza,-5.6203
2019-01-31,Bonanza,-5.5065
2019-02-01,Bonanza,-5.3325
2019-02-02,Bonanza,-5.5467
2019-02-03,Bonanza,-5.6424
2019-02-04,Bonanza,-5.6649
2019-02-05,Bonanza,-5.6432
2019-02-06,Bonanza,-5.6185
2019-02-07,Bonanza,-5.5639
2019-02-08,Bonanza,-5.56
2019-02-09,Bonanza,-5.5739
2019-02-10,Bonanza,-5.597
2019-02-11,Bonanza,-5.6388
2019-02-12,Bonanza,-5.6691
2019-02-13,Bonanza,-5.6293
2019-02-14,Bonanza,-5.5966
2019-02-15,Bonanza,-5.5973
2019-02-16,Bonanza,-5.5393
2019-02-17,Bonanza,-5.5062
2019-02-18,Bonanza,-5.4463
2019-02-19,Bonanza,-5.4433
2019-02-20,Bonanza,-5.4469
2019-02-21,Bonanza,-5.4283
2019-02-22,Bonanza,-5.4335
2019-02-23,Bonanza,-5.4976
2019-02-24,Bonanza,-5.5079
2019-02-25,Bonanza,-5.5264
2019-02-26,Bonanza,-5.559
2019-02-27,Bonanza,-5.6064
2019-02-28,Bonanza,-5.658
2019-03-01,Bonanza,-5.6304
2019-03-02,Bonanza,-5.6372
2019-03-03,Bonanza,-5.5855
2019-03-04,Bonanza,-5.5805
2019-03-05,Bonanza,-5.5175
2019-03-06,Bonanza,-5.4021
2019-03-07,Bonanza,-5.4754
2019-03-08,Bonanza,-5.4994
2019-03-09,Bonanza,-5.5814
2019-03-10,Bonanza,-5.6107
2019-03-11,Bonanza,-5.6261
2019-03-12,Bonanza,-5.6331
2019-03-13,Bonanza,-5.676
2019-03-14,Bonanza,-5.6768
2019-03-15,Bonanza,-5.6725
2019-03-16,Bonanza,-5.6092
2019-03-17,Bonanza,-5.6218
2019-03-18,Bonanza,-5.6266
2019-03-19,Bonanza,-5.6128
2019-03-20,Bonanza,-5.5561
2019-03-21,Bonanza,-5.5094
2019-03-22,Bonanza,-5.4819
2019-03-23,Bonanza,-5.4547
2019-03-24,Bonanza,-5.437
2019-03-25,Bonanza,-5.4736
2019-03-26,Bonanza,-5.4384
2019-03-27,Bonanza,-5.4822
2019-03-28,Bonanza,-5.5283
2019-03-29,Bonanza,-5.5023
2019-03-30,Bonanza,-5.4789
2019-03-31,Bonanza,-5.4631
2019-04-01,Bonanza,-5.4949
2019-04-02,Bonanza,-5.512
2019-04-03,Bonanza,-5.4432
2019-04-04,Bonanza,-5.401
2019-04-05,Bonanza,-5.3167
2019-04-06,Bonanza,-5.3602
2019-04-07,Bonanza,-5.3874
2019-04-08,Bonanza,-5.4108
2019-04-09,Bonanza,-5.4573
2019-04-10,Bonanza,-5.4964
2019-04-11,Bonanza,-5.5488
2019-04-12,Bonanza,-5.572
2019-04-13,Bonanza,-5.6067
2019-04-14,Bonanza,-5.6004
2019-04-15,Bonanza,-5.5542
2019-04-16,Bonanza,-5.5405
2019-04-17,Bonanza,-5.4428
2019-04-18,Bonanza,-5.4424
2019-04-19,Bonanza,-5.4018
2019-04-20,Bonanza,-5.4072
2019-04-21,Bonanza,-5.3625
2019-04-22,Bonanza,-5.3337
2019-04-23,Bonanza,-5.3307
2019-04-24,Bonanza,-5.3372
2019-04-25,Bonanza,-5.456
2019-04-26,Bonanza,-5.6235
2019-04-27,Bonanza,-5.642
2019-04-28,Bonanza,-5.5992
2019-04-29,Bonanza,-5.5628
2019-04-30,Bonanza,-5.5411
2019-05-01,Bonanza,-5.4807
2019-05-02,Bonanza,-5.4544
2019-05-03,Bonanza,-5.429
2019-05-04,Bonanza,-5.4676
2019-05-05,Bonanza,-5.501
2019-05-06,Bonanza,-5.4741
2019-05-07,Bonanza,-5.4516
2019-05-08,Bonanza,-5.4453
2019-05-09,Bonanza,-5.4643
2019-05-10,Bonanza,-5.4901
2019-05-11,Bonanza,-5.5319
2019-05-12,Bonanza,-5.5211
2019-05-13,Bonanza,-5.5214
2019-05-14,Bonanza,-5.4551
2019-05-15,Bonanza,-5.4777
2019-05-16,Bonanza,-5.4349
2019-05-17,Bonanza,-5.4733
2019-05-18,Bonanza,-5.4434
2019-05-19,Bonanza,-5.4637
2019-05-20,Bonanza,-5.4428
2019-05-21,Bonanza,-5.4776
2019-05-22,Bonanza,-5.5147
2019-05-23,Bonanza,-5.5455
2019-05-24,Bonanza,-5.5349
2019-05-25,Bonanza,-5.5345
2019-05-26,Bonanza,-5.5496
2019-05-27,Bonanza,-5.5428
2019-05-28,Bonanza,-5.524
2019-05-29,Bonanza,-5.5257
2019-05-30,Bonanza,-5.5313
2019-05-31,Bonanza,-5.5081
2019-06-01,Bonanza,-5.4779
2019-06-02,Bonanza,-5.4569
2019-06-03,Bonanza,-5.4242
2019-06-04,Bonanza,-5.3801
2019-06-05,Bonanza,-5.4222
2019-06-06,Bonanza,-5.4124
2019-06-07,Bonanza,-5.4746
2019-06-08,Bonanza,-5.4961
2019-06-09,Bonanza,-5.529
2019-06-10,Bonanza,-5.5501
2019-06-11,Bonanza,-5.5248
2019-06-12,Bonanza,-5.5027
2019-06-13,Bonanza,-5.5196
2019-06-14,Bonanza,-5.5548
2019-06-15,Bonanza,-5.5875
2019-06-16,Bonanza,-5.5601
2019-06-17,Bonanza,-5.5291
2019-06-18,Bonanza,-5.4987
2019-06-19,Bonanza,-5.4502
2019-06-20,Bonanza,-5.4376
2019-06-21,Bonanza,-5.4542
2019-06-22,Bonanza,-5.4388
2019-06-23,Bonanza,-5.4596
2019-06-24,Bonanza,-5.4952
2019-06-25,Bonanza,-5.5037
2019-06-26,Bonanza,-5.5151
2019-06-27,Bonanza,-5.532
2019-06-28,Bonanza,-5.5248
2019-06-29,Bonanza,-5.5113
2019-06-30,Bonanza,-5.5212
2019-07-01,Bonanza,-5.5047
2019-07-02,Bonanza,-5.4753
2019-07-03,Bonanza,-5.4326
2019-07-04,Bonanza,-5.4093
2019-07-05,Bonanza,-5.4124
2019-07-06,Bonanza,-5.4279
2019-07-07,Bonanza,-5.4336
2019-07-08,Bonanza,-5.4583
2019-07-09,Bonanza,-5.4858
2019-07-10,Bonanza,-5.5009
2019-07-11,Bonanza,-5.5134
2019-07-12,Bonanza,-5.5283
2019-07-13,Bonanza,-5.5304
2019-07-14,Bonanza,-5.5138
2019-07-15,Bonanza,-5.4916
2019-07-16,Bonanza,-5.472
2019-07-17,Bonanza,-5.4465
2019-07-18,Bonanza,-5.4364
2019-07-19,Bonanza,-5.4225
2019-07-20,Bonanza,-5.4414
2019-07-21,Bonanza,-5.4558
2019-07-22,Bonanza,-5.4501
2019-07-23,Bonanza,-5.4357
2019-07-24,Bonanza,-5.4433
2019-07-25,Bonanza,-5.4545
2019-07-26,Bonanza,-5.4717
2019-07-27,Bonanza,-5.5143
2019-07-28,Bonanza,-5.5242
2019-07-29,Bonanza,-5.5322
2019-07-30,Bonanza,-5.5406
2019-07-31,Bonanza,-5.4963
2019-08-01,Bonanza,-5.4513
2019-08-02,Bonanza,-5.4144
2019-08-03,Bonanza,-5.3787
2019-08-04,Bonanza,-5.377
2019-08-05,Bonanza,-5.4088
2019-08-06,Bonanza,-5.4425
2019-08-07,Bonanza,-5.4889
2019-08-08,Bonanza,-5.5278
2019-08-09,Bonanza,-5.5694
2019-08-10,Bonanza,-5.5864
2019-08-11,Bonanza,-5.5975
2019-08-12,Bonanza,-5.6056
2019-08-13,Bonanza,-5.5887
2019-08-14,Bonanza,-5.5552
2019-08-15,Bonanza,-5.512
2019-08-16,Bonanza,-5.4821
2019-08-17,Bonanza,-5.4508
2019-08-18,Bonanza,-5.439
2019-08-19,Bonanza,-5.4451
2019-08-20,Bonanza,-5.4686
2019-08-21,Bonanza,-5.4814
2019-08-22,Bonanza,-5.4737
2019-08-23,Bonanza,-5.4377
2019-08-24,Bonanza,-5.4548
2019-08-25,Bonanza,-5.4503
2019-08-26,Bonanza,-5.449
2019-08-27,Bonanza,-5.4954
2019-08-28,Bonanza,-5.486
2019-08-29,Bonanza,-5.4574
2019-08-30,Bonanza,-5.3884
2019-08-31,Bonanza,-5.3165
2019-09-01,Bonanza,-5.2856
2019-09-02,Bonanza,-5.3044
2019-09-03,Bonanza,-5.3687
2019-09-04,Bonanza,-5.4033
2019-09-05,Bonanza,-5.4286
2019-09-06,Bonanza,-5.4356
2019-09-07,Bonanza,-5.4362
2019-09-08,Bonanza,-5.4453
2019-09-09,Bonanza,-5.4765
2019-09-10,Bonanza,-5.4843
2019-09-11,Bonanza,-5.5063
2019-09-12,Bonanza,-5.5191
2019-09-13,Bonanza,-5.4928
2019-09-14,Bonanza,-5.467
2019-09-15,Bonanza,-5.4308
2019-09-16,Bonanza,-5.4127
2019-09-17,Bonanza,-5.3994
2019-09-18,Bonanza,-5.4201
2019-09-19,Bonanza,-5.4341
2019-09-20,Bonanza,-5.4371
2019-09-21,Bonanza,-5.443
2019-09-22,Bonanza,-5.461
2019-09-23,Bonanza,-5.5216
2019-09-24,Bonanza,-5.5266
2019-09-25,Bonanza,-5.5136
2019-09-26,Bonanza,-5.4761
2019-09-27,Bonanza,-5.4462
2019-09-28,Bonanza,-5.3814
2019-09-29,Bonanza,-5.3476
2019-09-30,Bonanza,-5.3297
2019-10-01,Bonanza,-5.3537
2019-10-02,Bonanza,-5.4286
2019-10-03,Bonanza,-5.456
2019-10-04,Bonanza,-5.4559
2019-10-05,Bonanza,-5.4906
2019-10-06,Bonanza,-5.5281
2019-10-07,Bonanza,-5.5139
2019-10-08,Bonanza,-5.4821
2019-10-09,Bonanza,-5.4543
2019-10-10,Bonanza,-5.4374
2019-10-11,Bonanza,-5.4123
2019-10-12,Bonanza,-5.3741
2019-10-13,Bonanza,-5.3892
2019-10-14,Bonanza,-5.3668
2019-10-15,Bonanza,-5.4365
2019-10-16,Bonanza,-5.4183
2019-10-17,Bonanza,-5.4219
2019-10-18,Bonanza,-5.4297
2019-10-19,Bonanza,-5.3802
2019-10-20,Bonanza,-5.4201
2019-10-21,Bonanza,-5.4629
2019-10-22,Bonanza,-5.4433
2019-10-23,Bonanza,-5.4429
2019-10-24,Bonanza,-5.5511
2019-10-25,Bonanza,-5.5286
2019-10-26,Bonanza,-5.4453
2019-10-27,Bonanza,-5.3973
2019-10-28,Bonanza,-5.3652
2019-10-29,Bonanza,-5.3737
2019-10-30,Bonanza,-5.413
2019-10-31,Bonanza,-5.4409
2019-11-01,Bonanza,-5.4745
2019-11-02,Bonanza,-5.4331
2019-11-03,Bonanza,-5.4614
2019-11-04,Bonanza,-5.4585
2019-11-05,Bonanza,-5.4963
2019-11-06,Bonanza,-5.5342
2019-11-07,Bonanza,-5.5319
2019-11-08,Bonanza,-5.5898
2019-11-09,Bonanza,-5.5944
2019-11-10,Bonanza,-5.5968
2019-11-11,Bonanza,-5.5463
2019-11-12,Bonanza,-5.5487
2019-11-13,Bonanza,-5.5096
2019-11-14,Bonanza,-5.4332
2019-11-15,Bonanza,-5.4471
2019-11-16,Bonanza,-5.5182
2019-11-17,Bonanza,-5.5344
2019-11-18,Bonanza,-5.5123
2019-11-19,Bonanza,-5.4961
2019-11-20,Bonanza,-5.4588
2019-11-21,Bonanza,-5.4032
2019-11-22,Bonanza,-5.3062
2019-11-23,Bonanza,-5.3638
2019-11-24,Bonanza,-5.4403
2019-11-25,Bonanza,-5.4407
2019-11-26,Bonanza,-5.3454
2019-11-27,Bonanza,-5.3705
2019-11-28,Bonanza,-5.4083
2019-11-29,Bonanza,-5.4652
2019-11-30,Bonanza,-5.484
2019-12-01,Bonanza,-5.412
2019-12-02,Bonanza,-5.3759
2019-12-03,Bonanza,-5.4182
2019-12-04,Bonanza,-5.4124
2019-12-05,Bonanza,-5.4473
2019-12-06,Bonanza,-5.5033
2019-12-07,Bonanza,-5.5384
2019-12-08,Bonanza,-5.5746
2019-12-09,Bonanza,-5.6077
2019-12-10,Bonanza,-5.6287
2019-12-11,Bonanza,-5.6076
2019-12-12,Bonanza,-5.6184
2019-12-13,Bonanza,-5.5917
2019-12-14,Bonanza,-5.5511
2019-12-15,Bonanza,-5.4731
2019-12-16,Bonanza,-5.264
2019-12-17,Bonanza,-5.3752
2019-12-18,Bonanza,-5.4553
2019-12-19,Bonanza,-5.3645
2019-12-20,Bonanza,-5.199
2019-12-21,Bonanza,-5.3042
2019-12-22,Bonanza,-5.4227
2019-12-23,Bonanza,-5.4932
2019-12-24,Bonanza,-5.5205
2019-12-25,Bonanza,-5.4986
2019-12-26,Bonanza,-5.5108
2019-12-27,Bonanza,-5.4581
2019-12-28,Bonanza,-5.4587
2019-12-29,Bonanza,-5.4533
2019-12-30,Bonanza,-5.5082
2019-12-31,Bonanza,-5.5248
2020-01-01,Bonanza,-5.5702
2020-01-02,Bonanza,-5.5954
2020-01-03,Bonanza,-5.6002
2020-01-04,Bonanza,-5.625
2020-01-05,Bonanza,-5.6279
2020-01-06,Bonanza,-5.621
2020-01-07,Bonanza,-5.6258
2020-01-08,Bonanza,-5.582
2020-01-09,Bonanza,-5.5363
2020-01-10,Bonanza,-5.5525
2020-01-11,Bonanza,-5.557
2020-01-12,Bonanza,-5.5509
2020-01-13,Bonanza,-5.5062
2020-01-14,Bonanza,-5.4904
2020-01-15,Bonanza,-5.5023
2020-01-16,Bonanza,-5.5358
2020-01-17,Bonanza,-5.5852
2020-01-18,Bonanza,-5.5863
2020-01-19,Bonanza,-5.5774
2020-01-20,Bonanza,-5.6026
2020-01-21,Bonanza,-5.4957
2020-01-22,Bonanza,-5.4738
2020-01-23,Bonanza,-5.4264
2020-01-24,Bonanza,-5.3959
2020-01-25,Bonanza,-5.3427
2020-01-26,Bonanza,-5.4375
2020-01-27,Bonanza,-5.4762
2020-01-28,Bonanza,-5.5198
2020-01-29,Bonanza,-5.5277
2020-01-30,Bonanza,-5.5437
2020-01-31,Bonanza,-5.5459
2020-02-01,Bonanza,-5.578
2020-02-02,Bonanza,-5.6169
2020-02-03,Bonanza,-5.6145
2020-02-04,Bonanza,-5.64
2020-02-05,Bonanza,-5.6151
2020-02-06,Bonanza,-5.5166
2020-02-07,Bonanza,-5.5271
2020-02-08,Bonanza,-5.5533
2020-02-09,Bonanza,-5.5251
2020-02-10,Bonanza,-5.5213
2020-02-11,Bonanza,-5.4886
2020-02-12,Bonanza,-5.4573
2020-02-13,Bonanza,-5.4796
2020-02-14,Bonanza,-5.5437
2020-02-15,Bonanza,-5.5847
2020-02-16,Bonanza,-5.6017
2020-02-17,Bonanza,-5.6423
2020-02-18,Bonanza,-5.6543
2020-02-19,Bonanza,-5.6678
2020-02-20,Bonanza,-5.6122
2020-02-21,Bonanza,-5.6104
2020-02-22,Bonanza,-5.6123
2020-02-23,Bonanza,-5.5819
2020-02-24,Bonanza,-5.5569
2020-02-25,Bonanza,-5.5444
2020-02-26,Bonanza,-5.5482
2020-02-27,Bonanza,-5.5731
2020-02-28,Bonanza,-5.525
2020-02-29,Bonanza,-5.5257
2020-03-01,Bonanza,-5.5162
2020-03-02,Bonanza,-5.5131
2020-03-03,Bonanza,-5.6032
2020-03-04,Bonanza,-5.6146
2020-03-05,Bonanza,-5.5929
2020-03-06,Bonanza,-5.6372
2020-03-07,Bonanza,-5.6748
2020-03-08,Bonanza,-5.6411
2020-03-09,Bonanza,-5.599
2020-03-10,Bonanza,-5.5312
2020-03-11,Bonanza,-5.4188
2020-03-12,Bonanza,-5.3917
2020-03-13,Bonanza,-5.4046
2020-03-14,Bonanza,-5.4421
2020-03-15,Bonanza,-5.4746
2020-03-16,Bonanza,-5.5433
2020-03-17,Bonanza,-5.5268
2020-03-18,Bonanza,-5.5266
2020-03-19,Bonanza,-5.5109
2020-03-20,Bonanza,-5.4825
2020-03-21,Bonanza,-5.4692
2020-03-22,Bonanza,-5.4685
2020-03-23,Bonanza,-5.4527
2020-03-24,Bonanza,-5.4384
2020-03-25,Bonanza,-5.4648
2020-03-26,Bonanza,-5.4497
2020-03-27,Bonanza,-5.4002
2020-03-28,Bonanza,-5.432
2020-03-29,Bonanza,-5.4453
2020-03-30,Bonanza,-5.4107
2020-03-31,Bonanza,-5.3329
2020-04-01,Bonanza,-5.4069
2020-04-02,Bonanza,-5.425
2020-04-03,Bonanza,-5.4854
2020-04-04,Bonanza,-5.4506
2020-04-05,Bonanza,-5.4859
2020-04-06,Bonanza,-5.4633
2020-04-07,Bonanza,-5.4357
2020-04-08,Bonanza,-5.4
2020-04-09,Bonanza,-5.3606
2020-04-10,Bonanza,-5.4012
2020-04-11,Bonanza,-5.4055
2020-04-12,Bonanza,-5.4095
2020-04-13,Bonanza,-5.4101
2020-04-14,Bonanza,-5.4542
2020-04-15,Bonanza,-5.4255
2020-04-16,Bonanza,-5.4412
2020-04-17,Bonanza,-5.4702
2020-04-18,Bonanza,-5.4717
2020-04-19,Bonanza,-5.4736
2020-04-20,Bonanza,-5.4627
2020-04-21,Bonanza,-5.3563
2020-04-22,Bonanza,-5.4392
2020-04-23,Bonanza,-5.4105
2020-04-24,Bonanza,-5.356
2020-04-25,Bonanza,-5.3762
2020-04-26,Bonanza,-5.4149
2020-04-27,Bonanza,-5.3947
2020-04-28,Bonanza,-5.4587
2020-04-29,Bonanza,-5.5244
2020-04-30,Bonanza,-5.544
2020-05-01,Bonanza,-5.555
2020-05-02,Bonanza,-5.5728
2020-05-03,Bonanza,-5.5246
2020-05-04,Bonanza,-5.461
2020-05-05,Bonanza,-5.4781
2020-05-06,Bonanza,-5.4695
2020-05-07,Bonanza,-5.3972
2020-05-08,Bonanza,-5.3582
2020-05-09,Bonanza,-5.3626
2020-05-10,Bonanza,-5.3488
2020-05-11,Bonanza,-5.3788
2020-05-12,Bonanza,-5.3953
2020-05-13,Bonanza,-5.3955
2020-05-14,Bonanza,-5.3518
2020-05-15,Bonanza,-5.423
2020-05-16,Bonanza,-5.5285
2020-05-17,Bonanza,-5.5874
2020-05-18,Bonanza,-5.5956
2020-05-19,Bonanza,-5.5711
2020-05-20,Bonanza,-5.5478
2020-05-21,Bonanza,-5.5316
2020-05-22,Bonanza,-5.5155
2020-05-23,Bonanza,-5.4989
2020-05-24,Bonanza,-5.5
2020-05-25,Bonanza,-5.465
2020-05-26,Bonanza,-5.4138
2020-05-27,Bonanza,-5.3929
2020-05-28,Bonanza,-5.3773
2020-05-29,Bonanza,-5.3898
2020-05-30,Bonanza,-5.3847
2020-05-31,Bonanza,-5.3645
2020-06-01,Bonanza,-5.4141
2020-06-02,Bonanza,-5.4255
2020-06-03,Bonanza,-5.3885
2020-06-04,Bonanza,-5.3709
2020-06-05,Bonanza,-5.3711
2020-06-06,Bonanza,-5.3461
2020-06-07,Bonanza,-5.3192
2020-06-08,Bonanza,-5.3501
2020-06-09,Bonanza,-5.398
2020-06-10,Bonanza,-5.4096
2020-06-11,Bonanza,-5.3891
2020-06-12,Bonanza,-5.4238
2020-06-13,Bonanza,-5.5038
2020-06-14,Bonanza,-5.5429
2020-06-15,Bonanza,-5.5638
2020-06-16,Bonanza,-5.5578
2020-06-17,Bonanza,-5.5459
2020-06-18,Bonanza,-5.5226
2020-06-19,Bonanza,-5.549
2020-06-20,Bonanza,-5.5503
2020-06-21,Bonanza,-5.5536
2020-06-22,Bonanza,-5.4778
2020-06-23,Bonanza,-5.388
2020-06-24,Bonanza,-5.3829
2020-06-25,Bonanza,-5.384
2020-06-26,Bonanza,-5.4286
2020-06-27,Bonanza,-5.4658
2020-06-28,Bonanza,-5.4852
2020-06-29,Bonanza,-5.486
2020-06-30,Bonanza,-5.4804
2020-07-01,Bonanza,-5.5283
2020-07-02,Bonanza,-5.5282
2020-07-03,Bonanza,-5.5484
2020-07-04,Bonanza,-5.5122
2020-07-05,Bonanza,-5.4611
2020-07-06,Bonanza,-5.4371
2020-07-07,Bonanza,-5.3963
2020-07-08,Bonanza,-5.378
2020-07-09,Bonanza,-5.415
2020-07-10,Bonanza,-5.4292
2020-07-11,Bonanza,-5.4148
2020-07-12,Bonanza,-5.4114
2020-07-13,Bonanza,-5.458
2020-07-14,Bonanza,-5.4386
2020-07-15,Bonanza,-5.3983
2020-07-16,Bonanza,-5.3827
2020-07-17,Bonanza,-5.3998
2020-07-18,Bonanza,-5.3923
2020-07-19,Bonanza,-5.4007
2020-07-20,Bonanza,-5.3582
2020-07-21,Bonanza,-5.3172
2020-07-22,Bonanza,-5.3583
2020-07-23,Bonanza,-5.3444
2020-07-24,Bonanza,-5.3353
2020-07-25,Bonanza,-5.3506
2020-07-26,Bonanza,-5.362
2020-07-27,Bonanza,-5.3962
2020-07-28,Bonanza,-5.4491
2020-07-29,Bonanza,-5.4494
2020-07-30,Bonanza,-5.4408
2020-07-31,Bonanza,-5.4638
2020-08-01,Bonanza,-5.4839
2020-08-02,Bonanza,-5.4547
2020-08-03,Bonanza,-5.4166
2020-08-04,Bonanza,-5.3993
2020-08-05,Bonanza,-5.3662
2020-08-06,Bonanza,-5.3413
2020-08-07,Bonanza,-5.371
2020-08-08,Bonanza,-5.4047
2020-08-09,Bonanza,-5.401
2020-08-10,Bonanza,-5.3852
2020-08-11,Bonanza,-5.4091
2020-08-12,Bonanza,-5.46
2020-08-13,Bonanza,-5.4906
2020-08-14,Bonanza,-5.4996
2020-08-15,Bonanza,-5.5285
2020-08-16,Bonanza,-5.547
2020-08-17,Bonanza,-5.5487
2020-08-18,Bonanza,-5.4976
2020-08-19,Bonanza,-5.414
2020-08-20,Bonanza,-5.3602
2020-08-21,Bonanza,-5.368
2020-08-22,Bonanza,-5.4038
2020-08-23,Bonanza,-5.435
2020-08-24,Bonanza,-5.4465
2020-08-25,Bonanza,-5.4742
2020-08-26,Bonanza,-5.4959
2020-08-27,Bonanza,-5.5052
2020-08-28,Bonanza,-5.4726
2020-08-29,Bonanza,-5.4787
2020-08-30,Bonanza,-5.4866
2020-08-31,Bonanza,-5.4876
2020-09-01,Bonanza,-5.4411
2020-09-02,Bonanza,-5.4335
2020-09-03,Bonanza,-5.4329
2020-09-04,Bonanza,-5.3893
2020-09-05,Bonanza,-5.3723
2020-09-06,Bonanza,-5.3683
2020-09-07,Bonanza,-5.4086
2020-09-08,Bonanza,-5.4248
2020-09-09,Bonanza,-5.4278
2020-09-10,Bonanza,-5.4746
2020-09-11,Bonanza,-5.4825
2020-09-12,Bonanza,-5.4681
2020-09-13,Bonanza,-5.4428
2020-09-14,Bonanza,-5.4399
2020-09-15,Bonanza,-5.4615
2020-09-16,Bonanza,-5.409
2020-09-17,Bonanza,-5.3286
2020-09-18,Bonanza,-5.2397
2020-09-19,Bonanza,-5.2905
2020-09-20,Bonanza,-5.1544
2020-09-22,Bonanza,-5.5956
2020-09-23,Bonanza,-5.4828
2020-09-24,Bonanza,-5.5103
2020-09-25,Bonanza,-5.5776
2020-09-26,Bonanza,-5.5735
2020-09-27,Bonanza,-5.5108
2020-09-28,Bonanza,-5.4852
2020-09-29,Bonanza,-5.4626
2020-09-30,Bonanza,-5.464
2020-10-01,Bonanza,-5.4628
2020-10-02,Bonanza,-5.3795
2020-10-03,Bonanza,-5.4451
2020-10-04,Bonanza,-5.4678
2020-10-05,Bonanza,-5.5137
2020-10-06,Bonanza,-5.5513
2020-10-07,Bonanza,-5.5323
2020-10-08,Bonanza,-5.5206
2020-10-09,Bonanza,-5.5099
2020-10-10,Bonanza,-5.5088
2020-10-11,Bonanza,-5.5129
2020-10-12,Bonanza,-5.5779
2020-10-13,Bonanza,-5.5272
2020-10-14,Bonanza,-5.4683
2020-10-15,Bonanza,-5.4645
2020-10-16,Bonanza,-5.4175
2020-10-17,Bonanza,-5.3733
2020-10-18,Bonanza,-5.3445
2020-10-19,Bonanza,-5.2877
2020-10-20,Bonanza,-5.2066
2020-10-21,Bonanza,-5.2358
2020-10-22,Bonanza,-5.3214
2020-10-23,Bonanza,-5.4773
2020-10-24,Bonanza,-5.5431
2020-10-25,Bonanza,-5.5169
2020-10-26,Bonanza,-5.5658
2020-10-27,Bonanza,-5.571
2020-10-28,Bonanza,-5.5782
2020-10-29,Bonanza,-5.5539
2020-10-30,Bonanza,-5.5193
2020-10-31,Bonanza,-5.5156
2020-11-01,Bonanza,-5.5099
2020-11-02,Bonanza,-5.4782
2020-11-03,Bonanza,-5.4706
2020-11-04,Bonanza,-5.4104
2020-11-05,Bonanza,-5.3311
2020-11-06,Bonanza,-5.3647
2020-11-07,Bonanza,-5.4231
2020-11-08,Bonanza,-5.455
2020-11-09,Bonanza,-5.4848
2020-11-10,Bonanza,-5.5281
2020-11-11,Bonanza,-5.4742
2020-11-12,Bonanza,-5.4288
2020-11-13,Bonanza,-5.39
2020-11-14,Bonanza,-5.3812
2020-11-15,Bonanza,-5.3709
2020-11-16,Bonanza,-5.3629
2020-11-17,Bonanza,-5.3866
2020-11-18,Bonanza,-5.3836
2020-11-19,Bonanza,-5.397
2020-11-20,Bonanza,-5.4343
2020-11-21,Bonanza,-5.4357
2020-11-22,Bonanza,-5.417
2020-11-23,Bonanza,-5.4348
2020-11-24,Bonanza,-5.4211
2020-11-25,Bonanza,-5.3584
2020-11-26,Bonanza,-5.2682
2020-11-27,Bonanza,-5.2787
2020-11-28,Bonanza,-5.2865
2020-11-29,Bonanza,-5.3004
2020-11-30,Bonanza,-5.323
2020-12-01,Bonanza,-5.3726
2020-12-02,Bonanza,-5.3503
2020-12-03,Bonanza,-5.3338
2020-12-04,Bonanza,-5.2447
2020-12-05,Bonanza,-5.3528
2020-12-06,Bonanza,-5.4498
2020-12-07,Bonanza,-5.4387
2020-12-08,Bonanza,-5.4546
2020-12-09,Bonanza,-5.5555
2020-12-10,Bonanza,-5.5221
2020-12-11,Bonanza,-5.5064
2020-12-12,Bonanza,-5.5203
2020-12-13,Bonanza,-5.4754
2020-12-14,Bonanza,-5.4374
2020-12-15,Bonanza,-5.4276
2020-12-16,Bonanza,-5.3296
2020-12-17,Bonanza,-5.753
2020-12-18,Bonanza,-5.4198
2020-12-19,Bonanza,-5.4993
2020-12-20,Bonanza,-5.7059
2020-12-21,Bonanza,-5.5973
2020-12-22,Bonanza,-5.5774
2020-12-23,Bonanza,-5.5694
2020-12-24,Bonanza,-5.5674
2020-12-25,Bonanza,-5.624
2020-12-26,Bonanza,-5.6948
2020-12-27,Bonanza,-5.6049
2020-12-28,Bonanza,-5.4937
2020-12-29,Bonanza,-5.483
2020-12-30,Bonanza,-5.549
2020-12-31,Bonanza,-5.5342
2021-01-01,Bonanza,-5.4936
2021-01-02,Bonanza,-5.5116
2021-01-03,Bonanza,-5.5254
2021-01-04,Bonanza,-5.5048
2021-01-05,Bonanza,-5.4817
2021-01-06,Bonanza,-5.4484
2021-01-07,Bonanza,-5.4276
2021-01-08,Bonanza,-5.3427
2021-01-09,Bonanza,-5.1585
2021-01-10,Bonanza,-5.3804
2021-01-11,Bonanza,-5.3443
2021-01-12,Bonanza,-5.5568
2021-01-13,Bonanza,-5.568
2021-01-14,Bonanza,-5.5369
2021-01-15,Bonanza,-5.5246
2021-01-16,Bonanza,-5.5447
2021-01-17,Bonanza,-5.5665
2021-01-18,Bonanza,-5.5919
2021-01-19,Bonanza,-5.5516
2021-01-20,Bonanza,-5.4263
2021-01-21,Bonanza,-5.4885
2021-01-22,Bonanza,-5.5138
2021-01-23,Bonanza,-5.5837
2021-01-24,Bonanza,-5.5832
2021-01-25,Bonanza,-5.5685
2021-01-26,Bonanza,-5.6473
2021-01-27,Bonanza,-5.6062
2021-01-28,Bonanza,-5.4569
2021-03-09,Bonanza,-5.7158
2021-03-10,Bonanza,-5.6489
2021-03-11,Bonanza,-5.6604
2021-03-12,Bonanza,-5.62
2021-03-13,Bonanza,-5.5976
2021-03-14,Bonanza,-5.5982
2021-03-15,Bonanza,-5.5667
2021-03-16,Bonanza,-5.5354
2021-03-17,Bonanza,-5.4782
2021-03-18,Bonanza,-5.4932
2021-03-19,Bonanza,-5.4989
2021-03-20,Bonanza,-5.5391
2021-03-21,Bonanza,-5.5991
2021-03-22,Bonanza,-5.624
2021-03-23,Bonanza,-5.6354
2021-03-24,Bonanza,-5.652
2021-03-25,Bonanza,-5.6185
2021-03-26,Bonanza,-5.5939
2021-03-27,Bonanza,-5.5637
2021-03-28,Bonanza,-5.4961
2021-03-29,Bonanza,-5.4251
2021-03-30,Bonanza,-5.3835
2021-03-31,Bonanza,-5.3
2021-04-01,Bonanza,-5.3541
2021-04-02,Bonanza,-5.4304
2021-04-03,Bonanza,-5.4689
2021-04-04,Bonanza,-5.5143
2021-04-05,Bonanza,-5.5525
2021-04-06,Bonanza,-5.5531
2021-04-07,Bonanza,-5.5363
2021-04-08,Bonanza,-5.5067
2021-04-09,Bonanza,-5.4589
2021-04-10,Bonanza,-5.4369
2021-04-11,Bonanza,-5.4527
2021-04-12,Bonanza,-5.4748
2021-04-13,Bonanza,-5.4459
2021-04-14,Bonanza,-5.4084
2021-04-15,Bonanza,-5.3677
2021-04-16,Bonanza,-5.4252
2021-04-17,Bonanza,-5.4589
2021-04-18,Bonanza,-5.4772
2021-04-19,Bonanza,-5.4787
2021-04-20,Bonanza,-5.4656
2021-04-21,Bonanza,-5.4638
2021-04-22,Bonanza,-5.4798
2021-04-23,Bonanza,-5.4802
2021-04-24,Bonanza,-5.3956
2021-04-25,Bonanza,-5.3503
2021-04-26,Bonanza,-5.3065
2021-04-27,Bonanza,-5.2271
2021-04-28,Bonanza,-5.2436
2021-04-29,Bonanza,-5.2792
2021-04-30,Bonanza,-5.3076
2021-05-01,Bonanza,-5.4094
2021-05-02,Bonanza,-5.451
2021-05-03,Bonanza,-5.4693
2021-05-04,Bonanza,-5.5026
2021-05-05,Bonanza,-5.5263
2021-05-06,Bonanza,-5.5447
2021-05-07,Bonanza,-5.55
2021-05-08,Bonanza,-5.5003
2021-05-09,Bonanza,-5.4253
2021-05-10,Bonanza,-5.4694
2021-05-11,Bonanza,-5.5753
2021-05-12,Bonanza,-5.585
2021-05-13,Bonanza,-5.572
2021-05-14,Bonanza,-5.5686
2021-05-15,Bonanza,-5.5658
2021-05-16,Bonanza,-5.5791
2021-05-17,Bonanza,-5.5961
2021-05-18,Bonanza,-5.6119
2021-05-19,Bonanza,-5.6163
2021-05-20,Bonanza,-5.587
2021-05-21,Bonanza,-5.5581
2021-05-22,Bonanza,-5.5626
2021-05-23,Bonanza,-5.6126
2021-05-24,Bonanza,-5.662
2021-05-25,Bonanza,-5.5965
2021-05-26,Bonanza,-5.5151
2021-05-27,Bonanza,-5.4764
2021-05-28,Bonanza,-5.4464
2021-05-29,Bonanza,-5.4482
2021-05-30,Bonanza,-5.4264
2021-05-31,Bonanza,-5.4226
2021-06-01,Bonanza,-5.4875
2021-06-02,Bonanza,-5.5003
2021-06-03,Bonanza,-5.5303
2021-06-04,Bonanza,-5.5645
2021-06-05,Bonanza,-5.5848
2021-06-06,Bonanza,-5.5833
2021-06-07,Bonanza,-5.5388
2021-06-08,Bonanza,-5.5089
2021-06-09,Bonanza,-5.4865
2021-06-10,Bonanza,-5.4559
2021-06-11,Bonanza,-5.4335
2021-06-12,Bonanza,-5.4195
2021-06-13,Bonanza,-5.4329
2021-06-14,Bonanza,-5.4407
2021-06-15,Bonanza,-5.4065
2021-06-16,Bonanza,-5.3952
2021-06-17,Bonanza,-5.3883
2021-06-18,Bonanza,-5.4211
2021-06-19,Bonanza,-5.4818
2021-06-20,Bonanza,-5.5134
2021-06-21,Bonanza,-5.5236
2021-06-22,Bonanza,-5.5436
2021-06-23,Bonanza,-5.5193
2021-06-24,Bonanza,-5.4719
2021-06-25,Bonanza,-5.4266
2021-06-26,Bonanza,-5.4096
2021-06-27,Bonanza,-5.4216
2021-06-28,Bonanza,-5.4528
2021-06-29,Bonanza,-5.5021
2021-06-30,Bonanza,-5.5413
2021-07-01,Bonanza,-5.5695
2021-07-02,Bonanza,-5.5939
2021-07-03,Bonanza,-5.6108
2021-07-04,Bonanza,-5.6069
2021-07-05,Bonanza,-5.5858
2021-07-06,Bonanza,-5.5869
2021-07-07,Bonanza,-5.5952
2021-07-08,Bonanza,-5.5958
2021-07-09,Bonanza,-5.5242
2021-07-10,Bonanza,-5.4581
2021-07-11,Bonanza,-5.4253
2021-07-12,Bonanza,-5.4381
2021-07-13,Bonanza,-5.4615
2021-07-14,Bonanza,-5.4422
2021-07-15,Bonanza,-5.4256
2021-07-16,Bonanza,-5.4124
2021-07-17,Bonanza,-5.4484
2021-07-18,Bonanza,-5.472
2021-07-19,Bonanza,-5.4961
2021-07-20,Bonanza,-5.5178
2021-07-21,Bonanza,-5.5167
2021-07-22,Bonanza,-5.4697
2021-07-23,Bonanza,-5.437
2021-07-24,Bonanza,-5.4041
2021-07-25,Bonanza,-5.3606
2021-07-26,Bonanza,-5.3698
2021-07-27,Bonanza,-5.3647
2021-07-28,Bonanza,-5.3827
2021-07-29,Bonanza,-5.4018
2021-07-30,Bonanza,-5.4273
2021-07-31,Bonanza,-5.4782
2021-08-01,Bonanza,-5.5235
2021-08-02,Bonanza,-5.5426
2021-08-03,Bonanza,-5.5577
2021-08-04,Bonanza,-5.5469
2021-08-05,Bonanza,-5.5379
2021-08-06,Bonanza,-5.4863
2021-08-07,Bonanza,-5.4665
2021-08-08,Bonanza,-5.4561
2021-08-09,Bonanza,-5.4274
2021-08-10,Bonanza,-5.4172
2021-08-11,Bonanza,-5.4173
2021-08-12,Bonanza,-5.441
2021-08-13,Bonanza,-5.4409
2021-08-14,Bonanza,-5.4473
2021-08-15,Bonanza,-5.4681
2021-08-16,Bonanza,-5.4984
2021-08-17,Bonanza,-5.5276
2021-08-18,Bonanza,-5.5401
2021-08-19,Bonanza,-5.522
2021-08-20,Bonanza,-5.5073
2021-08-21,Bonanza,-5.4857
2021-08-22,Bonanza,-5.4325
2021-08-23,Bonanza,-5.4024
2021-08-24,Bonanza,-5.3797
2021-08-25,Bonanza,-5.3906
2021-08-26,Bonanza,-5.4074
2021-08-27,Bonanza,-5.4265
2021-08-28,Bonanza,-5.443
2021-08-29,Bonanza,-5.4611
2021-08-30,Bonanza,-5.4893
2021-08-31,Bonanza,-5.4845
2021-09-01,Bonanza,-5.5073
2021-09-02,Bonanza,-5.5108
2021-09-03,Bonanza,-5.5163
2021-09-04,Bonanza,-5.4953
2021-09-05,Bonanza,-5.476
2021-09-06,Bonanza,-5.3723
2021-09-07,Bonanza,-5.3593
2021-09-08,Bonanza,-5.3641
2021-09-09,Bonanza,-5.3647
2021-09-10,Bonanza,-5.387
2021-09-11,Bonanza,-5.3952
2021-09-12,Bonanza,-5.3893
2021-09-13,Bonanza,-5.3891
2021-09-14,Bonanza,-5.3834
2021-09-15,Bonanza,-5.4284
2021-09-16,Bonanza,-5.4541
2021-09-17,Bonanza,-5.4617
2021-09-18,Bonanza,-5.4575
2021-09-19,Bonanza,-5.4384
2021-09-20,Bonanza,-5.4222
2021-09-21,Bonanza,-5.3852
2021-09-22,Bonanza,-5.3657
2021-09-23,Bonanza,-5.3341
2021-09-24,Bonanza,-5.3593
2021-09-25,Bonanza,-5.4085
2021-09-26,Bonanza,-5.4464
2021-09-27,Bonanza,-5.486
2021-09-28,Bonanza,-5.5183
2021-09-29,Bonanza,-5.55
2021-09-30,Bonanza,-5.5298
2021-10-01,Bonanza,-5.5268
2021-10-02,Bonanza,-5.5008
2021-10-03,Bonanza,-5.4906
2021-10-04,Bonanza,-5.5403
2021-10-05,Bonanza,-5.5389
2021-10-06,Bonanza,-5.4808
2021-10-07,Bonanza,-5.4355
2021-10-08,Bonanza,-5.3729
2021-10-09,Bonanza,-5.3582
2021-10-10,Bonanza,-5.3592
2021-10-11,Bonanza,-5.3445
2021-10-12,Bonanza,-5.3772
2021-10-13,Bonanza,-5.4274
2021-10-14,Bonanza,-5.4574
2021-10-15,Bonanza,-5.449
2021-10-16,Bonanza,-5.453
2021-10-17,Bonanza,-5.4377
2021-10-18,Bonanza,-5.4475
2021-10-19,Bonanza,-5.4099
2021-10-20,Bonanza,-5.3925
2021-10-21,Bonanza,-5.4026
2021-10-22,Bonanza,-5.4144
2021-10-23,Bonanza,-5.4303
2021-10-24,Bonanza,-5.4526
2021-10-25,Bonanza,-5.4444
2021-10-26,Bonanza,-5.4389
2021-10-27,Bonanza,-5.4461
2021-10-28,Bonanza,-5.4043
2021-10-29,Bonanza,-5.4124
2021-10-30,Bonanza,-5.3662
2021-10-31,Bonanza,-5.4271
2021-11-01,Bonanza,-5.438
2021-11-02,Bonanza,-5.4442
2021-11-03,Bonanza,-5.4157
2021-11-04,Bonanza,-5.4109
2021-11-05,Bonanza,-5.4518
2021-11-06,Bonanza,-5.4791
2021-11-07,Bonanza,-5.484
2021-11-08,Bonanza,-5.4816
2021-11-09,Bonanza,-5.455
2021-11-10,Bonanza,-5.4644
2021-11-11,Bonanza,-5.4821
2021-11-12,Bonanza,-5.4776
2021-11-13,Bonanza,-5.4842
2021-11-14,Bonanza,-5.4894
2021-11-15,Bonanza,-5.4662
2021-11-16,Bonanza,-5.4528
2021-11-17,Bonanza,-5.4698
2021-11-18,Bonanza,-5.4285
2021-11-19,Bonanza,-5.3405
2021-11-20,Bonanza,-5.3656
2021-11-21,Bonanza,-5.3783
2021-11-22,Bonanza,-5.3728
2021-11-23,Bonanza,-5.3916
2021-11-24,Bonanza,-5.4113
2021-11-25,Bonanza,-5.375
2021-11-26,Bonanza,-5.4125
2021-11-27,Bonanza,-5.4436
2021-11-28,Bonanza,-5.5641
2021-11-29,Bonanza,-5.615
2021-11-30,Bonanza,-5.6029
2021-12-01,Bonanza,-5.5696
2021-12-02,Bonanza,-5.5338
2021-12-03,Bonanza,-5.5549
2021-12-04,Bonanza,-5.555
2021-12-05,Bonanza,-5.5508
2021-12-06,Bonanza,-5.5608
2021-12-07,Bonanza,-5.5508
2021-12-08,Bonanza,-5.53
2021-12-09,Bonanza,-5.6091
2021-12-10,Bonanza,-5.6446
2021-12-11,Bonanza,-5.6646
2021-12-12,Bonanza,-5.637
2021-12-13,Bonanza,-5.5667
2021-12-14,Bonanza,-5.5671
2021-12-15,Bonanza,-5.5262
2021-12-16,Bonanza,-5.4867
2021-12-17,Bonanza,-5.4697
2021-12-18,Bonanza,-5.5077
2021-12-19,Bonanza,-5.4471
2021-12-20,Bonanza,-5.4273
2021-12-21,Bonanza,-5.3993
2021-12-22,Bonanza,-5.3718
2021-12-23,Bonanza,-5.3892
2021-12-24,Bonanza,-5.3418
2021-12-25,Bonanza,-5.2571
2021-12-26,Bonanza,-5.5576
2021-12-27,Bonanza,-5.5408
2021-12-28,Bonanza,-5.5644
2021-12-29,Bonanza,-5.5249
2021-12-30,Bonanza,-5.5474
2021-12-31,Bonanza,-5.5227
2022-01-01,Bonanza,-5.4996
2022-01-02,Bonanza,-5.4971
2022-01-03,Bonanza,-5.4779
2022-01-04,Bonanza,-5.4304
2022-01-05,Bonanza,-5.4678
2022-01-06,Bonanza,-5.4851
2022-01-07,Bonanza,-5.5583
2022-01-08,Bonanza,-5.6374
2022-01-09,Bonanza,-5.6597
2022-01-10,Bonanza,-5.6675
2022-01-11,Bonanza,-5.6285
2022-01-12,Bonanza,-5.5968
2022-01-13,Bonanza,-5.546
2022-01-14,Bonanza,-5.5626
2022-01-15,Bonanza,-5.5947
2022-01-16,Bonanza,-5.623
2022-01-17,Bonanza,-5.6138
2022-01-18,Bonanza,-5.5739
2022-01-19,Bonanza,-5.5645
2022-01-20,Bonanza,-5.551
2022-01-21,Bonanza,-5.5302
2022-01-22,Bonanza,-5.5036
2022-01-23,Bonanza,-5.4611
2022-01-24,Bonanza,-5.4919
2022-01-25,Bonanza,-5.5249
2022-01-26,Bonanza,-5.5138
2022-01-27,Bonanza,-5.5453
2022-01-28,Bonanza,-5.572
2022-01-29,Bonanza,-5.5813
2022-01-30,Bonanza,-5.5776
2022-01-31,Bonanza,-5.6242
2022-02-01,Bonanza,-5.6209
2022-02-02,Bonanza,-5.5385
2022-02-03,Bonanza,-5.463
2022-02-04,Bonanza,-5.4917
2022-02-05,Bonanza,-5.5442
2022-02-06,Bonanza,-5.5869
2022-02-07,Bonanza,-5.6155
2022-02-08,Bonanza,-5.6182
2022-02-09,Bonanza,-5.6292
2022-02-10,Bonanza,-5.6623
2022-02-11,Bonanza,-5.6452
2022-02-12,Bonanza,-5.6197
2022-02-13,Bonanza,-5.5939
2022-02-14,Bonanza,-5.6245
2022-02-15,Bonanza,-5.6572
2022-02-16,Bonanza,-5.6623
2022-02-17,Bonanza,-5.6129
2022-02-18,Bonanza,-5.5185
2022-02-19,Bonanza,-5.5144
2022-02-20,Bonanza,-5.5476
2022-02-21,Bonanza,-5.5987
2022-02-22,Bonanza,-5.6137
2022-02-23,Bonanza,-5.5473
2022-02-24,Bonanza,-5.5439
2022-02-25,Bonanza,-5.559
2022-02-26,Bonanza,-5.5393
2022-02-27,Bonanza,-5.5988
2022-02-28,Bonanza,-5.6332
2022-03-01,Bonanza,-5.62
2022-03-02,Bonanza,-5.5982
2022-03-03,Bonanza,-5.5333
2022-03-04,Bonanza,-5.5463
2022-03-05,Bonanza,-5.5189
2022-03-06,Bonanza,-5.495
2022-03-07,Bonanza,-5.5239
2022-03-08,Bonanza,-5.6122
2022-03-09,Bonanza,-5.6174
2022-03-10,Bonanza,-5.6314
2022-03-11,Bonanza,-5.573
2022-03-12,Bonanza,-5.597
2022-03-13,Bonanza,-5.5804
2022-03-14,Bonanza,-5.4909
2022-03-15,Bonanza,-5.4753
2022-03-16,Bonanza,-5.5212
2022-03-17,Bonanza,-5.5406
2022-03-18,Bonanza,-5.517
2022-03-19,Bonanza,-5.4745
2022-03-20,Bonanza,-5.3844
2022-03-21,Bonanza,-5.4025
2022-03-22,Bonanza,-5.4369
2022-03-23,Bonanza,-5.3971
2022-03-24,Bonanza,-5.4088
2022-03-25,Bonanza,-5.4522
2022-03-26,Bonanza,-5.4894
2022-03-27,Bonanza,-5.4925
2022-03-28,Bonanza,-5.4476
2022-03-29,Bonanza,-5.4296
2022-03-30,Bonanza,-5.4444
2022-03-31,Bonanza,-5.4255
2022-04-01,Bonanza,-5.4385
2022-04-02,Bonanza,-5.4438
2022-04-03,Bonanza,-5.4024
2022-04-04,Bonanza,-5.3313
2022-04-05,Bonanza,-5.3642
2022-04-06,Bonanza,-5.4734
2022-04-07,Bonanza,-5.562
2022-04-08,Bonanza,-5.5746
2022-04-09,Bonanza,-5.5705
2022-04-10,Bonanza,-5.5079
2022-04-11,Bonanza,-5.4347
2022-04-12,Bonanza,-5.4584
2022-04-13,Bonanza,-5.5191
2022-04-14,Bonanza,-5.5314
2022-04-15,Bonanza,-5.5329
2022-04-16,Bonanza,-5.5257
2022-04-17,Bonanza,-5.4817
2022-04-18,Bonanza,-5.4307
2022-04-19,Bonanza,-5.3985
2022-04-20,Bonanza,-5.4253
2022-04-21,Bonanza,-5.4601
2022-04-22,Bonanza,-5.3467
2022-04-23,Bonanza,-5.4408
2022-04-24,Bonanza,-5.5279
2022-04-25,Bonanza,-5.5322
2022-04-26,Bonanza,-5.5423
2022-04-27,Bonanza,-5.5587
2022-04-28,Bonanza,-5.5766
2022-04-29,Bonanza,-5.5821
2022-04-30,Bonanza,-5.5877
2022-05-01,Bonanza,-5.5474
2022-05-02,Bonanza,-5.4876
2022-05-03,Bonanza,-5.4699
2022-05-04,Bonanza,-5.5077
2022-05-05,Bonanza,-5.5706
2022-05-06,Bonanza,-5.5926
2022-05-07,Bonanza,-5.5914
2022-05-08,Bonanza,-5.5635
2022-05-09,Bonanza,-5.5536
2022-05-10,Bonanza,-5.5592
2022-05-11,Bonanza,-5.5205
2022-05-12,Bonanza,-5.5032
2022-05-13,Bonanza,-5.5164
2022-05-14,Bonanza,-5.4772
2022-05-15,Bonanza,-5.4868
2022-05-16,Bonanza,-5.4616
2022-05-17,Bonanza,-5.4323
2022-05-18,Bonanza,-5.4157
2022-05-19,Bonanza,-5.3963
2022-05-20,Bonanza,-5.3576
2022-05-21,Bonanza,-5.3798
2022-05-22,Bonanza,-5.4605
2022-05-23,Bonanza,-5.4777
2022-05-24,Bonanza,-5.4984
2022-05-25,Bonanza,-5.5682
2022-05-26,Bonanza,-5.5545
2022-05-27,Bonanza,-5.4997
2022-05-28,Bonanza,-5.4768
2022-05-29,Bonanza,-5.452
2022-05-30,Bonanza,-5.4298
2022-05-31,Bonanza,-5.4233
2022-06-01,Bonanza,-5.4263
2022-06-02,Bonanza,-5.4293
2022-06-03,Bonanza,-5.4402
2022-06-04,Bonanza,-5.4771
2022-06-05,Bonanza,-5.5074
2022-06-06,Bonanza,-5.5382
2022-06-07,Bonanza,-5.5469
2022-06-08,Bonanza,-5.5514
2022-06-09,Bonanza,-5.5527
2022-06-10,Bonanza,-5.5562
2022-06-11,Bonanza,-5.5093
2022-06-12,Bonanza,-5.463
2022-06-13,Bonanza,-5.4367
2022-06-14,Bonanza,-5.4087
2022-06-15,Bonanza,-5.3714
2022-06-16,Bonanza,-5.3627
2022-06-17,Bonanza,-5.3839
2022-06-18,Bonanza,-5.3841
2022-06-19,Bonanza,-5.3918
2022-06-20,Bonanza,-5.4191
2022-06-21,Bonanza,-5.4538
2022-06-22,Bonanza,-5.5186
2022-06-23,Bonanza,-5.5379
2022-06-24,Bonanza,-5.5509
2022-06-25,Bonanza,-5.5306
2022-06-26,Bonanza,-5.5036
2022-06-27,Bonanza,-5.5367
2022-06-28,Bonanza,-5.5267
2022-06-29,Bonanza,-5.5085
2022-06-30,Bonanza,-5.4928
2022-07-01,Bonanza,-5.4745
2022-07-02,Bonanza,-5.4761
2022-07-03,Bonanza,-5.5165
2022-07-04,Bonanza,-5.5107
2022-07-05,Bonanza,-5.5208
2022-07-06,Bonanza,-5.546
2022-07-07,Bonanza,-5.5552
2022-07-08,Bonanza,-5.5574
2022-07-09,Bonanza,-5.542
2022-07-10,Bonanza,-5.531
2022-07-11,Bonanza,-5.4955
2022-07-12,Bonanza,-5.435
2022-07-13,Bonanza,-5.4154
2022-07-14,Bonanza,-5.3725
2022-07-15,Bonanza,-5.3167
2022-07-16,Bonanza,-5.3073
2022-07-17,Bonanza,-5.3384
2022-07-18,Bonanza,-5.3906
2022-07-19,Bonanza,-5.4517
2022-07-20,Bonanza,-5.4894
2022-07-21,Bonanza,-5.5122
2022-07-22,Bonanza,-5.5103
2022-07-23,Bonanza,-5.5127
2022-07-24,Bonanza,-5.5084
2022-07-25,Bonanza,-5.4994
2022-07-26,Bonanza,-5.4674
2022-07-27,Bonanza,-5.4574
2022-07-28,Bonanza,-5.4315
2022-07-29,Bonanza,-5.4133
2022-07-30,Bonanza,-5.4121
2022-07-31,Bonanza,-5.3982
2022-08-01,Bonanza,-5.3878
2022-08-02,Bonanza,-5.3842
2022-08-03,Bonanza,-5.3838
2022-08-04,Bonanza,-5.411
2022-08-05,Bonanza,-5.454
2022-08-06,Bonanza,-5.4879
2022-08-07,Bonanza,-5.5054
2022-08-08,Bonanza,-5.5236
2022-08-09,Bonanza,-5.5055
2022-08-10,Bonanza,-5.4845
2022-08-11,Bonanza,-5.4595
2022-08-12,Bonanza,-5.3985
2022-08-13,Bonanza,-5.3577
2022-08-14,Bonanza,-5.3692
2022-08-15,Bonanza,-5.4039
2022-08-16,Bonanza,-5.4174
2022-08-17,Bonanza,-5.4797
2022-08-18,Bonanza,-5.5146
2022-08-19,Bonanza,-5.5506
2022-08-20,Bonanza,-5.5369
2022-08-21,Bonanza,-5.5311
2022-08-22,Bonanza,-5.5334
2022-08-23,Bonanza,-5.4936
2022-08-24,Bonanza,-5.4948
2022-08-25,Bonanza,-5.4992
2022-08-26,Bonanza,-5.4658
2022-08-27,Bonanza,-5.4218
2022-08-28,Bonanza,-5.4
2022-08-29,Bonanza,-5.4234
2022-08-30,Bonanza,-5.4425
2022-08-31,Bonanza,-5.4587
2022-09-01,Bonanza,-5.4574
2022-09-02,Bonanza,-5.4675
2022-09-03,Bonanza,-5.4902
2022-09-04,Bonanza,-5.5519
2022-09-05,Bonanza,-5.5885
2022-09-06,Bonanza,-5.5841
2022-09-07,Bonanza,-5.5783
2022-09-08,Bonanza,-5.5532
2022-09-09,Bonanza,-5.5027
2022-09-10,Bonanza,-5.4403
2022-09-11,Bonanza,-5.3816
2022-09-12,Bonanza,-5.3339
2022-09-13,Bonanza,-5.3153
2022-09-14,Bonanza,-5.3537
2022-09-15,Bonanza,-5.4051
2022-09-16,Bonanza,-5.4328
2022-09-17,Bonanza,-5.4306
2022-09-18,Bonanza,-5.4283
2022-09-19,Bonanza,-5.437
2022-09-20,Bonanza,-5.4823
2022-09-21,Bonanza,-5.4693
2022-09-22,Bonanza,-5.4705
2022-09-23,Bonanza,-5.4556
2022-09-24,Bonanza,-5.4177
2022-09-25,Bonanza,-5.3997
2022-09-26,Bonanza,-5.4035
2022-09-27,Bonanza,-5.4216
2022-09-28,Bonanza,-5.4037
2022-09-29,Bonanza,-5.4024
2022-09-30,Bonanza,-5.4539
2022-10-01,Bonanza,-5.5259
2022-10-02,Bonanza,-5.4891
2022-10-03,Bonanza,-5.5209
2022-10-04,Bonanza,-5.5291
2022-10-05,Bonanza,-5.5098
2022-10-06,Bonanza,-5.5041
2022-10-07,Bonanza,-5.4775
2022-10-08,Bonanza,-5.4302
2022-10-09,Bonanza,-5.3924
2022-10-10,Bonanza,-5.3796
2022-10-11,Bonanza,-5.3878
2022-10-12,Bonanza,-5.4242
2022-10-13,Bonanza,-5.4617
2022-10-14,Bonanza,-5.467
2022-10-15,Bonanza,-5.4381
2022-10-16,Bonanza,-5.4267
2022-10-17,Bonanza,-5.4366
2022-10-18,Bonanza,-5.4349
2022-10-19,Bonanza,-5.4397
2022-10-20,Bonanza,-5.4141
2022-10-21,Bonanza,-5.4299
2022-10-22,Bonanza,-5.4049
2022-10-23,Bonanza,-5.4019
2022-10-24,Bonanza,-5.3997
2022-10-25,Bonanza,-5.3786
2022-10-26,Bonanza,-5.3857
2022-10-27,Bonanza,-5.3515
2022-10-28,Bonanza,-5.3591
2022-10-29,Bonanza,-5.3393
2022-10-30,Bonanza,-5.3735
2022-10-31,Bonanza,-5.3797
2022-11-01,Bonanza,-5.4403
2022-11-02,Bonanza,-5.4507
2022-11-03,Bonanza,-5.4776
2022-11-04,Bonanza,-5.4755
2022-11-05,Bonanza,-5.4771
2022-11-06,Bonanza,-5.4599
2022-11-07,Bonanza,-5.4012
2022-11-08,Bonanza,-5.3848
2022-11-09,Bonanza,-5.3921
2022-11-10,Bonanza,-5.4137
2022-11-11,Bonanza,-5.3851
2022-11-12,Bonanza,-5.3929
2022-11-13,Bonanza,-5.4175
2022-11-14,Bonanza,-5.4338
2022-11-15,Bonanza,-5.4093
2022-11-16,Bonanza,-5.3978
2022-11-17,Bonanza,-5.394
2022-11-18,Bonanza,-5.4312
2022-11-19,Bonanza,-5.5052
2022-11-20,Bonanza,-5.5476
2022-11-21,Bonanza,-5.5256
2022-11-22,Bonanza,-5.5307
2022-11-23,Bonanza,-5.5148
2022-11-24,Bonanza,-5.4609
2022-11-25,Bonanza,-5.4725
2022-11-26,Bonanza,-5.4832
2022-11-27,Bonanza,-5.4686
2022-11-28,Bonanza,-5.5212
2022-11-29,Bonanza,-5.5318
2022-11-30,Bonanza,-5.4784
2022-12-01,Bonanza,-5.401
2022-12-02,Bonanza,-5.4061
2022-12-03,Bonanza,-5.4052
2022-12-04,Bonanza,-5.3997
2022-12-05,Bonanza,-5.3281
2022-12-06,Bonanza,-5.3815
2022-12-07,Bonanza,-5.3511
2022-12-08,Bonanza,-5.2354
2022-12-09,Bonanza,-5.1465
2022-12-10,Bonanza,-5.3204
2022-12-11,Bonanza,-5.2587
2022-12-12,Bonanza,-5.2946
2022-12-13,Bonanza,-5.221
2022-12-14,Bonanza,-5.1883
2022-12-15,Bonanza,-5.1564
2022-12-16,Bonanza,-5.2203
2022-12-17,Bonanza,-5.3889
2022-12-18,Bonanza,-5.4481
2022-12-19,Bonanza,-5.4311
2022-12-20,Bonanza,-5.4056
2022-12-21,Bonanza,-5.5037
2022-12-22,Bonanza,-5.5204
2022-12-23,Bonanza,-5.4832
2022-12-24,Bonanza,-5.4161
2022-12-25,Bonanza,-5.3454
2022-12-26,Bonanza,-5.4103
2022-12-27,Bonanza,-5.4729
2022-12-28,Bonanza,-5.4826
2022-12-29,Bonanza,-5.5048
2022-12-30,Bonanza,-5.5167
2022-12-31,Bonanza,-5.5211
2023-01-01,Bonanza,-5.4933
2023-01-02,Bonanza,-5.5147
2023-01-03,Bonanza,-5.5997
2023-01-04,Bonanza,-5.6087
2023-01-05,Bonanza,-5.5632
2023-01-06,Bonanza,-5.5219
2023-01-07,Bonanza,-5.4985
2023-01-08,Bonanza,-5.462
2023-01-09,Bonanza,-5.5198
2023-01-10,Bonanza,-5.5543
2023-01-16,Bonanza,-5.4993
2023-01-17,Bonanza,-5.4811
2023-01-18,Bonanza,-5.5772
2023-01-19,Bonanza,-5.66
2023-01-20,Bonanza,-5.6419
2023-01-21,Bonanza,-5.6055
2023-01-22,Bonanza,-5.6144
2023-01-23,Bonanza,-5.5662
2023-01-24,Bonanza,-5.5343
2023-01-25,Bonanza,-5.5641
2023-01-26,Bonanza,-5.5884
2023-01-27,Bonanza,-5.5674
2023-01-28,Bonanza,-5.6248
2023-01-29,Bonanza,-5.6279
2023-01-30,Bonanza,-5.6692
2023-01-31,Bonanza,-5.7018
2023-02-01,Bonanza,-5.6669
2023-02-02,Bonanza,-5.6641
2023-02-03,Bonanza,-5.664
2023-02-04,Bonanza,-5.6634
2023-02-05,Bonanza,-5.627
2023-02-06,Bonanza,-5.5404
2023-02-07,Bonanza,-5.4648
2023-02-08,Bonanza,-5.4543
2023-02-09,Bonanza,-5.4955
2023-02-10,Bonanza,-5.4934
2023-02-11,Bonanza,-5.4394
2023-02-12,Bonanza,-5.5042
2023-02-13,Bonanza,-5.5403
2023-02-14,Bonanza,-5.5438
2023-02-15,Bonanza,-5.5739
2023-02-16,Bonanza,-5.6106
2023-02-17,Bonanza,-5.5724
2023-02-18,Bonanza,-5.5369
2023-02-19,Bonanza,-5.5176
2023-02-20,Bonanza,-5.4773
2023-02-21,Bonanza,-5.4537
2023-02-22,Bonanza,-5.4495
2023-02-23,Bonanza,-5.4307
2023-02-24,Bonanza,-5.4448
2023-02-25,Bonanza,-5.4753
2023-02-26,Bonanza,-5.5173
2023-02-27,Bonanza,-5.5533
2023-02-28,Bonanza,-5.5892
2023-03-01,Bonanza,-5.5602
2023-03-02,Bonanza,-5.6033
2023-03-03,Bonanza,-5.5722
2023-03-04,Bonanza,-5.5373
2023-03-05,Bonanza,-5.5002
2023-03-06,Bonanza,-5.4358
2023-03-07,Bonanza,-5.4294
2023-03-08,Bonanza,-5.4387
2023-03-09,Bonanza,-5.4433
2023-03-10,Bonanza,-5.5017
2023-03-11,Bonanza,-5.53
2023-03-12,Bonanza,-5.506
2023-03-13,Bonanza,-5.4845
2023-03-14,Bonanza,-5.5505
2023-03-15,Bonanza,-5.5357
2023-03-16,Bonanza,-5.4563
2023-03-17,Bonanza,-5.5116
2023-03-18,Bonanza,-5.5431
2023-03-19,Bonanza,-5.5652
2023-03-20,Bonanza,-5.5499
2023-03-21,Bonanza,-5.5086
2023-03-22,Bonanza,-5.4573
2023-03-23,Bonanza,-5.4172
2023-03-24,Bonanza,-5.4735
2023-03-25,Bonanza,-5.5152
2023-03-26,Bonanza,-5.5544
2023-03-27,Bonanza,-5.5719
2023-03-28,Bonanza,-5.5812
2023-03-29,Bonanza,-5.5331
2023-03-30,Bonanza,-5.6121
2023-03-31,Bonanza,-5.6254
2023-04-01,Bonanza,-5.625
2023-04-02,Bonanza,-5.6267
2023-04-03,Bonanza,-5.5819
2023-04-04,Bonanza,-5.4976
2023-04-05,Bonanza,-5.4661
2023-04-06,Bonanza,-5.4535
2023-04-07,Bonanza,-5.4476
2023-04-08,Bonanza,-5.4077
2023-04-09,Bonanza,-5.4651
2023-04-10,Bonanza,-5.5068
2023-04-11,Bonanza,-5.5341
2023-04-12,Bonanza,-5.5459
2023-04-13,Bonanza,-5.6002
2023-04-14,Bonanza,-5.6122
2023-04-15,Bonanza,-5.61
2023-04-16,Bonanza,-5.5956
2023-04-17,Bonanza,-5.511
2023-04-18,Bonanza,-5.4177
2023-04-19,Bonanza,-5.3726
2023-04-20,Bonanza,-5.3598
2023-04-21,Bonanza,-5.3403
2023-04-22,Bonanza,-5.3753
2023-04-23,Bonanza,-5.4266
2023-04-24,Bonanza,-5.4626
2023-04-25,Bonanza,-5.3474
2023-04-26,Bonanza,-5.484
2023-04-27,Bonanza,-5.4606
2023-04-28,Bonanza,-5.4525
2023-04-29,Bonanza,-5.5061
2023-04-30,Bonanza,-5.5497
2023-05-01,Bonanza,-5.5194
2023-05-02,Bonanza,-5.4927
2023-05-03,Bonanza,-5.4448
2023-05-04,Bonanza,-5.4991
2023-05-05,Bonanza,-5.4549
2023-05-06,Bonanza,-5.4346
2023-05-07,Bonanza,-5.4458
2023-05-08,Bonanza,-5.466
2023-05-09,Bonanza,-5.4823
2023-05-10,Bonanza,-5.4997
2023-05-11,Bonanza,-5.4897
2023-05-12,Bonanza,-5.4756
2023-05-13,Bonanza,-5.5414
2023-05-14,Bonanza,-5.5521
2023-05-15,Bonanza,-5.5722
2023-05-16,Bonanza,-5.5441
2023-05-17,Bonanza,-5.499
2023-05-18,Bonanza,-5.4787
2023-05-19,Bonanza,-5.4702
2023-05-20,Bonanza,-5.4312
2023-05-21,Bonanza,-5.411
2023-05-22,Bonanza,-5.4045
2023-05-23,Bonanza,-5.4183
2023-05-24,Bonanza,-5.4533
2023-05-25,Bonanza,-5.4761
2023-05-26,Bonanza,-5.4473
2023-05-27,Bonanza,-5.4785
2023-05-28,Bonanza,-5.4842
2023-05-29,Bonanza,-5.4917
2023-05-30,Bonanza,-5.5033
2023-05-31,Bonanza,-5.49
2023-06-01,Bonanza,-5.4436
2023-06-02,Bonanza,-5.4187
2023-06-03,Bonanza,-5.4076
2023-06-04,Bonanza,-5.3852
2023-06-05,Bonanza,-5.3675
2023-06-06,Bonanza,-5.3185
2023-06-07,Bonanza,-5.2887
2023-06-08,Bonanza,-5.2822
2023-06-09,Bonanza,-5.3249
2023-06-10,Bonanza,-5.3837
2023-06-11,Bonanza,-5.4168
2023-06-12,Bonanza,-5.4231
2023-06-13,Bonanza,-5.4269
2023-06-14,Bonanza,-5.4737
2023-06-15,Bonanza,-5.4769
2023-06-16,Bonanza,-5.4563
2023-06-17,Bonanza,-5.4015
2023-06-18,Bonanza,-5.358
2023-06-20,Bonanza,-5.3567
2023-06-21,Bonanza,-5.3802
2023-06-22,Bonanza,-5.4378
2023-06-23,Bonanza,-5.4511
2023-06-24,Bonanza,-5.3969
2023-06-25,Bonanza,-5.4002
2023-06-26,Bonanza,-5.4212
2023-06-27,Bonanza,-5.4276
2023-06-28,Bonanza,-5.4229
2023-06-29,Bonanza,-5.434
2023-06-30,Bonanza,-5.4539
2023-07-01,Bonanza,-5.4611
2023-07-02,Bonanza,-5.4524
2023-07-03,Bonanza,-5.4028
2023-07-04,Bonanza,-5.3725
2023-07-05,Bonanza,-5.337
2023-07-06,Bonanza,-5.3278
2023-07-07,Bonanza,-5.349
2023-07-08,Bonanza,-5.4115
2023-07-09,Bonanza,-5.4495
2023-07-10,Bonanza,-5.518
2023-07-11,Bonanza,-5.4761
2023-07-12,Bonanza,-5.4625
2023-07-13,Bonanza,-5.54
2023-07-14,Bonanza,-5.5133
2023-07-15,Bonanza,-5.4938
2023-07-16,Bonanza,-5.4854
2023-07-17,Bonanza,-5.4565
2023-07-18,Bonanza,-5.4505
2023-07-19,Bonanza,-5.4538
2023-07-20,Bonanza,-5.4524
2023-07-21,Bonanza,-5.1343
2023-07-22,Bonanza,-5.3668
2023-07-23,Bonanza,-5.4581
2023-07-24,Bonanza,-5.5073
2023-07-25,Bonanza,-5.5389
2023-07-26,Bonanza,-5.5337
2023-07-27,Bonanza,-5.5415
2023-07-28,Bonanza,-5.534
2023-07-29,Bonanza,-5.5466
2023-07-30,Bonanza,-5.5854
2023-07-31,Bonanza,-5.5441
2023-08-01,Bonanza,-5.4888
2023-08-02,Bonanza,-5.4262
2023-08-03,Bonanza,-5.4058
2023-08-04,Bonanza,-5.4048
2023-08-05,Bonanza,-5.1529
2023-08-06,Bonanza,-5.3649
2023-08-07,Bonanza,-5.3893
2023-08-08,Bonanza,-5.3937
2023-08-09,Bonanza,-5.7422
2023-08-10,Bonanza,-5.3574
2023-08-11,Bonanza,-5.5265
2023-08-12,Bonanza,-5.5217
2023-08-13,Bonanza,-5.5102
2023-08-14,Bonanza,-5.4747
2023-08-15,Bonanza,-5.4371
2023-08-16,Bonanza,-5.4477
2023-08-17,Bonanza,-5.4362
2023-08-18,Bonanza,-5.4437
2023-08-19,Bonanza,-5.4525
2023-08-20,Bonanza,-5.4193
2023-08-21,Bonanza,-5.4442
2023-08-22,Bonanza,-5.4225
2023-08-23,Bonanza,-5.3872
2023-08-24,Bonanza,-5.4104
2023-08-25,Bonanza,-5.4178
2023-08-26,Bonanza,-5.4182
2023-08-27,Bonanza,-5.5276
2023-08-28,Bonanza,-5.5235
2023-08-29,Bonanza,-5.4517
2023-08-30,Bonanza,-5.4035
2023-08-31,Bonanza,-5.3575
2023-09-01,Bonanza,-5.3188
2023-09-02,Bonanza,-5.2979
2023-09-03,Bonanza,-5.2356
2023-09-04,Bonanza,-5.3152
2023-09-05,Bonanza,-5.4017
2023-09-06,Bonanza,-5.409
2023-09-07,Bonanza,-5.4337
2023-09-08,Bonanza,-5.4417
2023-09-09,Bonanza,-5.4182
2023-09-10,Bonanza,-5.4558
2023-09-11,Bonanza,-5.4716
2023-09-12,Bonanza,-5.4543
2023-09-13,Bonanza,-5.4362
2023-09-14,Bonanza,-5.4075
2023-09-15,Bonanza,-5.3612
2023-09-16,Bonanza,-5.3556
2023-09-17,Bonanza,-5.3341
2023-09-18,Bonanza,-5.4182
2023-09-19,Bonanza,-5.4184
2023-09-20,Bonanza,-5.39
2023-09-21,Bonanza,-5.375
2023-09-22,Bonanza,-5.4846
2023-09-23,Bonanza,-5.5221
2023-09-24,Bonanza,-5.5393
2023-09-25,Bonanza,-5.4914
2023-09-26,Bonanza,-5.4691
2023-09-27,Bonanza,-5.4313
2023-09-28,Bonanza,-5.3984
2023-09-29,Bonanza,-5.3572
2023-09-30,Bonanza,-5.3349
2023-10-01,Bonanza,-5.2934
2023-10-02,Bonanza,-5.3696
2023-10-03,Bonanza,-5.406
2023-10-04,Bonanza,-5.4488
2023-10-05,Bonanza,-5.4629
2023-10-06,Bonanza,-5.4644
2023-10-07,Bonanza,-5.4564
2023-10-08,Bonanza,-5.4865
2023-10-09,Bonanza,-5.4577
2023-10-10,Bonanza,-5.4401
2023-10-11,Bonanza,-5.4289
2023-10-12,Bonanza,-5.4093
2023-10-13,Bonanza,-5.3861
2023-10-14,Bonanza,-5.3863
2023-10-15,Bonanza,-5.352
2023-10-16,Bonanza,-5.3191
2023-10-17,Bonanza,-5.2428
2023-10-18,Bonanza,-5.2777
2023-10-19,Bonanza,-5.1161
2023-10-20,Bonanza,-5.1574
2023-10-21,Bonanza,-5.3047
2023-10-22,Bonanza,-5.1581
2023-10-23,Bonanza,-5.2029
2023-10-24,Bonanza,-5.3604
2023-10-25,Bonanza,-5.3714
2023-10-26,Bonanza,-5.3448
2023-10-27,Bonanza,-5.3467
2023-10-28,Bonanza,-5.3254
2023-10-29,Bonanza,-5.2628
2023-10-30,Bonanza,-5.3615
2023-10-31,Bonanza,-5.3672
2023-11-01,Bonanza,-5.4588
2023-11-02,Bonanza,-5.5026
2023-11-03,Bonanza,-5.4143
2023-11-04,Bonanza,-5.3732
2023-11-05,Bonanza,-5.4222
2023-11-06,Bonanza,-5.4772
2023-11-07,Bonanza,-5.5653
2023-11-08,Bonanza,-5.5864
2023-11-09,Bonanza,-5.5618
2023-11-10,Bonanza,-5.5814
2023-11-11,Bonanza,-5.5846
2023-11-12,Bonanza,-5.5843
2023-11-13,Bonanza,-5.6098
2023-11-14,Bonanza,-5.5307
2023-11-15,Bonanza,-5.5159
2023-11-16,Bonanza,-5.5157
2023-11-17,Bonanza,-5.5124
2023-11-18,Bonanza,-5.5229
2023-11-19,Bonanza,-5.4378
2023-11-20,Bonanza,-5.4359
2023-11-21,Bonanza,-5.4914
2023-11-22,Bonanza,-5.589
2023-11-23,Bonanza,-5.5267
2023-11-24,Bonanza,-5.4975
2023-11-25,Bonanza,-5.5036
2023-11-26,Bonanza,-5.4477
2023-11-27,Bonanza,-5.5179
2023-11-28,Bonanza,-5.4332
2023-11-29,Bonanza,-5.3661
2023-11-30,Bonanza,-5.2877
2023-12-01,Bonanza,-5.2713
2023-12-02,Bonanza,-5.4465
2023-12-03,Bonanza,-5.4844
2023-12-04,Bonanza,-5.4429
2023-12-05,Bonanza,-5.4535
2023-12-06,Bonanza,-5.4172
2023-12-07,Bonanza,-5.4714
2023-12-08,Bonanza,-5.5135
2023-12-09,Bonanza,-5.5467
2023-12-10,Bonanza,-5.6015
2023-12-11,Bonanza,-5.5804
2023-12-12,Bonanza,-5.4681
2023-12-13,Bonanza,-5.4778
2023-12-14,Bonanza,-5.5521
2023-12-15,Bonanza,-5.5678
2023-12-16,Bonanza,-5.5455
2023-12-17,Bonanza,-5.5099
2023-12-18,Bonanza,-5.5478
2023-12-19,Bonanza,-5.5946
2023-12-20,Bonanza,-5.6107
2023-12-21,Bonanza,-5.7455
2023-12-22,Bonanza,-5.6273
2023-12-23,Bonanza,-5.6416
2023-12-24,Bonanza,-5.5902
2023-12-25,Bonanza,-5.5737
2023-12-26,Bonanza,-5.5201
2023-12-27,Bonanza,-5.5074
2023-12-28,Bonanza,-5.5031
2023-12-29,Bonanza,-5.4778
2023-12-30,Bonanza,-5.4692
2023-12-31,Bonanza,-5.4345
2024-01-01,Bonanza,-5.473
2024-01-02,Bonanza,-5.5039
2024-01-03,Bonanza,-5.4876
2024-01-04,Bonanza,-5.4282
2024-01-05,Bonanza,-5.4412
2024-01-06,Bonanza,-5.5432
2024-01-07,Bonanza,-5.6208
2024-01-08,Bonanza,-5.5306
2024-01-09,Bonanza,-5.4592
2024-01-10,Bonanza,-5.4449
2024-01-11,Bonanza,-5.4332
2024-01-12,Bonanza,-5.4293
2024-01-13,Bonanza,-5.3563
2024-01-14,Bonanza,-5.3169
2024-01-15,Bonanza,-5.3462
2024-01-16,Bonanza,-5.3302
2024-01-17,Bonanza,-5.2196
2024-01-18,Bonanza,-5.2989
2024-01-19,Bonanza,-5.2798
2024-01-20,Bonanza,-5.5312
2024-01-21,Bonanza,-5.6394
2024-01-22,Bonanza,-5.7221
2024-01-23,Bonanza,-5.6727
2024-01-24,Bonanza,-5.6489
2024-01-25,Bonanza,-5.6003
2024-01-26,Bonanza,-5.6177
2024-01-27,Bonanza,-5.5225
2024-01-28,Bonanza,-5.4799
2024-01-29,Bonanza,-5.5596
2024-01-30,Bonanza,-5.4872
2024-01-31,Bonanza,-5.5639
2024-02-01,Bonanza,-5.5886
2024-02-02,Bonanza,-5.585
2024-02-03,Bonanza,-5.5708
2024-02-04,Bonanza,-5.6233
2024-02-05,Bonanza,-5.6358
2024-02-06,Bonanza,-5.6086
2024-02-07,Bonanza,-5.6274
2024-02-08,Bonanza,-5.441
2024-02-09,Bonanza,-5.0459
2024-02-10,Bonanza,-5.1415
2024-02-11,Bonanza,-5.1971
2024-02-12,Bonanza,-5.2746
2024-02-13,Bonanza,-5.3025
2024-02-14,Bonanza,-5.3335
2024-02-15,Bonanza,-5.3399
2024-02-16,Bonanza,-5.5136
2024-02-17,Bonanza,-5.6035
2024-02-18,Bonanza,-5.6608
2024-02-19,Bonanza,-5.7096
2024-02-20,Bonanza,-5.6629
2024-02-21,Bonanza,-5.6141
2024-02-22,Bonanza,-5.5532
2024-02-23,Bonanza,-5.5407
2024-02-24,Bonanza,-5.526
2024-02-25,Bonanza,-5.472
2024-02-26,Bonanza,-5.5049
2024-02-27,Bonanza,-5.5658
2024-02-28,Bonanza,-5.5947
2024-02-29,Bonanza,-5.6121
2024-03-01,Bonanza,-5.6616
2024-03-02,Bonanza,-5.5813
2024-03-03,Bonanza,-5.6229
2024-03-04,Bonanza,-5.6569
2024-03-05,Bonanza,-5.7178
2024-03-06,Bonanza,-5.6611
2024-03-07,Bonanza,-5.5038
2024-03-08,Bonanza,-5.4623
2024-03-09,Bonanza,-5.2716
2024-03-10,Bonanza,-5.3433
2024-03-11,Bonanza,-5.553
2024-03-12,Bonanza,-5.3877
2024-03-13,Bonanza,-5.3641
2024-03-14,Bonanza,-5.4446
2024-03-15,Bonanza,-5.5202
2024-03-16,Bonanza,-5.5918
2024-03-17,Bonanza,-5.5399
2024-03-18,Bonanza,-5.5001
2024-03-19,Bonanza,-5.5292
2024-03-20,Bonanza,-5.5119
2024-03-21,Bonanza,-5.5056
2024-03-22,Bonanza,-5.4385
2024-03-23,Bonanza,-5.4072
2024-03-24,Bonanza,-5.3533
2024-03-25,Bonanza,-5.4173
2024-03-26,Bonanza,-5.2673
2024-03-27,Bonanza,-5.2683
2024-03-28,Bonanza,-5.1872
2024-03-29,Bonanza,-5.1201
2024-03-30,Bonanza,-5.0516
2024-03-31,Bonanza,-5.0256
2024-04-01,Bonanza,-5.2037
2024-04-02,Bonanza,-5.347
2024-04-03,Bonanza,-5.4242
2024-04-04,Bonanza,-5.4456
2024-04-05,Bonanza,-5.3868
2024-04-06,Bonanza,-5.2862
2024-04-07,Bonanza,-5.3074
2024-04-08,Bonanza,-5.3097
2024-04-09,Bonanza,-5.4038
2024-04-10,Bonanza,-5.4358
2024-04-11,Bonanza,-5.4182
2024-04-12,Bonanza,-5.4586
2024-04-13,Bonanza,-5.5002
2024-04-14,Bonanza,-5.5119
2024-04-15,Bonanza,-5.5183
2024-04-16,Bonanza,-5.477
2024-04-17,Bonanza,-5.479
2024-04-18,Bonanza,-5.443
2024-04-19,Bonanza,-5.4334
2024-04-20,Bonanza,-5.4096
2024-04-21,Bonanza,-5.4181
2024-04-22,Bonanza,-5.3894
2024-04-23,Bonanza,-5.3801
2024-04-24,Bonanza,-5.4161
2024-04-25,Bonanza,-5.3653
2024-04-26,Bonanza,-5.3481
2024-04-27,Bonanza,-5.2844
2024-04-28,Bonanza,-5.3388
2024-04-29,Bonanza,-5.4623
2024-04-30,Bonanza,-5.4977
2024-05-01,Bonanza,-5.5058
2024-05-02,Bonanza,-5.5545
2024-05-03,Bonanza,-5.5823
2024-05-04,Bonanza,-5.559
2024-05-05,Bonanza,-5.5713
2024-05-06,Bonanza,-5.5597
2024-05-07,Bonanza,-5.5142
2024-05-08,Bonanza,-5.4902
2024-05-09,Bonanza,-5.3781
2024-05-10,Bonanza,-5.4029
2024-05-11,Bonanza,-5.3918
2024-05-12,Bonanza,-5.417
2024-05-13,Bonanza,-5.3628
2024-05-14,Bonanza,-5.5078
2024-05-15,Bonanza,-5.5378
2024-05-16,Bonanza,-5.5499
2024-05-17,Bonanza,-5.5342
2024-05-18,Bonanza,-5.5192
2024-05-19,Bonanza,-5.5352
2024-05-20,Bonanza,-5.5578
2024-05-21,Bonanza,-5.5221
2024-05-22,Bonanza,-5.5142
2024-05-23,Bonanza,-5.4879
2024-05-24,Bonanza,-5.4539
2024-05-25,Bonanza,-5.4545
2024-05-26,Bonanza,-5.3961
2024-05-27,Bonanza,-5.4069
2024-05-28,Bonanza,-5.442
2024-05-29,Bonanza,-5.4326
2024-05-30,Bonanza,-5.4395
2024-05-31,Bonanza,-5.4321
2024-06-01,Bonanza,-5.387
2024-06-02,Bonanza,-5.4629
2024-06-03,Bonanza,-5.447
2024-06-04,Bonanza,-5.4137
2024-06-05,Bonanza,-5.405
2024-06-06,Bonanza,-5.366
2024-06-07,Bonanza,-5.3521
2024-06-08,Bonanza,-5.372
2024-06-09,Bonanza,-5.3411
2024-06-10,Bonanza,-5.3742
2024-06-11,Bonanza,-5.4339
2024-06-12,Bonanza,-5.4774
2024-06-13,Bonanza,-5.5155
2024-06-14,Bonanza,-5.5022
2024-06-15,Bonanza,-5.5037
2024-06-16,Bonanza,-5.5338
2024-06-17,Bonanza,-5.497
2024-06-18,Bonanza,-5.4982
2024-06-19,Bonanza,-5.508
2024-06-20,Bonanza,-5.5073
2024-06-21,Bonanza,-5.5408
2024-06-22,Bonanza,-5.5239
2024-06-23,Bonanza,-5.367
2024-06-24,Bonanza,-5.3671
2024-06-25,Bonanza,-5.33
2024-06-26,Bonanza,-5.3555
2024-06-27,Bonanza,-5.402
2024-06-28,Bonanza,-5.4386
2024-06-29,Bonanza,-5.4812
2024-06-30,Bonanza,-5.5151
2024-07-01,Bonanza,-5.5387
2024-07-02,Bonanza,-5.5377
2024-07-03,Bonanza,-5.4958
2024-07-04,Bonanza,-5.4422
2024-07-05,Bonanza,-5.3946
2024-07-06,Bonanza,-5.3983
2024-07-07,Bonanza,-5.3552
2024-07-08,Bonanza,-5.3133
2024-07-09,Bonanza,-5.4626
2024-07-10,Bonanza,-5.4829
2024-07-11,Bonanza,-5.4985
2024-07-12,Bonanza,-5.4868
2024-07-13,Bonanza,-5.4754
2024-07-14,Bonanza,-5.5093
2024-07-15,Bonanza,-5.5219
2024-07-16,Bonanza,-5.5522
2024-07-17,Bonanza,-5.538
2024-07-18,Bonanza,-5.5355
2024-07-19,Bonanza,-5.5077
2024-07-20,Bonanza,-5.4607
2024-07-21,Bonanza,-5.404
2024-07-22,Bonanza,-5.428
2024-07-23,Bonanza,-5.3628
2024-07-24,Bonanza,-5.3352
2024-07-25,Bonanza,-5.3135
2024-07-26,Bonanza,-5.3402
2024-07-27,Bonanza,-5.3759
2024-07-28,Bonanza,-5.414
2024-07-29,Bonanza,-5.4058
2024-07-30,Bonanza,-5.4445
2024-07-31,Bonanza,-5.4489
2024-08-01,Bonanza,-5.4413
2024-08-02,Bonanza,-5.4457
2024-08-03,Bonanza,-5.4504
2024-08-04,Bonanza,-5.3966
2024-08-05,Bonanza,-5.4031
2024-08-06,Bonanza,-5.383
2024-08-07,Bonanza,-5.3836
2024-08-08,Bonanza,-5.4067
2024-08-09,Bonanza,-5.4319
2024-08-10,Bonanza,-5.4244
2024-08-11,Bonanza,-5.3996
2024-08-12,Bonanza,-5.4491
2024-08-13,Bonanza,-5.4711
2024-08-14,Bonanza,-5.5083
2024-08-15,Bonanza,-5.5105
2024-08-16,Bonanza,-5.5
2024-08-17,Bonanza,-5.4846
2024-08-18,Bonanza,-5.4445
2024-08-19,Bonanza,-5.3867
2024-08-20,Bonanza,-5.3323
2024-08-21,Bonanza,-5.2934
2024-08-22,Bonanza,-5.3087
2024-08-23,Bonanza,-5.3205
2024-08-24,Bonanza,-5.3484
2024-08-25,Bonanza,-5.3997
2024-08-26,Bonanza,-5.4515
2024-08-27,Bonanza,-5.4399
2024-08-28,Bonanza,-5.4306
2024-08-29,Bonanza,-5.4344
2024-08-30,Bonanza,-5.4264
2024-08-31,Bonanza,-5.4074
2024-09-01,Bonanza,-5.3991
2024-09-02,Bonanza,-5.4015
2024-09-03,Bonanza,-5.3838
2024-09-04,Bonanza,-5.3923
2024-09-05,Bonanza,-5.3656
2024-09-06,Bonanza,-5.3588
2024-09-07,Bonanza,-5.3985
2024-09-08,Bonanza,-5.3762
2024-09-09,Bonanza,-5.4684
2024-09-10,Bonanza,-5.473
2024-09-11,Bonanza,-5.4458
2024-09-12,Bonanza,-5.432
2024-09-13,Bonanza,-5.4665
2024-09-14,Bonanza,-5.4586
2024-09-15,Bonanza,-5.4389
2024-09-16,Bonanza,-5.3836
2024-09-17,Bonanza,-5.3127
2024-09-18,Bonanza,-5.2487
2024-09-19,Bonanza,-5.2211
2024-09-20,Bonanza,-5.219
2024-09-21,Bonanza,-5.2563
2024-09-22,Bonanza,-5.2824
2024-09-23,Bonanza,-5.3744
2024-09-24,Bonanza,-5.4011
2024-09-25,Bonanza,-5.4261
2024-09-26,Bonanza,-5.431
2024-09-27,Bonanza,-5.4744
2024-09-28,Bonanza,-5.5069
2024-09-29,Bonanza,-5.4906
2024-09-30,Bonanza,-5.4618
2024-10-01,Bonanza,-5.4337
2024-10-02,Bonanza,-5.4064
2024-10-03,Bonanza,-5.3783
2024-10-04,Bonanza,-5.3723
2024-10-05,Bonanza,-5.384
2024-10-06,Bonanza,-5.3512
2024-10-07,Bonanza,-5.3431
2024-10-08,Bonanza,-5.4148
2024-10-09,Bonanza,-5.3603
2024-10-10,Bonanza,-5.4118
2024-10-11,Bonanza,-5.3912
2024-10-12,Bonanza,-5.3165
2024-10-13,Bonanza,-5.3741
2024-10-14,Bonanza,-5.3577
2024-10-15,Bonanza,-5.2355
2024-10-16,Bonanza,-5.1495
2024-10-17,Bonanza,-5.2219
2024-10-18,Bonanza,-5.3
2024-10-19,Bonanza,-5.3275
2024-10-20,Bonanza,-5.3298
2024-10-21,Bonanza,-5.292
2024-10-22,Bonanza,-5.4938
2024-10-23,Bonanza,-5.4561
2024-10-24,Bonanza,-5.4751
2024-10-25,Bonanza,-5.4343
2024-10-26,Bonanza,-5.4863
2024-10-27,Bonanza,-5.5072
2024-10-28,Bonanza,-5.4696
2024-10-29,Bonanza,-5.3776
2024-10-30,Bonanza,-5.2725
2024-10-31,Bonanza,-5.2705
2024-11-01,Bonanza,-5.2906
2024-11-02,Bonanza,-5.281
2024-11-03,Bonanza,-5.2683
2024-11-04,Bonanza,-5.3144
2024-11-05,Bonanza,-5.3764
2024-11-06,Bonanza,-5.3751
2024-11-07,Bonanza,-5.3593
2024-11-08,Bonanza,-5.3815
2024-11-09,Bonanza,-5.4704
2024-11-10,Bonanza,-5.5378
2024-11-11,Bonanza,-5.473
2024-11-12,Bonanza,-5.4199
2024-11-13,Bonanza,-5.3374
2024-11-14,Bonanza,-5.3091
2024-11-15,Bonanza,-5.2825
2024-11-16,Bonanza,-5.221
2024-11-17,Bonanza,-5.1861
2024-11-18,Bonanza,-5.3164
2024-11-19,Bonanza,-5.3433
2024-11-20,Bonanza,-5.3648
2024-11-21,Bonanza,-5.456
2024-11-22,Bonanza,-5.4594
2024-11-23,Bonanza,-5.4548
2024-11-24,Bonanza,-5.3645
2024-11-25,Bonanza,-5.4104
2024-11-26,Bonanza,-5.4873
2024-11-27,Bonanza,-5.5005
2024-11-28,Bonanza,-5.4364
2024-11-29,Bonanza,-5.428
2024-11-30,Bonanza,-5.4399
2024-12-01,Bonanza,-5.4135
2024-12-02,Bonanza,-5.4402
2024-12-03,Bonanza,-5.4368
2024-12-04,Bonanza,-5.4925
2024-12-05,Bonanza,-5.5249
2024-12-06,Bonanza,-5.5634
2024-12-07,Bonanza,-5.5654
2024-12-08,Bonanza,-5.576
2024-12-09,Bonanza,-5.5293
2024-12-10,Bonanza,-5.494
2024-12-11,Bonanza,-5.3209
2024-12-12,Bonanza,-5.5312
2024-12-13,Bonanza,-5.4781
2024-12-14,Bonanza,-5.5467
2024-12-15,Bonanza,-5.5796
2024-12-16,Bonanza,-5.5361
2024-12-17,Bonanza,-5.5102
2024-12-18,Bonanza,-5.5474
2024-12-19,Bonanza,-5.5429
2024-12-20,Bonanza,-5.576
2024-12-21,Bonanza,-5.6232
2024-12-22,Bonanza,-5.5918
2024-12-23,Bonanza,-5.6124
2024-12-24,Bonanza,-5.6077
2024-12-25,Bonanza,-5.5736
2024-12-26,Bonanza,-5.5476
2024-12-27,Bonanza,-5.5114
2024-12-28,Bonanza,-5.5386
2024-12-29,Bonanza,-5.5633
2024-12-30,Bonanza,-5.5807
2024-12-31,Bonanza,-5.5248
2009-07-17,Tarifa,-7.3929
2009-07-18,Tarifa,-7.4212
2009-07-19,Tarifa,-7.3814
2009-07-20,Tarifa,-7.3612
2009-07-21,Tarifa,-7.3084
2009-07-22,Tarifa,-7.3264
2009-07-23,Tarifa,-7.3628
2009-07-24,Tarifa,-7.3823
2009-07-25,Tarifa,-7.374
2009-07-26,Tarifa,-7.3462
2009-07-27,Tarifa,-7.347
2009-07-28,Tarifa,-7.3649
2009-07-29,Tarifa,-7.384
2009-07-30,Tarifa,-7.4069
2009-07-31,Tarifa,-7.3934
2009-08-01,Tarifa,-7.4007
2009-08-02,Tarifa,-7.3689
2009-08-03,Tarifa,-7.3521
2009-08-04,Tarifa,-7.3521
2009-08-05,Tarifa,-7.3513
2009-08-06,Tarifa,-7.378
2009-08-07,Tarifa,-7.3811
2009-08-08,Tarifa,-7.3532
2009-08-09,Tarifa,-7.3177
2009-08-10,Tarifa,-7.2885
2009-08-11,Tarifa,-7.2819
2009-08-12,Tarifa,-7.2995
2009-08-13,Tarifa,-7.2567
2009-08-14,Tarifa,-7.2146
2009-08-15,Tarifa,-7.1895
2009-08-16,Tarifa,-7.2067
2009-08-17,Tarifa,-7.253
2009-08-18,Tarifa,-7.2804
2009-08-19,Tarifa,-7.3007
2009-08-20,Tarifa,-7.3269
2009-08-21,Tarifa,-7.3014
2009-08-22,Tarifa,-7.2888
2009-08-23,Tarifa,-7.2873
2009-08-24,Tarifa,-7.3015
2009-08-25,Tarifa,-7.3294
2009-08-26,Tarifa,-7.3405
2009-08-27,Tarifa,-7.3228
2009-08-28,Tarifa,-7.3333
2009-08-29,Tarifa,-7.3208
2009-08-30,Tarifa,-7.2836
2009-08-31,Tarifa,-7.29
2009-09-01,Tarifa,-7.311
2009-09-02,Tarifa,-7.365
2009-09-03,Tarifa,-7.3759
2009-09-04,Tarifa,-7.37
2009-09-05,Tarifa,-7.3389
2009-09-06,Tarifa,-7.2966
2009-09-07,Tarifa,-7.2838
2009-09-08,Tarifa,-7.2744
2009-09-09,Tarifa,-7.2015
2009-09-10,Tarifa,-7.187
2009-09-11,Tarifa,-7.2131
2009-09-12,Tarifa,-7.2494
2009-09-13,Tarifa,-7.2349
2009-09-14,Tarifa,-7.255
2009-09-15,Tarifa,-7.2709
2009-09-16,Tarifa,-7.3055
2009-09-17,Tarifa,-7.3412
2009-09-18,Tarifa,-7.356
2009-09-19,Tarifa,-7.3829
2009-09-20,Tarifa,-7.3839
2009-09-21,Tarifa,-7.359
2009-09-22,Tarifa,-7.323
2009-09-23,Tarifa,-7.3077
2009-09-24,Tarifa,-7.3243
2009-09-25,Tarifa,-7.328
2009-09-26,Tarifa,-7.2857
2009-09-27,Tarifa,-7.2421
2009-09-28,Tarifa,-7.218
2009-09-29,Tarifa,-7.1907
2009-09-30,Tarifa,-7.2335
2009-10-01,Tarifa,-7.2542
2009-10-02,Tarifa,-7.349
2009-10-03,Tarifa,-7.3296
2009-10-04,Tarifa,-7.2798
2009-10-05,Tarifa,-7.2507
2009-10-06,Tarifa,-7.2671
2009-10-07,Tarifa,-7.2734
2009-10-08,Tarifa,-7.2698
2009-10-09,Tarifa,-7.2844
2009-10-10,Tarifa,-7.2794
2009-10-11,Tarifa,-7.2652
2009-10-12,Tarifa,-7.2774
2009-10-13,Tarifa,-7.2633
2009-10-14,Tarifa,-7.2406
2009-10-15,Tarifa,-7.2519
2009-10-16,Tarifa,-7.2584
2009-10-17,Tarifa,-7.2783
2009-10-18,Tarifa,-7.2922
2009-10-19,Tarifa,-7.2237
2009-10-20,Tarifa,-7.1397
2009-10-21,Tarifa,-7.1412
2009-10-22,Tarifa,-7.2575
2009-10-23,Tarifa,-7.3755
2009-10-24,Tarifa,-7.3782
2009-10-25,Tarifa,-7.3146
2009-10-26,Tarifa,-7.2584
2009-10-27,Tarifa,-7.2318
2009-10-28,Tarifa,-7.2317
2009-10-29,Tarifa,-7.2436
2009-10-30,Tarifa,-7.2518
2009-10-31,Tarifa,-7.2764
2009-11-01,Tarifa,-7.3004
2009-11-02,Tarifa,-7.3468
2009-11-03,Tarifa,-7.4089
2009-11-04,Tarifa,-7.3584
2009-11-05,Tarifa,-7.3321
2009-11-06,Tarifa,-7.3541
2009-11-07,Tarifa,-7.4012
2009-11-08,Tarifa,-7.4623
2009-11-09,Tarifa,-7.405
2009-11-10,Tarifa,-7.4332
2009-11-11,Tarifa,-7.4003
2009-11-12,Tarifa,-7.3336
2009-11-13,Tarifa,-7.3164
2009-11-14,Tarifa,-7.3094
2009-11-15,Tarifa,-7.3168
2009-11-16,Tarifa,-7.3032
2009-11-17,Tarifa,-7.2965
2009-11-18,Tarifa,-7.2927
2009-11-19,Tarifa,-7.3112
2009-11-20,Tarifa,-7.3076
2009-11-21,Tarifa,-7.3041
2009-11-22,Tarifa,-7.3749
2009-11-23,Tarifa,-7.3801
2009-11-24,Tarifa,-7.3508
2009-11-25,Tarifa,-7.3374
2009-11-26,Tarifa,-7.3178
2009-11-27,Tarifa,-7.3733
2009-11-28,Tarifa,-7.3344
2009-11-29,Tarifa,-7.2942
2009-11-30,Tarifa,-7.3844
2009-12-01,Tarifa,-7.4616
2009-12-02,Tarifa,-7.4431
2009-12-03,Tarifa,-7.4234
2009-12-04,Tarifa,-7.4664
2009-12-05,Tarifa,-7.4463
2009-12-06,Tarifa,-7.3722
2009-12-07,Tarifa,-7.366
2009-12-08,Tarifa,-7.3633
2009-12-09,Tarifa,-7.3984
2009-12-10,Tarifa,-7.3978
2009-12-11,Tarifa,-7.3506
2009-12-12,Tarifa,-7.3056
2009-12-13,Tarifa,-7.2051
2009-12-14,Tarifa,-7.2145
2009-12-15,Tarifa,-7.3092
2009-12-16,Tarifa,-7.2913
2009-12-17,Tarifa,-7.2927
2009-12-18,Tarifa,-7.2239
2009-12-19,Tarifa,-7.1154
2009-12-20,Tarifa,-7.1554
2009-12-21,Tarifa,-7.023
2009-12-22,Tarifa,-7.0266
2009-12-23,Tarifa,-7.0418
2009-12-24,Tarifa,-7.0238
2009-12-25,Tarifa,-7.0305
2009-12-26,Tarifa,-7.1164
2009-12-27,Tarifa,-7.216
2009-12-28,Tarifa,-7.226
2009-12-29,Tarifa,-7.2023
2009-12-30,Tarifa,-7.1739
2009-12-31,Tarifa,-7.2306
2010-01-01,Tarifa,-7.3065
2010-01-02,Tarifa,-7.2842
2010-01-03,Tarifa,-7.2451
2010-01-04,Tarifa,-7.1559
2010-01-05,Tarifa,-7.1995
2010-01-06,Tarifa,-7.19
2010-01-07,Tarifa,-7.116
2010-01-08,Tarifa,-7.2699
2010-01-09,Tarifa,-7.3925
2010-01-10,Tarifa,-7.3056
2010-01-11,Tarifa,-7.3428
2010-01-12,Tarifa,-7.3738
2010-01-13,Tarifa,-7.359
2010-01-14,Tarifa,-7.3833
2010-01-15,Tarifa,-7.3509
2010-01-16,Tarifa,-7.3473
2010-01-17,Tarifa,-7.3395
2010-01-18,Tarifa,-7.365
2010-01-19,Tarifa,-7.3858
2010-01-20,Tarifa,-7.4069
2010-01-21,Tarifa,-7.3991
2010-01-22,Tarifa,-7.3423
2010-01-23,Tarifa,-7.2485
2010-01-24,Tarifa,-7.2507
2010-01-25,Tarifa,-7.2529
2010-01-26,Tarifa,-7.2036
2010-01-27,Tarifa,-7.2518
2010-01-28,Tarifa,-7.3275
2010-01-29,Tarifa,-7.4101
2010-01-30,Tarifa,-7.389
2010-01-31,Tarifa,-7.3553
2010-02-01,Tarifa,-7.3079
2010-02-02,Tarifa,-7.3228
2010-02-03,Tarifa,-7.251
2010-02-04,Tarifa,-7.226
2010-02-05,Tarifa,-7.3501
2010-02-06,Tarifa,-7.4036
2010-02-07,Tarifa,-7.3813
2010-02-08,Tarifa,-7.3289
2010-02-09,Tarifa,-7.3196
2010-02-10,Tarifa,-7.3779
2010-02-11,Tarifa,-7.3472
2010-02-12,Tarifa,-7.2641
2010-02-13,Tarifa,-7.201
2010-02-14,Tarifa,-7.1836
2010-02-15,Tarifa,-7.0513
2010-02-16,Tarifa,-6.9837
2010-02-17,Tarifa,-7.0881
2010-02-18,Tarifa,-6.9642
2010-02-19,Tarifa,-7.067
2010-02-20,Tarifa,-7.1787
2010-02-21,Tarifa,-7.063
2010-02-22,Tarifa,-7.0858
2010-02-23,Tarifa,-7.194
2010-02-24,Tarifa,-7.2689
2010-02-25,Tarifa,-7.2466
2010-02-26,Tarifa,-7.2085
2010-02-27,Tarifa,-7.1505
2010-02-28,Tarifa,-7.197
2010-03-01,Tarifa,-7.2638
2010-03-02,Tarifa,-7.1363
2010-03-03,Tarifa,-7.1793
2010-03-04,Tarifa,-7.2755
2010-03-05,Tarifa,-7.1795
2010-03-06,Tarifa,-7.0798
2010-03-07,Tarifa,-7.1332
2010-03-08,Tarifa,-7.2377
2010-03-09,Tarifa,-7.1948
2010-03-10,Tarifa,-7.2366
2010-03-11,Tarifa,-7.2109
2010-03-12,Tarifa,-7.2326
2010-03-13,Tarifa,-7.3294
2010-03-14,Tarifa,-7.3759
2010-03-15,Tarifa,-7.3318
2010-03-16,Tarifa,-7.2781
2010-03-17,Tarifa,-7.3141
2010-03-18,Tarifa,-7.3323
2010-03-19,Tarifa,-7.345
2010-03-20,Tarifa,-7.3417
2010-03-21,Tarifa,-7.3427
2010-03-22,Tarifa,-7.3614
2010-03-23,Tarifa,-7.3299
2010-03-24,Tarifa,-7.2927
2010-03-25,Tarifa,-7.3155
2010-03-26,Tarifa,-7.4046
2010-03-27,Tarifa,-7.4467
2010-03-28,Tarifa,-7.4139
2010-03-29,Tarifa,-7.3928
2010-03-30,Tarifa,-7.4267
2010-03-31,Tarifa,-7.4438
2010-04-01,Tarifa,-7.4156
2010-04-02,Tarifa,-7.4174
2010-04-03,Tarifa,-7.3911
2010-04-04,Tarifa,-7.4161
2010-04-05,Tarifa,-7.3807
2010-04-06,Tarifa,-7.3761
2010-04-07,Tarifa,-7.4278
2010-04-08,Tarifa,-7.3667
2010-04-09,Tarifa,-7.3281
2010-04-10,Tarifa,-7.3096
2010-04-11,Tarifa,-7.3468
2010-04-12,Tarifa,-7.312
2010-04-13,Tarifa,-7.2673
2010-04-14,Tarifa,-7.2227
2010-04-15,Tarifa,-7.2119
2010-04-16,Tarifa,-7.2374
2010-04-17,Tarifa,-7.2361
2010-04-18,Tarifa,-7.2186
2010-04-19,Tarifa,-7.2574
2010-04-20,Tarifa,-7.2368
2010-04-21,Tarifa,-7.2104
2010-04-22,Tarifa,-7.2297
2010-04-23,Tarifa,-7.2781
2010-04-24,Tarifa,-7.3169
2010-04-25,Tarifa,-7.3383
2010-04-26,Tarifa,-7.3582
2010-04-27,Tarifa,-7.3517
2010-04-28,Tarifa,-7.3251
2010-04-29,Tarifa,-7.316
2010-04-30,Tarifa,-7.3088
2010-05-01,Tarifa,-7.3311
2010-05-02,Tarifa,-7.3197
2010-05-03,Tarifa,-7.3426
2010-05-04,Tarifa,-7.3696
2010-05-05,Tarifa,-7.4097
2010-05-06,Tarifa,-7.3491
2010-05-07,Tarifa,-7.3639
2010-05-08,Tarifa,-7.3284
2010-05-09,Tarifa,-7.3035
2010-05-10,Tarifa,-7.2904
2010-05-11,Tarifa,-7.2862
2010-05-12,Tarifa,-7.335
2010-05-13,Tarifa,-7.3537
2010-05-14,Tarifa,-7.4046
2010-05-15,Tarifa,-7.4627
2010-05-16,Tarifa,-7.374
2010-05-17,Tarifa,-7.3694
2010-05-18,Tarifa,-7.3716
2010-05-19,Tarifa,-7.3659
2010-05-20,Tarifa,-7.3241
2010-05-21,Tarifa,-7.3089
2010-05-22,Tarifa,-7.3276
2010-05-23,Tarifa,-7.2954
2010-05-24,Tarifa,-7.3207
2010-05-25,Tarifa,-7.3653
2010-05-26,Tarifa,-7.3628
2010-05-27,Tarifa,-7.3809
2010-05-28,Tarifa,-7.416
2010-05-29,Tarifa,-7.4364
2010-05-30,Tarifa,-7.4389
2010-05-31,Tarifa,-7.4534
2010-06-01,Tarifa,-7.398
2010-06-02,Tarifa,-7.35
2010-06-03,Tarifa,-7.3359
2010-06-04,Tarifa,-7.3248
2010-06-05,Tarifa,-7.295
2010-06-06,Tarifa,-7.3584
2010-06-07,Tarifa,-7.3618
2010-06-08,Tarifa,-7.3415
2010-06-09,Tarifa,-7.2756
2010-06-10,Tarifa,-7.3008
2010-06-11,Tarifa,-7.3518
2010-06-12,Tarifa,-7.3525
2010-06-13,Tarifa,-7.3245
2010-06-14,Tarifa,-7.3023
2010-06-15,Tarifa,-7.2758
2010-06-16,Tarifa,-7.2757
2010-06-17,Tarifa,-7.2772
2010-06-18,Tarifa,-7.3364
2010-06-19,Tarifa,-7.3864
2010-06-20,Tarifa,-7.3441
2010-06-21,Tarifa,-7.3656
2010-06-22,Tarifa,-7.3444
2010-06-23,Tarifa,-7.3083
2010-06-24,Tarifa,-7.311
2010-06-25,Tarifa,-7.3419
2010-06-26,Tarifa,-7.3115
2010-06-27,Tarifa,-7.2955
2010-06-28,Tarifa,-7.3125
2010-06-29,Tarifa,-7.3077
2010-06-30,Tarifa,-7.294
2010-07-01,Tarifa,-7.2702
2010-07-02,Tarifa,-7.2586
2010-07-03,Tarifa,-7.2493
2010-07-04,Tarifa,-7.2423
2010-07-05,Tarifa,-7.2848
2010-07-06,Tarifa,-7.2774
2010-07-07,Tarifa,-7.2436
2010-07-08,Tarifa,-7.2555
2010-07-09,Tarifa,-7.2706
2010-07-10,Tarifa,-7.2887
2010-07-11,Tarifa,-7.303
2010-07-12,Tarifa,-7.3387
2010-07-13,Tarifa,-7.3662
2010-07-14,Tarifa,-7.3646
2010-07-15,Tarifa,-7.3575
2010-07-16,Tarifa,-7.3527
2010-07-17,Tarifa,-7.3247
2010-07-18,Tarifa,-7.3146
2010-07-19,Tarifa,-7.3314
2010-07-20,Tarifa,-7.3354
2010-07-21,Tarifa,-7.336
2010-07-22,Tarifa,-7.3379
2010-07-23,Tarifa,-7.3722
2010-07-24,Tarifa,-7.3655
2010-07-25,Tarifa,-7.3786
2010-07-26,Tarifa,-7.325
2010-07-27,Tarifa,-7.2335
2010-07-28,Tarifa,-7.2487
2010-07-29,Tarifa,-7.2661
2010-07-30,Tarifa,-7.2752
2010-07-31,Tarifa,-7.2539
2010-08-01,Tarifa,-7.2388
2010-08-02,Tarifa,-7.2817
2010-08-03,Tarifa,-7.3144
2010-08-04,Tarifa,-7.3262
2010-08-05,Tarifa,-7.3046
2010-08-06,Tarifa,-7.2544
2010-08-07,Tarifa,-7.2029
2010-08-08,Tarifa,-7.2517
2010-08-09,Tarifa,-7.2633
2010-08-10,Tarifa,-7.2757
2010-08-11,Tarifa,-7.2925
2010-08-12,Tarifa,-7.2741
2010-08-13,Tarifa,-7.2473
2010-08-14,Tarifa,-7.2223
2010-08-15,Tarifa,-7.2673
2010-08-16,Tarifa,-7.3
2010-08-17,Tarifa,-7.2827
2010-08-18,Tarifa,-7.2571
2010-08-19,Tarifa,-7.2627
2010-08-20,Tarifa,-7.2793
2010-08-21,Tarifa,-7.2853
2010-08-22,Tarifa,-7.3346
2010-08-23,Tarifa,-7.361
2010-08-24,Tarifa,-7.3529
2010-08-25,Tarifa,-7.3152
2010-08-26,Tarifa,-7.2972
2010-08-27,Tarifa,-7.2999
2010-08-28,Tarifa,-7.3139
2010-08-29,Tarifa,-7.3047
2010-08-30,Tarifa,-7.261
2010-08-31,Tarifa,-7.1961
2010-09-01,Tarifa,-7.1704
2010-09-02,Tarifa,-7.1813
2010-09-03,Tarifa,-7.1956
2010-09-04,Tarifa,-7.2237
2010-09-05,Tarifa,-7.2229
2010-09-06,Tarifa,-7.26
2010-09-07,Tarifa,-7.3095
2010-09-08,Tarifa,-7.3026
2010-09-09,Tarifa,-7.3064
2010-09-10,Tarifa,-7.2762
2010-09-11,Tarifa,-7.2525
2010-09-12,Tarifa,-7.2386
2010-09-13,Tarifa,-7.284
2010-09-14,Tarifa,-7.2956
2010-09-15,Tarifa,-7.256
2010-09-16,Tarifa,-7.2396
2010-09-17,Tarifa,-7.2197
2010-09-18,Tarifa,-7.2753
2010-09-19,Tarifa,-7.2731
2010-09-20,Tarifa,-7.2896
2010-09-21,Tarifa,-7.2753
2010-09-22,Tarifa,-7.26
2010-09-23,Tarifa,-7.2753
2010-09-24,Tarifa,-7.3054
2010-09-25,Tarifa,-7.3223
2010-09-26,Tarifa,-7.2938
2010-09-27,Tarifa,-7.281
2010-09-28,Tarifa,-7.3024
2010-09-29,Tarifa,-7.3074
2010-09-30,Tarifa,-7.2807
2010-10-01,Tarifa,-7.2545
2010-10-02,Tarifa,-7.2391
2010-10-03,Tarifa,-7.2736
2010-10-04,Tarifa,-7.2898
2010-10-05,Tarifa,-7.2936
2010-10-06,Tarifa,-7.2777
2010-10-07,Tarifa,-7.2972
2010-10-08,Tarifa,-7.2639
2010-10-09,Tarifa,-7.2185
2010-10-10,Tarifa,-7.1873
2010-10-11,Tarifa,-7.1171
2010-10-12,Tarifa,-7.1279
2010-10-13,Tarifa,-7.1801
2010-10-14,Tarifa,-7.2242
2010-10-15,Tarifa,-7.2287
2010-10-16,Tarifa,-7.2171
2010-10-17,Tarifa,-7.187
2010-10-18,Tarifa,-7.2353
2010-10-19,Tarifa,-7.253
2010-10-20,Tarifa,-7.2319
2010-10-21,Tarifa,-7.1774
2010-10-22,Tarifa,-7.1562
2010-10-23,Tarifa,-7.1764
2010-10-24,Tarifa,-7.2359
2010-10-25,Tarifa,-7.2918
2010-10-26,Tarifa,-7.2914
2010-10-27,Tarifa,-7.3022
2010-10-28,Tarifa,-7.3028
2010-10-29,Tarifa,-7.2769
2010-10-30,Tarifa,-7.2647
2010-10-31,Tarifa,-7.2858
2010-11-01,Tarifa,-7.3531
2010-11-02,Tarifa,-7.3788
2010-11-03,Tarifa,-7.3874
2010-11-04,Tarifa,-7.3778
2010-11-05,Tarifa,-7.3357
2010-11-06,Tarifa,-7.3778
2010-11-07,Tarifa,-7.3638
2010-11-08,Tarifa,-7.3891
2010-11-09,Tarifa,-7.317
2010-11-10,Tarifa,-7.2933
2010-11-11,Tarifa,-7.331
2010-11-12,Tarifa,-7.371
2010-11-13,Tarifa,-7.3224
2010-11-14,Tarifa,-7.2559
2010-11-15,Tarifa,-7.326
2010-11-16,Tarifa,-7.3661
2010-11-17,Tarifa,-7.3405
2010-11-18,Tarifa,-7.3162
2010-11-19,Tarifa,-7.2739
2010-11-20,Tarifa,-7.2811
2010-11-21,Tarifa,-7.3126
2010-11-22,Tarifa,-7.3031
2010-11-23,Tarifa,-7.2912
2010-11-24,Tarifa,-7.2459
2010-11-25,Tarifa,-7.2219
2010-11-26,Tarifa,-7.1446
2010-11-27,Tarifa,-7.0235
2010-11-28,Tarifa,-7.1219
2010-11-29,Tarifa,-7.0048
2010-11-30,Tarifa,-7.0135
2010-12-01,Tarifa,-7.1237
2010-12-02,Tarifa,-7.1881
2010-12-03,Tarifa,-7.233
2010-12-04,Tarifa,-7.2042
2010-12-05,Tarifa,-7.1693
2010-12-06,Tarifa,-7.1872
2010-12-07,Tarifa,-7.1573
2010-12-08,Tarifa,-7.1763
2010-12-09,Tarifa,-7.1916
2010-12-10,Tarifa,-7.2312
2010-12-11,Tarifa,-7.2321
2010-12-12,Tarifa,-7.246
2010-12-13,Tarifa,-7.2292
2010-12-14,Tarifa,-7.2117
2010-12-15,Tarifa,-7.247
2010-12-16,Tarifa,-7.2648
2010-12-17,Tarifa,-7.1891
2010-12-18,Tarifa,-7.0693
2010-12-19,Tarifa,-7.1471
2010-12-20,Tarifa,-7.1507
2010-12-21,Tarifa,-7.0907
2010-12-22,Tarifa,-7.0473
2010-12-23,Tarifa,-7.2536
2010-12-24,Tarifa,-7.2868
2010-12-25,Tarifa,-7.2428
2010-12-26,Tarifa,-7.2546
2010-12-27,Tarifa,-7.2839
2010-12-28,Tarifa,-7.2496
2010-12-29,Tarifa,-7.2017
2010-12-30,Tarifa,-7.1606
2010-12-31,Tarifa,-7.2176
2011-01-01,Tarifa,-7.2778
2011-01-02,Tarifa,-7.3261
2011-01-03,Tarifa,-7.3433
2011-01-04,Tarifa,-7.3207
2011-01-05,Tarifa,-7.2791
2011-01-06,Tarifa,-7.2684
2011-01-07,Tarifa,-7.2463
2011-01-08,Tarifa,-7.2546
2011-01-09,Tarifa,-7.2999
2011-01-10,Tarifa,-7.3458
2011-01-11,Tarifa,-7.3809
2011-01-12,Tarifa,-7.3749
2011-01-13,Tarifa,-7.3551
2011-01-14,Tarifa,-7.3529
2011-01-15,Tarifa,-7.3577
2011-01-16,Tarifa,-7.3738
2011-01-17,Tarifa,-7.3714
2011-01-18,Tarifa,-7.343
2011-01-19,Tarifa,-7.3313
2011-01-20,Tarifa,-7.3476
2011-01-21,Tarifa,-7.3144
2011-01-22,Tarifa,-7.2754
2011-01-23,Tarifa,-7.1878
2011-01-24,Tarifa,-7.1762
2011-01-25,Tarifa,-7.1577
2011-01-26,Tarifa,-7.0654
2011-01-27,Tarifa,-7.0782
2011-01-28,Tarifa,-7.2078
2011-01-29,Tarifa,-7.2267
2011-01-30,Tarifa,-7.2108
2011-01-31,Tarifa,-7.2737
2011-02-01,Tarifa,-7.3232
2011-02-02,Tarifa,-7.3605
2011-02-03,Tarifa,-7.4077
2011-02-04,Tarifa,-7.4415
2011-02-05,Tarifa,-7.4026
2011-02-06,Tarifa,-7.3855
2011-02-07,Tarifa,-7.4036
2011-02-08,Tarifa,-7.4025
2011-02-09,Tarifa,-7.3857
2011-02-10,Tarifa,-7.3786
2011-02-11,Tarifa,-7.337
2011-02-12,Tarifa,-7.35
2011-02-13,Tarifa,-7.3629
2011-02-14,Tarifa,-7.4015
2011-02-15,Tarifa,-7.3748
2011-02-16,Tarifa,-7.3147
2011-02-17,Tarifa,-7.3524
2011-02-18,Tarifa,-7.421
2011-02-19,Tarifa,-7.4383
2011-02-20,Tarifa,-7.4001
2011-02-21,Tarifa,-7.4635
2011-02-22,Tarifa,-7.4471
2011-02-23,Tarifa,-7.4105
2011-02-24,Tarifa,-7.4257
2011-02-25,Tarifa,-7.4065
2011-02-26,Tarifa,-7.3999
2011-02-27,Tarifa,-7.4102
2011-02-28,Tarifa,-7.3894
2011-03-01,Tarifa,-7.3767
2011-03-02,Tarifa,-7.3734
2011-03-03,Tarifa,-7.3298
2011-03-04,Tarifa,-7.3046
2011-03-05,Tarifa,-7.337
2011-03-06,Tarifa,-7.3179
2011-03-07,Tarifa,-7.2612
2011-03-08,Tarifa,-7.1748
2011-03-09,Tarifa,-7.2257
2011-03-10,Tarifa,-7.2347
2011-03-11,Tarifa,-7.1183
2011-03-12,Tarifa,-7.096
2011-03-13,Tarifa,-7.1204
2011-03-14,Tarifa,-7.1252
2011-03-15,Tarifa,-7.2434
2011-03-16,Tarifa,-7.3183
2011-03-17,Tarifa,-7.3975
2011-03-18,Tarifa,-7.4234
2011-03-19,Tarifa,-7.4163
2011-03-20,Tarifa,-7.3721
2011-03-21,Tarifa,-7.3267
2011-03-22,Tarifa,-7.2754
2011-03-23,Tarifa,-7.2575
2011-03-24,Tarifa,-7.2758
2011-03-25,Tarifa,-7.3004
2011-03-26,Tarifa,-7.3141
2011-03-27,Tarifa,-7.3907
2011-03-28,Tarifa,-7.4089
2011-03-29,Tarifa,-7.4457
2011-03-30,Tarifa,-7.4617
2011-03-31,Tarifa,-7.4643
2011-04-01,Tarifa,-7.4175
2011-04-02,Tarifa,-7.3782
2011-04-03,Tarifa,-7.3893
2011-04-04,Tarifa,-7.3904
2011-04-05,Tarifa,-7.3405
2011-04-06,Tarifa,-7.3501
2011-04-07,Tarifa,-7.3565
2011-04-08,Tarifa,-7.3546
2011-04-09,Tarifa,-7.4114
2011-04-10,Tarifa,-7.4172
2011-04-11,Tarifa,-7.3676
2011-04-12,Tarifa,-7.3253
2011-04-13,Tarifa,-7.3139
2011-04-14,Tarifa,-7.31
2011-04-15,Tarifa,-7.2912
2011-04-16,Tarifa,-7.2883
2011-04-17,Tarifa,-7.2903
2011-04-18,Tarifa,-7.2733
2011-04-19,Tarifa,-7.2429
2011-04-20,Tarifa,-7.1906
2011-04-21,Tarifa,-7.1907
2011-04-22,Tarifa,-7.2051
2011-04-23,Tarifa,-7.207
2011-04-24,Tarifa,-7.1901
2011-04-25,Tarifa,-7.262
2011-04-26,Tarifa,-7.2949
2011-04-27,Tarifa,-7.2596
2011-04-28,Tarifa,-7.2407
2011-04-29,Tarifa,-7.1832
2011-04-30,Tarifa,-7.1896
2011-05-01,Tarifa,-7.1627
2011-05-02,Tarifa,-7.181
2011-05-03,Tarifa,-7.2948
2011-05-04,Tarifa,-7.3082
2011-05-05,Tarifa,-7.2395
2011-05-06,Tarifa,-7.1835
2011-05-07,Tarifa,-7.2555
2011-05-08,Tarifa,-7.2953
2011-05-09,Tarifa,-7.2643
2011-05-10,Tarifa,-7.2699
2011-05-11,Tarifa,-7.2666
2011-05-12,Tarifa,-7.2735
2011-05-13,Tarifa,-7.2644
2011-05-14,Tarifa,-7.2636
2011-05-15,Tarifa,-7.2998
2011-05-16,Tarifa,-7.3341
2011-05-17,Tarifa,-7.3122
2011-05-18,Tarifa,-7.2436
2011-05-19,Tarifa,-7.2382
2011-05-20,Tarifa,-7.2601
2011-05-21,Tarifa,-7.296
2011-05-22,Tarifa,-7.3344
2011-05-23,Tarifa,-7.3251
2011-05-24,Tarifa,-7.3263
2011-05-25,Tarifa,-7.3485
2011-05-26,Tarifa,-7.3467
2011-05-27,Tarifa,-7.2984
2011-05-28,Tarifa,-7.2814
2011-05-29,Tarifa,-7.2905
2011-05-30,Tarifa,-7.3046
2011-05-31,Tarifa,-7.3248
2011-06-01,Tarifa,-7.3167
2011-06-02,Tarifa,-7.2895
2011-06-03,Tarifa,-7.2603
2011-06-04,Tarifa,-7.2242
2011-06-05,Tarifa,-7.1963
2011-06-06,Tarifa,-7.2226
2011-06-07,Tarifa,-7.3307
2011-06-08,Tarifa,-7.337
2011-06-09,Tarifa,-7.3306
2011-06-10,Tarifa,-7.3558
2011-06-11,Tarifa,-7.3506
2011-06-12,Tarifa,-7.3187
2011-06-13,Tarifa,-7.3437
2011-06-14,Tarifa,-7.3705
2011-06-15,Tarifa,-7.355
2011-06-16,Tarifa,-7.2125
2011-06-18,Tarifa,-7.2916
2011-06-19,Tarifa,-7.327
2011-06-20,Tarifa,-7.341
2011-06-21,Tarifa,-7.3081
2011-06-22,Tarifa,-7.3055
2011-06-28,Tarifa,-7.2438
2011-06-29,Tarifa,-7.3001
2011-06-30,Tarifa,-7.2916
2011-07-01,Tarifa,-7.3238
2011-07-02,Tarifa,-7.2671
2011-07-03,Tarifa,-7.311
2011-07-04,Tarifa,-7.3194
2011-07-05,Tarifa,-7.3094
2011-07-06,Tarifa,-7.322
2011-07-07,Tarifa,-7.3489
2011-07-08,Tarifa,-7.3393
2011-07-09,Tarifa,-7.33
2011-07-10,Tarifa,-7.3362
2011-07-11,Tarifa,-7.3403
2011-07-12,Tarifa,-7.3649
2011-07-13,Tarifa,-7.392
2011-07-14,Tarifa,-7.3521
2011-07-15,Tarifa,-7.3175
2011-07-16,Tarifa,-7.315
2011-07-17,Tarifa,-7.3368
2011-07-18,Tarifa,-7.3473
2011-07-19,Tarifa,-7.3401
2011-07-20,Tarifa,-7.3026
2011-07-21,Tarifa,-7.2487
2011-07-22,Tarifa,-7.2693
2011-07-23,Tarifa,-7.3272
2011-07-24,Tarifa,-7.3436
2011-07-25,Tarifa,-7.2899
2011-07-26,Tarifa,-7.2113
2011-07-27,Tarifa,-7.1843
2011-07-28,Tarifa,-7.2476
2011-07-29,Tarifa,-7.3199
2011-07-30,Tarifa,-7.3438
2011-07-31,Tarifa,-7.2893
2011-08-01,Tarifa,-7.2319
2011-08-02,Tarifa,-7.2972
2011-08-03,Tarifa,-7.3037
2011-08-04,Tarifa,-7.3412
2011-08-05,Tarifa,-7.3353
2011-08-06,Tarifa,-7.3254
2011-08-07,Tarifa,-7.3
2011-08-08,Tarifa,-7.306
2011-08-09,Tarifa,-7.2959
2011-08-10,Tarifa,-7.3015
2011-08-11,Tarifa,-7.2814
2011-08-12,Tarifa,-7.2667
2011-08-13,Tarifa,-7.2592
2011-08-14,Tarifa,-7.2803
2011-08-15,Tarifa,-7.2921
2011-08-16,Tarifa,-7.2929
2011-08-17,Tarifa,-7.2758
2011-08-18,Tarifa,-7.2503
2011-08-19,Tarifa,-7.2147
2011-08-20,Tarifa,-7.2082
2011-08-21,Tarifa,-7.2716
2011-08-22,Tarifa,-7.2853
2011-08-23,Tarifa,-7.2869
2011-08-24,Tarifa,-7.3145
2011-08-25,Tarifa,-7.3426
2011-08-26,Tarifa,-7.3723
2011-08-27,Tarifa,-7.3564
2011-08-28,Tarifa,-7.3515
2011-08-29,Tarifa,-7.3642
2011-08-30,Tarifa,-7.3506
2011-08-31,Tarifa,-7.282
2011-09-01,Tarifa,-7.2405
2011-09-02,Tarifa,-7.2598
2011-09-03,Tarifa,-7.2895
2011-09-04,Tarifa,-7.3154
2011-09-05,Tarifa,-7.3301
2011-09-06,Tarifa,-7.3479
2011-09-07,Tarifa,-7.3599
2011-09-08,Tarifa,-7.3672
2011-09-09,Tarifa,-7.301
2011-09-10,Tarifa,-7.3097
2011-09-11,Tarifa,-7.3376
2011-09-12,Tarifa,-7.3166
2011-09-13,Tarifa,-7.2739
2011-09-14,Tarifa,-7.2246
2011-09-15,Tarifa,-7.2337
2011-09-16,Tarifa,-7.2514
2011-09-17,Tarifa,-7.2546
2011-09-18,Tarifa,-7.2725
2011-09-19,Tarifa,-7.283
2011-09-20,Tarifa,-7.2482
2011-09-21,Tarifa,-7.2806
2011-09-22,Tarifa,-7.2838
2011-09-23,Tarifa,-7.2841
2011-09-24,Tarifa,-7.2724
2011-09-25,Tarifa,-7.269
2011-09-26,Tarifa,-7.3012
2011-09-27,Tarifa,-7.3251
2011-09-28,Tarifa,-7.3116
2011-09-29,Tarifa,-7.2916
2011-09-30,Tarifa,-7.249
2011-10-01,Tarifa,-7.2281
2011-10-02,Tarifa,-7.2366
2011-10-03,Tarifa,-7.2298
2011-10-04,Tarifa,-7.233
2011-10-05,Tarifa,-7.2474
2011-10-06,Tarifa,-7.2682
2011-10-07,Tarifa,-7.3106
2011-10-08,Tarifa,-7.343
2011-10-09,Tarifa,-7.3516
2011-10-10,Tarifa,-7.3297
2011-10-11,Tarifa,-7.3072
2011-10-12,Tarifa,-7.2504
2011-10-13,Tarifa,-7.2215
2011-10-14,Tarifa,-7.25
2011-10-15,Tarifa,-7.2329
2011-10-16,Tarifa,-7.2265
2011-10-17,Tarifa,-7.1854
2011-10-18,Tarifa,-7.167
2011-10-19,Tarifa,-7.1709
2011-10-20,Tarifa,-7.184
2011-10-21,Tarifa,-7.1803
2011-10-22,Tarifa,-7.1744
2011-10-23,Tarifa,-7.2068
2011-10-24,Tarifa,-7.2027
2011-10-25,Tarifa,-7.2185
2011-10-26,Tarifa,-7.2146
2011-10-27,Tarifa,-7.2117
2011-10-28,Tarifa,-7.223
2011-10-29,Tarifa,-7.2465
2011-10-30,Tarifa,-7.2503
2011-10-31,Tarifa,-7.2532
2011-11-01,Tarifa,-7.2437
2011-11-02,Tarifa,-7.1449
2011-11-03,Tarifa,-7.1099
2011-11-04,Tarifa,-7.0788
2011-11-05,Tarifa,-7.2061
2011-11-06,Tarifa,-7.3196
2011-11-07,Tarifa,-7.3012
2011-11-08,Tarifa,-7.3148
2011-11-09,Tarifa,-7.334
2011-11-10,Tarifa,-7.3482
2011-11-11,Tarifa,-7.294
2011-11-12,Tarifa,-7.1979
2011-11-13,Tarifa,-7.1737
2011-11-14,Tarifa,-7.1874
2011-11-15,Tarifa,-7.2152
2011-11-16,Tarifa,-7.1834
2011-11-17,Tarifa,-7.1894
2011-11-18,Tarifa,-7.1666
2011-11-19,Tarifa,-7.1242
2011-11-20,Tarifa,-7.1061
2011-11-21,Tarifa,-7.154
2011-11-22,Tarifa,-7.2462
2011-11-23,Tarifa,-7.3065
2011-11-24,Tarifa,-7.307
2011-11-25,Tarifa,-7.3258
2011-11-26,Tarifa,-7.297
2011-11-27,Tarifa,-7.2624
2011-11-28,Tarifa,-7.2603
2011-11-29,Tarifa,-7.274
2011-11-30,Tarifa,-7.284
2011-12-01,Tarifa,-7.2701
2011-12-02,Tarifa,-7.3061
2011-12-03,Tarifa,-7.3007
2011-12-04,Tarifa,-7.337
2011-12-05,Tarifa,-7.3921
2011-12-06,Tarifa,-7.4224
2011-12-07,Tarifa,-7.4286
2011-12-08,Tarifa,-7.3968
2011-12-09,Tarifa,-7.3428
2011-12-10,Tarifa,-7.3236
2011-12-11,Tarifa,-7.3326
2011-12-12,Tarifa,-7.3648
2011-12-13,Tarifa,-7.3892
2011-12-14,Tarifa,-7.3725
2011-12-15,Tarifa,-7.4055
2011-12-16,Tarifa,-7.4739
2011-12-17,Tarifa,-7.4621
2011-12-18,Tarifa,-7.3882
2011-12-19,Tarifa,-7.4017
2011-12-20,Tarifa,-7.4648
2011-12-21,Tarifa,-7.4731
2011-12-22,Tarifa,-7.4753
2011-12-23,Tarifa,-7.4629
2011-12-24,Tarifa,-7.4192
2011-12-25,Tarifa,-7.3806
2011-12-26,Tarifa,-7.3112
2011-12-27,Tarifa,-7.3079
2011-12-28,Tarifa,-7.3417
2011-12-29,Tarifa,-7.4256
2011-12-30,Tarifa,-7.5166
2011-12-31,Tarifa,-7.5073
2012-01-01,Tarifa,-7.4217
2012-01-02,Tarifa,-7.4066
2012-01-03,Tarifa,-7.4119
2012-01-04,Tarifa,-7.4504
2012-01-05,Tarifa,-7.5437
2012-01-06,Tarifa,-7.585
2012-01-07,Tarifa,-7.457
2012-01-08,Tarifa,-7.3995
2012-01-09,Tarifa,-7.3761
2012-01-10,Tarifa,-7.3462
2012-01-11,Tarifa,-7.3376
2012-01-12,Tarifa,-7.3087
2012-01-13,Tarifa,-7.3363
2012-01-14,Tarifa,-7.3728
2012-01-15,Tarifa,-7.3487
2012-01-16,Tarifa,-7.2691
2012-01-17,Tarifa,-7.2753
2012-01-18,Tarifa,-7.3428
2012-01-19,Tarifa,-7.3821
2012-01-20,Tarifa,-7.4297
2012-01-21,Tarifa,-7.4669
2012-01-22,Tarifa,-7.4358
2012-01-23,Tarifa,-7.4021
2012-01-24,Tarifa,-7.4139
2012-01-26,Tarifa,-7.3405
2012-01-27,Tarifa,-7.2784
2012-01-28,Tarifa,-7.2807
2012-01-29,Tarifa,-7.3418
2012-01-30,Tarifa,-7.3926
2012-01-31,Tarifa,-7.3971
2012-02-01,Tarifa,-7.374
2012-02-02,Tarifa,-7.3033
2012-02-03,Tarifa,-7.3797
2012-02-04,Tarifa,-7.445
2012-02-05,Tarifa,-7.502
2012-02-06,Tarifa,-7.5906
2012-02-07,Tarifa,-7.5457
2012-02-08,Tarifa,-7.3726
2012-02-09,Tarifa,-7.3612
2012-02-10,Tarifa,-7.3793
2012-02-11,Tarifa,-7.3502
2012-02-12,Tarifa,-7.3642
2012-02-13,Tarifa,-7.3898
2012-02-14,Tarifa,-7.4209
2012-02-15,Tarifa,-7.4228
2012-02-16,Tarifa,-7.4315
2012-02-17,Tarifa,-7.3591
2012-02-18,Tarifa,-7.3472
2012-02-19,Tarifa,-7.3648
2012-02-20,Tarifa,-7.3942
2012-02-21,Tarifa,-7.4281
2012-02-22,Tarifa,-7.4799
2012-02-23,Tarifa,-7.4421
2012-02-24,Tarifa,-7.4151
2012-02-25,Tarifa,-7.4496
2012-02-26,Tarifa,-7.4833
2012-02-27,Tarifa,-7.4413
2012-02-28,Tarifa,-7.3743
2012-02-29,Tarifa,-7.3884
2012-03-01,Tarifa,-7.4247
2012-03-02,Tarifa,-7.4262
2012-03-03,Tarifa,-7.4718
2012-03-04,Tarifa,-7.5052
2012-03-05,Tarifa,-7.4914
2012-03-06,Tarifa,-7.4874
2012-03-07,Tarifa,-7.46
2012-03-08,Tarifa,-7.5103
2012-03-09,Tarifa,-7.4504
2012-03-10,Tarifa,-7.4726
2012-03-11,Tarifa,-7.4832
2012-03-12,Tarifa,-7.4573
2012-03-13,Tarifa,-7.375
2012-03-14,Tarifa,-7.3215
2012-03-15,Tarifa,-7.3347
2012-03-16,Tarifa,-7.3501
2012-03-17,Tarifa,-7.3621
2012-03-18,Tarifa,-7.4156
2012-03-19,Tarifa,-7.3911
2012-03-20,Tarifa,-7.374
2012-03-21,Tarifa,-7.385
2012-03-22,Tarifa,-7.3855
2012-03-23,Tarifa,-7.3187
2012-03-24,Tarifa,-7.3591
2012-03-25,Tarifa,-7.3566
2012-03-26,Tarifa,-7.3101
2012-03-27,Tarifa,-7.2831
2012-03-28,Tarifa,-7.276
2012-03-29,Tarifa,-7.2688
2012-03-30,Tarifa,-7.2797
2012-03-31,Tarifa,-7.2537
2012-04-01,Tarifa,-7.23
2012-04-02,Tarifa,-7.213
2012-04-03,Tarifa,-7.2277
2012-04-04,Tarifa,-7.2812
2012-04-05,Tarifa,-7.3006
2012-04-06,Tarifa,-7.3155
2012-04-07,Tarifa,-7.3373
2012-04-08,Tarifa,-7.3261
2012-04-09,Tarifa,-7.2784
2012-04-10,Tarifa,-7.289
2012-04-11,Tarifa,-7.2759
2012-04-12,Tarifa,-7.2426
2012-04-13,Tarifa,-7.3483
2012-04-14,Tarifa,-7.4284
2012-04-15,Tarifa,-7.3335
2012-04-16,Tarifa,-7.3703
2012-04-17,Tarifa,-7.4193
2012-04-18,Tarifa,-7.4582
2012-04-19,Tarifa,-7.3991
2012-04-20,Tarifa,-7.4022
2012-04-21,Tarifa,-7.3583
2012-04-22,Tarifa,-7.3653
2012-04-23,Tarifa,-7.4041
2012-04-24,Tarifa,-7.4004
2012-04-25,Tarifa,-7.3431
2012-04-26,Tarifa,-7.2983
2012-04-27,Tarifa,-7.3137
2012-04-28,Tarifa,-7.3262
2012-04-29,Tarifa,-7.3222
2012-04-30,Tarifa,-7.3735
2012-05-02,Tarifa,-7.3468
2012-05-03,Tarifa,-7.3864
2012-05-04,Tarifa,-7.3812
2012-05-05,Tarifa,-7.3399
2012-05-06,Tarifa,-7.3573
2012-05-07,Tarifa,-7.3607
2012-05-08,Tarifa,-7.34
2012-05-09,Tarifa,-7.312
2012-05-10,Tarifa,-7.3319
2012-05-11,Tarifa,-7.3341
2012-05-12,Tarifa,-7.3647
2012-05-13,Tarifa,-7.3805
2012-05-14,Tarifa,-7.3339
2012-05-15,Tarifa,-7.2809
2012-05-16,Tarifa,-7.2643
2012-05-17,Tarifa,-7.2443
2012-05-18,Tarifa,-7.2505
2012-05-19,Tarifa,-7.2713
2012-05-20,Tarifa,-7.3204
2012-05-21,Tarifa,-7.3958
2012-05-22,Tarifa,-7.3504
2012-05-23,Tarifa,-7.3315
2012-05-24,Tarifa,-7.3256
2012-05-25,Tarifa,-7.2988
2012-05-26,Tarifa,-7.3182
2012-05-27,Tarifa,-7.3115
2012-05-28,Tarifa,-7.297
2012-05-29,Tarifa,-7.3002
2012-05-30,Tarifa,-7.2792
2012-05-31,Tarifa,-7.261
2012-06-01,Tarifa,-7.3006
2012-06-02,Tarifa,-7.3574
2012-06-03,Tarifa,-7.3619
2012-06-04,Tarifa,-7.36
2012-06-05,Tarifa,-7.3681
2012-06-06,Tarifa,-7.2963
2012-06-07,Tarifa,-7.3168
2012-06-08,Tarifa,-7.357
2012-06-10,Tarifa,-7.4097
2012-06-11,Tarifa,-7.4054
2012-06-12,Tarifa,-7.3792
2012-06-13,Tarifa,-7.3546
2012-06-14,Tarifa,-7.3604
2012-06-15,Tarifa,-7.3789
2012-06-16,Tarifa,-7.3966
2012-06-17,Tarifa,-7.3752
2012-06-18,Tarifa,-7.3245
2012-06-19,Tarifa,-7.352
2012-06-20,Tarifa,-7.3834
2012-06-21,Tarifa,-7.443
2012-06-22,Tarifa,-7.4191
2012-06-23,Tarifa,-7.3698
2012-06-24,Tarifa,-7.3386
2012-06-25,Tarifa,-7.3145
2012-06-26,Tarifa,-7.3083
2012-06-27,Tarifa,-7.304
2012-06-28,Tarifa,-7.2747
2012-06-29,Tarifa,-7.3338
2012-06-30,Tarifa,-7.3835
2012-08-01,Tarifa,-7.3188
2012-08-02,Tarifa,-7.3126
2012-08-03,Tarifa,-7.3055
2012-08-04,Tarifa,-7.3064
2012-08-05,Tarifa,-7.3259
2012-08-06,Tarifa,-7.3385
2012-08-07,Tarifa,-7.3161
2012-08-08,Tarifa,-7.2995
2012-08-09,Tarifa,-7.294
2012-08-10,Tarifa,-7.2958
2012-08-11,Tarifa,-7.3113
2012-08-12,Tarifa,-7.3295
2012-08-13,Tarifa,-7.344
2012-08-14,Tarifa,-7.351
2012-08-15,Tarifa,-7.377
2012-08-16,Tarifa,-7.3422
2012-08-17,Tarifa,-7.3001
2012-08-18,Tarifa,-7.3156
2012-08-19,Tarifa,-7.2938
2012-08-20,Tarifa,-7.29
2012-08-21,Tarifa,-7.2945
2012-08-22,Tarifa,-7.2857
2012-08-23,Tarifa,-7.3078
2012-08-24,Tarifa,-7.3407
2012-08-25,Tarifa,-7.3628
2012-08-26,Tarifa,-7.375
2012-08-27,Tarifa,-7.3789
2012-08-28,Tarifa,-7.3606
2012-08-29,Tarifa,-7.37
2012-08-30,Tarifa,-7.3793
2012-08-31,Tarifa,-7.3692
2012-09-01,Tarifa,-7.3266
2012-09-02,Tarifa,-7.2968
2012-09-03,Tarifa,-7.2963
2012-09-04,Tarifa,-7.2552
2012-09-05,Tarifa,-7.2073
2012-09-06,Tarifa,-7.2034
2012-09-07,Tarifa,-7.2006
2012-09-08,Tarifa,-7.2043
2012-09-09,Tarifa,-7.2404
2012-09-10,Tarifa,-7.259
2012-09-11,Tarifa,-7.2796
2012-09-12,Tarifa,-7.3024
2012-09-13,Tarifa,-7.3635
2012-09-14,Tarifa,-7.3566
2012-09-15,Tarifa,-7.318
2012-09-16,Tarifa,-7.3277
2012-09-17,Tarifa,-7.2998
2012-09-18,Tarifa,-7.268
2012-09-19,Tarifa,-7.2817
2012-09-20,Tarifa,-7.2678
2012-09-21,Tarifa,-7.2401
2012-09-22,Tarifa,-7.2384
2012-09-23,Tarifa,-7.2484
2012-09-24,Tarifa,-7.3273
2012-09-25,Tarifa,-7.3404
2012-09-26,Tarifa,-7.2812
2012-09-27,Tarifa,-7.2507
2012-09-28,Tarifa,-7.2705
2012-09-29,Tarifa,-7.2818
2012-09-30,Tarifa,-7.3247
2012-10-01,Tarifa,-7.3256
2012-10-02,Tarifa,-7.324
2012-10-03,Tarifa,-7.2833
2012-10-04,Tarifa,-7.247
2012-10-05,Tarifa,-7.2568
2012-10-06,Tarifa,-7.2789
2012-10-07,Tarifa,-7.2901
2012-10-08,Tarifa,-7.2986
2012-10-09,Tarifa,-7.288
2012-10-10,Tarifa,-7.2922
2012-10-11,Tarifa,-7.3179
2012-10-12,Tarifa,-7.3172
2012-10-13,Tarifa,-7.3345
2012-10-14,Tarifa,-7.3287
2012-10-15,Tarifa,-7.3169
2012-10-16,Tarifa,-7.3041
2012-10-17,Tarifa,-7.2294
2012-10-18,Tarifa,-7.1774
2012-10-19,Tarifa,-7.2081
2012-10-20,Tarifa,-7.247
2012-10-21,Tarifa,-7.2845
2012-10-22,Tarifa,-7.2831
2012-10-23,Tarifa,-7.2593
2012-10-24,Tarifa,-7.24
2012-10-25,Tarifa,-7.2017
2012-10-26,Tarifa,-7.1731
2012-10-27,Tarifa,-7.2335
2012-10-28,Tarifa,-7.2541
2012-10-29,Tarifa,-7.2214
2012-10-30,Tarifa,-7.0997
2012-10-31,Tarifa,-7.1254
2012-11-01,Tarifa,-7.1788
2012-11-02,Tarifa,-7.1705
2012-11-03,Tarifa,-7.1356
2012-11-04,Tarifa,-7.1485
2012-11-05,Tarifa,-7.1905
2012-11-06,Tarifa,-7.1739
2012-11-07,Tarifa,-7.1481
2012-11-08,Tarifa,-7.1198
2012-11-09,Tarifa,-7.1894
2012-11-10,Tarifa,-7.2067
2012-11-11,Tarifa,-7.201
2012-11-12,Tarifa,-7.2291
2012-11-13,Tarifa,-7.2747
2012-11-14,Tarifa,-7.2722
2012-11-15,Tarifa,-7.2842
2012-11-16,Tarifa,-7.2161
2012-11-17,Tarifa,-7.1522
2012-11-18,Tarifa,-7.1478
2012-11-19,Tarifa,-7.2324
2012-11-20,Tarifa,-7.2642
2012-11-21,Tarifa,-7.2929
2012-11-22,Tarifa,-7.2927
2012-11-23,Tarifa,-7.2465
2012-11-24,Tarifa,-7.2216
2012-11-25,Tarifa,-7.2472
2012-11-26,Tarifa,-7.2807
2012-11-27,Tarifa,-7.3152
2012-11-28,Tarifa,-7.3736
2012-11-29,Tarifa,-7.4139
2012-11-30,Tarifa,-7.3182
2012-12-01,Tarifa,-7.2848
2012-12-02,Tarifa,-7.3708
2012-12-03,Tarifa,-7.4842
2012-12-04,Tarifa,-7.4544
2012-12-05,Tarifa,-7.4242
2012-12-06,Tarifa,-7.3501
2012-12-07,Tarifa,-7.3231
2012-12-08,Tarifa,-7.3548
2012-12-09,Tarifa,-7.4
2012-12-10,Tarifa,-7.3773
2012-12-11,Tarifa,-7.3635
2012-12-12,Tarifa,-7.3175
2012-12-13,Tarifa,-7.3067
2012-12-14,Tarifa,-7.3267
2012-12-15,Tarifa,-7.3829
2012-12-16,Tarifa,-7.4205
2012-12-17,Tarifa,-7.4473
2012-12-18,Tarifa,-7.4483
2012-12-19,Tarifa,-7.393
2012-12-20,Tarifa,-7.4005
2012-12-21,Tarifa,-7.4357
2012-12-22,Tarifa,-7.4177
2012-12-23,Tarifa,-7.3879
2012-12-24,Tarifa,-7.3221
2012-12-25,Tarifa,-7.3495
2012-12-26,Tarifa,-7.4185
2012-12-27,Tarifa,-7.4783
2012-12-28,Tarifa,-7.4946
2012-12-29,Tarifa,-7.5111
2012-12-30,Tarifa,-7.4776
2012-12-31,Tarifa,-7.4415
2013-01-01,Tarifa,-7.422
2013-01-02,Tarifa,-7.4112
2013-01-03,Tarifa,-7.3894
2013-01-04,Tarifa,-7.4485
2013-01-05,Tarifa,-7.5377
2013-01-06,Tarifa,-7.5408
2013-01-07,Tarifa,-7.5077
2013-01-08,Tarifa,-7.4516
2013-01-09,Tarifa,-7.4781
2013-01-10,Tarifa,-7.4797
2013-01-11,Tarifa,-7.5012
2013-01-12,Tarifa,-7.4518
2013-01-13,Tarifa,-7.4257
2013-01-14,Tarifa,-7.434
2013-01-15,Tarifa,-7.4815
2013-01-16,Tarifa,-7.5378
2013-01-17,Tarifa,-7.4876
2013-01-18,Tarifa,-7.4785
2013-01-19,Tarifa,-7.3181
2013-01-20,Tarifa,-7.3397
2013-01-21,Tarifa,-7.4245
2013-01-22,Tarifa,-7.4102
2013-01-23,Tarifa,-7.438
2013-01-24,Tarifa,-7.4991
2013-01-25,Tarifa,-7.476
2013-01-26,Tarifa,-7.4985
2013-01-27,Tarifa,-7.4585
2013-01-28,Tarifa,-7.4717
2013-01-29,Tarifa,-7.4627
2013-01-30,Tarifa,-7.4719
2013-01-31,Tarifa,-7.5083
2013-02-01,Tarifa,-7.4871
2013-02-02,Tarifa,-7.4481
2013-02-03,Tarifa,-7.4545
2013-02-04,Tarifa,-7.4361
2013-02-05,Tarifa,-7.4774
2013-02-06,Tarifa,-7.5143
2013-02-07,Tarifa,-7.4855
2013-02-08,Tarifa,-7.491
2013-02-09,Tarifa,-7.456
2013-02-10,Tarifa,-7.4781
2013-02-11,Tarifa,-7.4616
2013-02-12,Tarifa,-7.4648
2013-02-13,Tarifa,-7.4799
2013-02-14,Tarifa,-7.4481
2013-02-15,Tarifa,-7.4365
2013-02-16,Tarifa,-7.403
2013-02-17,Tarifa,-7.3916
2013-02-18,Tarifa,-7.3474
2013-02-19,Tarifa,-7.3103
2013-02-20,Tarifa,-7.3648
2013-02-21,Tarifa,-7.4166
2013-02-22,Tarifa,-7.3867
2013-02-23,Tarifa,-7.3468
2013-02-24,Tarifa,-7.4127
2013-02-25,Tarifa,-7.4051
2013-02-26,Tarifa,-7.3808
2013-02-27,Tarifa,-7.3092
2013-02-28,Tarifa,-7.3484
2013-03-01,Tarifa,-7.3774
2013-03-02,Tarifa,-7.3476
2013-03-03,Tarifa,-7.2984
2013-03-04,Tarifa,-7.1249
2013-03-05,Tarifa,-7.0857
2013-03-06,Tarifa,-7.1756
2013-03-07,Tarifa,-7.3025
2013-03-08,Tarifa,-7.318
2013-03-09,Tarifa,-7.3032
2013-03-10,Tarifa,-7.3503
2013-03-11,Tarifa,-7.3856
2013-03-12,Tarifa,-7.2899
2013-03-13,Tarifa,-7.3158
2013-03-14,Tarifa,-7.4336
2013-03-15,Tarifa,-7.3889
2013-03-16,Tarifa,-7.2442
2013-03-17,Tarifa,-7.1613
2013-03-18,Tarifa,-7.2581
2013-03-19,Tarifa,-7.2332
2013-03-20,Tarifa,-7.3233
2013-03-21,Tarifa,-7.3295
2013-03-22,Tarifa,-7.2686
2013-03-23,Tarifa,-7.1979
2013-03-24,Tarifa,-7.2961
2013-03-25,Tarifa,-7.387
2013-03-26,Tarifa,-7.3191
2013-03-27,Tarifa,-7.2577
2013-03-28,Tarifa,-7.2876
2013-03-29,Tarifa,-7.3595
2013-03-30,Tarifa,-7.3612
2013-03-31,Tarifa,-7.3054
2013-04-01,Tarifa,-7.2914
2013-04-02,Tarifa,-7.3088
2013-04-03,Tarifa,-7.2366
2013-04-04,Tarifa,-7.1875
2013-04-05,Tarifa,-7.2341
2013-04-06,Tarifa,-7.3575
2013-04-07,Tarifa,-7.4147
2013-04-08,Tarifa,-7.3755
2013-04-09,Tarifa,-7.3796
2013-04-10,Tarifa,-7.3923
2013-04-11,Tarifa,-7.3887
2013-04-12,Tarifa,-7.362
2013-04-13,Tarifa,-7.3359
2013-04-14,Tarifa,-7.3216
2013-04-15,Tarifa,-7.3915
2013-04-16,Tarifa,-7.4046
2013-04-17,Tarifa,-7.3923
2013-04-18,Tarifa,-7.4112
2013-04-19,Tarifa,-7.4125
2013-04-20,Tarifa,-7.4186
2013-04-21,Tarifa,-7.4087
2013-04-22,Tarifa,-7.3877
2013-04-23,Tarifa,-7.3588
2013-04-24,Tarifa,-7.3129
2013-04-25,Tarifa,-7.3229
2013-04-26,Tarifa,-7.3747
2013-04-27,Tarifa,-7.354
2013-04-28,Tarifa,-7.3205
2013-04-29,Tarifa,-7.3066
2013-04-30,Tarifa,-7.2984
2013-05-01,Tarifa,-7.3358
2013-05-02,Tarifa,-7.3416
2013-05-03,Tarifa,-7.3415
2013-05-04,Tarifa,-7.3555
2013-05-05,Tarifa,-7.3985
2013-05-06,Tarifa,-7.4077
2013-05-07,Tarifa,-7.3749
2013-05-08,Tarifa,-7.3574
2013-05-09,Tarifa,-7.3572
2013-05-10,Tarifa,-7.3498
2013-05-11,Tarifa,-7.3472
2013-05-12,Tarifa,-7.3499
2013-05-13,Tarifa,-7.3288
2013-05-14,Tarifa,-7.2938
2013-05-15,Tarifa,-7.3058
2013-05-16,Tarifa,-7.3299
2013-05-17,Tarifa,-7.3012
2013-05-18,Tarifa,-7.3443
2013-05-19,Tarifa,-7.4131
2013-05-20,Tarifa,-7.3615
2013-05-21,Tarifa,-7.3913
2013-05-22,Tarifa,-7.4652
2013-05-23,Tarifa,-7.4835
2013-05-24,Tarifa,-7.4209
2013-05-25,Tarifa,-7.4284
2013-05-26,Tarifa,-7.3883
2013-05-27,Tarifa,-7.3701
2013-05-28,Tarifa,-7.4156
2013-05-29,Tarifa,-7.4431
2013-05-30,Tarifa,-7.4081
2013-05-31,Tarifa,-7.4248
2013-06-01,Tarifa,-7.4018
2013-06-02,Tarifa,-7.4032
2013-06-03,Tarifa,-7.3727
2013-06-04,Tarifa,-7.3512
2013-06-05,Tarifa,-7.3693
2013-06-06,Tarifa,-7.3998
2013-06-07,Tarifa,-7.4272
2013-06-08,Tarifa,-7.4462
2013-06-09,Tarifa,-7.4341
2013-06-10,Tarifa,-7.4412
2013-06-11,Tarifa,-7.4498
2013-06-12,Tarifa,-7.4378
2013-06-13,Tarifa,-7.3898
2013-06-14,Tarifa,-7.3603
2013-06-15,Tarifa,-7.3443
2013-06-16,Tarifa,-7.3395
2013-06-17,Tarifa,-7.3736
2013-06-18,Tarifa,-7.4138
2013-06-19,Tarifa,-7.4273
2013-06-20,Tarifa,-7.4236
2013-06-21,Tarifa,-7.4445
2013-06-22,Tarifa,-7.4628
2013-06-23,Tarifa,-7.4444
2013-06-24,Tarifa,-7.4114
2013-06-25,Tarifa,-7.3951
2013-06-26,Tarifa,-7.3623
2013-06-27,Tarifa,-7.32
2013-06-28,Tarifa,-7.3511
2013-06-29,Tarifa,-7.3242
2013-06-30,Tarifa,-7.3122
2013-07-06,Tarifa,-7.3181
2013-07-07,Tarifa,-7.3215
2013-07-08,Tarifa,-7.2929
2013-07-09,Tarifa,-7.3109
2013-07-10,Tarifa,-7.2915
2013-07-11,Tarifa,-7.2737
2013-07-12,Tarifa,-7.2888
2013-07-13,Tarifa,-7.3429
2013-07-14,Tarifa,-7.3482
2013-07-15,Tarifa,-7.3469
2013-07-16,Tarifa,-7.3393
2013-07-17,Tarifa,-7.3245
2013-07-18,Tarifa,-7.3215
2013-07-19,Tarifa,-7.325
2013-07-20,Tarifa,-7.3539
2013-07-21,Tarifa,-7.3651
2013-07-22,Tarifa,-7.3557
2013-07-23,Tarifa,-7.3477
2013-07-24,Tarifa,-7.3261
2013-07-25,Tarifa,-7.3122
2013-07-26,Tarifa,-7.3301
2013-07-27,Tarifa,-7.3523
2013-07-28,Tarifa,-7.3723
2013-07-29,Tarifa,-7.3772
2013-07-30,Tarifa,-7.3814
2013-07-31,Tarifa,-7.342
2013-09-01,Tarifa,-7.2078
2013-09-02,Tarifa,-7.2006
2013-09-03,Tarifa,-7.2217
2013-09-04,Tarifa,-7.2283
2013-09-05,Tarifa,-7.2707
2013-09-06,Tarifa,-7.3162
2013-09-07,Tarifa,-7.3211
2013-09-08,Tarifa,-7.3331
2013-09-09,Tarifa,-7.3553
2013-09-10,Tarifa,-7.3282
2013-09-11,Tarifa,-7.2886
2013-09-12,Tarifa,-7.3066
2013-09-13,Tarifa,-7.3147
2013-09-14,Tarifa,-7.2837
2013-09-15,Tarifa,-7.2891
2013-09-16,Tarifa,-7.348
2013-09-17,Tarifa,-7.399
2013-09-18,Tarifa,-7.4115
2013-09-19,Tarifa,-7.3674
2013-09-20,Tarifa,-7.3135
2013-09-21,Tarifa,-7.2888
2013-09-22,Tarifa,-7.2976
2013-09-23,Tarifa,-7.2809
2013-09-24,Tarifa,-7.2737
2013-09-25,Tarifa,-7.2505
2013-09-26,Tarifa,-7.2376
2013-09-27,Tarifa,-7.2741
2013-09-28,Tarifa,-7.2872
2013-09-29,Tarifa,-7.3246
2013-09-30,Tarifa,-7.3464
2014-01-01,Tarifa,-7.4712
2014-01-02,Tarifa,-7.458
2014-01-03,Tarifa,-7.4511
2014-01-04,Tarifa,-7.4588
2014-01-05,Tarifa,-7.4817
2014-01-06,Tarifa,-7.4309
2014-01-07,Tarifa,-7.3879
2014-01-08,Tarifa,-7.3595
2014-01-09,Tarifa,-7.3266
2014-01-10,Tarifa,-7.2829
2014-01-11,Tarifa,-7.3338
2014-01-12,Tarifa,-7.3974
2014-01-13,Tarifa,-7.4292
2014-01-14,Tarifa,-7.4536
2014-01-15,Tarifa,-7.3991
2014-01-16,Tarifa,-7.3508
2014-01-17,Tarifa,-7.2589
2014-01-18,Tarifa,-7.2217
2014-01-19,Tarifa,-7.3152
2014-01-20,Tarifa,-7.4359
2014-01-21,Tarifa,-7.439
2014-01-22,Tarifa,-7.3617
2014-01-23,Tarifa,-7.408
2014-01-24,Tarifa,-7.5483
2014-01-25,Tarifa,-7.569
2014-01-26,Tarifa,-7.5631
2014-01-27,Tarifa,-7.5231
2014-01-28,Tarifa,-7.4718
2014-01-29,Tarifa,-7.3405
2014-01-30,Tarifa,-7.3622
2014-01-31,Tarifa,-7.4271
2014-02-01,Tarifa,-7.4431
2014-02-02,Tarifa,-7.4822
2014-02-03,Tarifa,-7.4157
2014-02-04,Tarifa,-7.3827
2014-02-05,Tarifa,-7.3738
2014-02-06,Tarifa,-7.3979
2014-02-07,Tarifa,-7.446
2014-02-08,Tarifa,-7.4775
2014-02-09,Tarifa,-7.3961
2014-02-10,Tarifa,-7.4643
2014-02-11,Tarifa,-7.5251
2014-02-12,Tarifa,-7.5116
2014-02-13,Tarifa,-7.5322
2014-02-14,Tarifa,-7.4416
2014-02-15,Tarifa,-7.363
2014-02-16,Tarifa,-7.3749
2014-02-17,Tarifa,-7.3497
2014-02-18,Tarifa,-7.3792
2014-02-19,Tarifa,-7.4796
2014-02-20,Tarifa,-7.5391
2014-02-21,Tarifa,-7.525
2014-02-22,Tarifa,-7.5109
2014-02-23,Tarifa,-7.4079
2014-02-24,Tarifa,-7.4439
2014-02-25,Tarifa,-7.5003
2014-02-26,Tarifa,-7.5185
2014-02-27,Tarifa,-7.5802
2014-02-28,Tarifa,-7.5985
2014-03-01,Tarifa,-7.5574
2014-03-02,Tarifa,-7.5486
2014-03-03,Tarifa,-7.5585
2014-03-04,Tarifa,-7.5614
2014-03-05,Tarifa,-7.504
2014-03-06,Tarifa,-7.4169
2014-03-07,Tarifa,-7.3839
2014-03-08,Tarifa,-7.3597
2014-03-09,Tarifa,-7.3552
2014-03-10,Tarifa,-7.3318
2014-03-11,Tarifa,-7.2906
2014-03-12,Tarifa,-7.312
2014-03-13,Tarifa,-7.3499
2014-03-14,Tarifa,-7.376
2014-03-15,Tarifa,-7.4511
2014-03-16,Tarifa,-7.4967
2014-03-17,Tarifa,-7.4489
2014-03-18,Tarifa,-7.4099
2014-03-19,Tarifa,-7.3855
2014-03-20,Tarifa,-7.3878
2014-03-21,Tarifa,-7.421
2014-03-22,Tarifa,-7.4456
2014-03-23,Tarifa,-7.4795
2014-03-24,Tarifa,-7.5171
2014-03-25,Tarifa,-7.5477
2014-03-26,Tarifa,-7.5076
2014-03-27,Tarifa,-7.4581
2014-03-28,Tarifa,-7.3399
2014-03-29,Tarifa,-7.3281
2014-03-30,Tarifa,-7.3856
2014-03-31,Tarifa,-7.3666
2014-04-01,Tarifa,-7.2878
2014-04-02,Tarifa,-7.2217
2014-04-03,Tarifa,-7.296
2014-04-04,Tarifa,-7.4138
2014-04-05,Tarifa,-7.5001
2014-04-08,Tarifa,-7.3273
2014-04-09,Tarifa,-7.3365
2014-04-10,Tarifa,-7.3354
2014-04-11,Tarifa,-7.3212
2014-04-12,Tarifa,-7.3592
2014-04-13,Tarifa,-7.3583
2014-04-14,Tarifa,-7.311
2014-04-15,Tarifa,-7.357
2014-04-16,Tarifa,-7.5219
2014-04-17,Tarifa,-7.3431
2014-04-18,Tarifa,-7.3512
2014-04-19,Tarifa,-7.3107
2014-04-20,Tarifa,-7.2744
2014-04-21,Tarifa,-7.2716
2014-04-22,Tarifa,-7.329
2014-04-23,Tarifa,-7.3794
2014-04-24,Tarifa,-7.398
2014-04-25,Tarifa,-7.458
2014-04-26,Tarifa,-7.4597
2014-04-27,Tarifa,-7.4379
2014-04-28,Tarifa,-7.4092
2014-04-29,Tarifa,-7.3556
2014-04-30,Tarifa,-7.3485
2014-05-01,Tarifa,-7.3434
2014-05-02,Tarifa,-7.3357
2014-05-03,Tarifa,-7.3432
2014-05-04,Tarifa,-7.3212
2014-05-05,Tarifa,-7.2708
2014-05-06,Tarifa,-7.2289
2014-05-07,Tarifa,-7.2726
2014-05-08,Tarifa,-7.3328
2014-05-09,Tarifa,-7.3422
2014-05-10,Tarifa,-7.3461
2014-05-11,Tarifa,-7.3394
2014-05-12,Tarifa,-7.3335
2014-05-13,Tarifa,-7.3432
2014-05-14,Tarifa,-7.4071
2014-05-15,Tarifa,-7.3655
2014-05-16,Tarifa,-7.323
2014-05-17,Tarifa,-7.2458
2014-05-18,Tarifa,-7.2211
2014-05-19,Tarifa,-7.2365
2014-05-20,Tarifa,-7.2807
2014-05-21,Tarifa,-7.3151
2014-05-22,Tarifa,-7.3867
2014-05-23,Tarifa,-7.4045
2014-05-24,Tarifa,-7.3816
2014-05-25,Tarifa,-7.4145
2014-05-26,Tarifa,-7.4502
2014-05-27,Tarifa,-7.4652
2014-05-28,Tarifa,-7.4701
2014-05-29,Tarifa,-7.4592
2014-05-30,Tarifa,-7.4413
2014-05-31,Tarifa,-7.4035
2014-06-01,Tarifa,-7.4089
2014-06-02,Tarifa,-7.4259
2014-06-03,Tarifa,-7.4417
2014-06-04,Tarifa,-7.4458
2014-06-05,Tarifa,-7.3556
2014-06-06,Tarifa,-7.3581
2014-06-07,Tarifa,-7.4098
2014-06-08,Tarifa,-7.4339
2014-06-09,Tarifa,-7.47
2014-06-10,Tarifa,-7.0905
2014-06-11,Tarifa,-6.874
2014-06-12,Tarifa,-6.7444
2014-06-13,Tarifa,-6.8186
2014-06-14,Tarifa,-6.969
2014-06-15,Tarifa,-7.1383
2014-06-16,Tarifa,-7.2586
2014-06-17,Tarifa,-7.2713
2014-06-18,Tarifa,-7.2724
2014-06-19,Tarifa,-7.2932
2014-06-20,Tarifa,-7.3025
2014-06-21,Tarifa,-7.302
2014-06-22,Tarifa,-7.3191
2014-06-23,Tarifa,-7.3269
2014-06-24,Tarifa,-7.3571
2014-06-25,Tarifa,-7.3919
2014-06-26,Tarifa,-7.3833
2014-06-27,Tarifa,-7.354
2014-06-28,Tarifa,-7.3537
2014-06-29,Tarifa,-7.3916
2014-06-30,Tarifa,-7.4078
2014-07-01,Tarifa,-7.3797
2014-07-02,Tarifa,-7.3487
2014-07-03,Tarifa,-7.3587
2014-07-04,Tarifa,-7.3663
2014-07-05,Tarifa,-7.376
2014-07-06,Tarifa,-7.3883
2014-07-07,Tarifa,-7.3667
2014-07-08,Tarifa,-7.3703
2014-07-09,Tarifa,-7.3587
2014-07-10,Tarifa,-7.3727
2014-07-11,Tarifa,-7.4009
2014-07-12,Tarifa,-7.3614
2014-07-13,Tarifa,-7.3285
2014-07-14,Tarifa,-7.3146
2014-07-15,Tarifa,-7.3115
2014-07-16,Tarifa,-7.2945
2014-07-17,Tarifa,-7.3035
2014-07-18,Tarifa,-7.341
2014-07-19,Tarifa,-7.3669
2014-07-20,Tarifa,-7.3878
2014-07-21,Tarifa,-7.3917
2014-07-22,Tarifa,-7.3665
2014-07-23,Tarifa,-7.3687
2014-07-24,Tarifa,-7.3616
2014-07-25,Tarifa,-7.3568
2014-07-26,Tarifa,-7.343
2014-07-27,Tarifa,-7.3697
2014-07-28,Tarifa,-7.3673
2014-07-29,Tarifa,-7.3399
2014-07-30,Tarifa,-7.3229
2014-07-31,Tarifa,-7.3507
2014-08-01,Tarifa,-7.3656
2014-08-02,Tarifa,-7.3436
2014-08-03,Tarifa,-7.3149
2014-08-04,Tarifa,-7.3649
2014-08-05,Tarifa,-7.3885
2014-08-06,Tarifa,-7.4008
2014-08-07,Tarifa,-7.3825
2014-08-08,Tarifa,-7.3466
2014-08-09,Tarifa,-7.342
2014-08-10,Tarifa,-7.3638
2014-08-11,Tarifa,-7.3906
2014-08-12,Tarifa,-7.3834
2014-08-13,Tarifa,-7.3659
2014-08-14,Tarifa,-7.3617
2014-08-15,Tarifa,-7.3328
2014-08-16,Tarifa,-7.3111
2014-08-17,Tarifa,-7.2603
2014-08-18,Tarifa,-7.2624
2014-08-19,Tarifa,-7.2988
2014-08-20,Tarifa,-7.3348
2014-08-21,Tarifa,-7.3444
2014-08-22,Tarifa,-7.3745
2014-08-23,Tarifa,-7.3762
2014-08-24,Tarifa,-7.377
2014-08-25,Tarifa,-7.3451
2014-08-26,Tarifa,-7.3334
2014-08-27,Tarifa,-7.3241
2014-08-28,Tarifa,-7.3308
2014-08-29,Tarifa,-7.3083
2014-08-30,Tarifa,-7.2987
2014-08-31,Tarifa,-7.2986
2014-09-01,Tarifa,-7.3162
2014-09-02,Tarifa,-7.3255
2014-09-03,Tarifa,-7.3132
2014-09-04,Tarifa,-7.2903
2014-09-05,Tarifa,-7.3167
2014-09-06,Tarifa,-7.3404
2014-09-07,Tarifa,-7.3238
2014-09-08,Tarifa,-7.3058
2014-09-09,Tarifa,-7.3183
2014-09-10,Tarifa,-7.3312
2014-09-11,Tarifa,-7.3471
2014-09-12,Tarifa,-7.3404
2014-09-13,Tarifa,-7.3228
2014-09-14,Tarifa,-7.3312
2014-09-15,Tarifa,-7.2889
2014-09-16,Tarifa,-7.2694
2014-09-17,Tarifa,-7.2695
2014-09-18,Tarifa,-7.2535
2014-09-19,Tarifa,-7.2521
2014-09-20,Tarifa,-7.2984
2014-09-21,Tarifa,-7.3217
2014-09-22,Tarifa,-7.3409
2014-09-23,Tarifa,-7.3201
2014-09-24,Tarifa,-7.2896
2014-09-25,Tarifa,-7.3009
2014-09-26,Tarifa,-7.3065
2014-09-27,Tarifa,-7.2758
2014-09-28,Tarifa,-7.2678
2014-09-29,Tarifa,-7.2448
2014-09-30,Tarifa,-7.2301
2014-10-01,Tarifa,-7.2117
2014-10-02,Tarifa,-7.2342
2014-10-03,Tarifa,-7.2657
2014-10-04,Tarifa,-7.277
2014-10-05,Tarifa,-7.2921
2014-10-06,Tarifa,-7.3385
2014-10-07,Tarifa,-7.3144
2014-10-08,Tarifa,-7.3105
2014-10-09,Tarifa,-7.3042
2014-10-10,Tarifa,-7.2933
2014-10-11,Tarifa,-7.2505
2014-10-12,Tarifa,-7.2717
2014-10-13,Tarifa,-7.2931
2014-10-14,Tarifa,-7.2854
2014-10-15,Tarifa,-7.3063
2014-10-16,Tarifa,-7.2725
2014-10-17,Tarifa,-7.2499
2014-10-18,Tarifa,-7.2319
2014-10-19,Tarifa,-7.2383
2014-10-20,Tarifa,-7.2409
2014-10-21,Tarifa,-7.3086
2014-10-22,Tarifa,-7.3775
2014-10-23,Tarifa,-7.3674
2014-10-24,Tarifa,-7.2869
2014-10-25,Tarifa,-7.256
2014-10-26,Tarifa,-7.2472
2014-10-27,Tarifa,-7.2299
2014-10-28,Tarifa,-7.1863
2014-10-29,Tarifa,-7.1739
2014-10-30,Tarifa,-7.178
2014-10-31,Tarifa,-7.2043
2014-11-01,Tarifa,-7.2138
2014-11-02,Tarifa,-7.2338
2014-11-03,Tarifa,-7.2949
2014-11-04,Tarifa,-7.2888
2014-11-05,Tarifa,-7.3401
2014-11-06,Tarifa,-7.375
2014-11-07,Tarifa,-7.4176
2014-11-08,Tarifa,-7.409
2014-11-09,Tarifa,-7.319
2014-11-10,Tarifa,-7.2931
2014-11-11,Tarifa,-7.2447
2014-11-12,Tarifa,-7.3162
2014-11-13,Tarifa,-7.316
2014-11-14,Tarifa,-7.2516
2014-11-15,Tarifa,-7.2823
2014-11-16,Tarifa,-7.2788
2014-11-17,Tarifa,-7.2681
2014-11-18,Tarifa,-7.2536
2014-11-19,Tarifa,-7.2226
2014-11-20,Tarifa,-7.1822
2014-11-21,Tarifa,-7.1928
2014-11-22,Tarifa,-7.1521
2014-11-23,Tarifa,-7.1203
2014-11-24,Tarifa,-7.1757
2014-11-25,Tarifa,-7.2232
2014-11-26,Tarifa,-7.1968
2014-11-27,Tarifa,-7.0694
2014-11-28,Tarifa,-6.923
2014-11-29,Tarifa,-6.9589
2014-11-30,Tarifa,-7.0362
2014-12-01,Tarifa,-7.1693
2014-12-02,Tarifa,-7.2096
2014-12-03,Tarifa,-7.202
2014-12-04,Tarifa,-7.231
2014-12-05,Tarifa,-7.2838
2014-12-06,Tarifa,-7.3128
2014-12-07,Tarifa,-7.3462
2014-12-08,Tarifa,-7.4045
2014-12-09,Tarifa,-7.4238
2014-12-10,Tarifa,-7.3597
2014-12-11,Tarifa,-7.3334
2014-12-12,Tarifa,-7.331
2014-12-13,Tarifa,-7.2269
2014-12-14,Tarifa,-7.1796
2014-12-15,Tarifa,-7.2506
2014-12-16,Tarifa,-7.3275
2014-12-17,Tarifa,-7.3846
2014-12-18,Tarifa,-7.4412
2014-12-19,Tarifa,-7.439
2014-12-20,Tarifa,-7.4535
2014-12-21,Tarifa,-7.4529
2014-12-22,Tarifa,-7.3736
2014-12-23,Tarifa,-7.3743
2014-12-24,Tarifa,-7.4025
2014-12-25,Tarifa,-7.4525
2014-12-26,Tarifa,-7.5078
2014-12-27,Tarifa,-7.5227
2014-12-28,Tarifa,-7.4869
2014-12-29,Tarifa,-7.4249
2014-12-30,Tarifa,-7.4395
2014-12-31,Tarifa,-7.4622
2015-01-01,Tarifa,-7.4288
2015-01-02,Tarifa,-7.4479
2015-01-03,Tarifa,-7.4504
2015-01-04,Tarifa,-7.5146
2015-01-05,Tarifa,-7.4813
2015-01-06,Tarifa,-7.4438
2015-01-07,Tarifa,-7.4075
2015-01-08,Tarifa,-7.4051
2015-01-09,Tarifa,-7.4814
2015-01-10,Tarifa,-7.5284
2015-01-11,Tarifa,-7.5354
2015-01-12,Tarifa,-7.4548
2015-01-13,Tarifa,-7.4086
2015-01-14,Tarifa,-7.4415
2015-01-15,Tarifa,-7.4444
2015-01-16,Tarifa,-7.4482
2015-01-17,Tarifa,-7.4781
2015-01-18,Tarifa,-7.3597
2015-01-19,Tarifa,-7.3843
2015-01-20,Tarifa,-7.4351
2015-01-21,Tarifa,-7.4599
2015-01-22,Tarifa,-7.4733
2015-01-23,Tarifa,-7.5458
2015-01-24,Tarifa,-7.5271
2015-01-25,Tarifa,-7.4872
2015-01-26,Tarifa,-7.4301
2015-01-27,Tarifa,-7.4813
2015-01-28,Tarifa,-7.4923
2015-01-29,Tarifa,-7.5101
2015-01-30,Tarifa,-7.4661
2015-01-31,Tarifa,-7.4107
2015-02-01,Tarifa,-7.4735
2015-02-02,Tarifa,-7.456
2015-02-03,Tarifa,-7.413
2015-02-04,Tarifa,-7.3888
2015-02-05,Tarifa,-7.4578
2015-02-06,Tarifa,-7.4446
2015-02-07,Tarifa,-7.3606
2015-02-08,Tarifa,-7.4015
2015-02-09,Tarifa,-7.3441
2015-02-10,Tarifa,-7.3295
2015-02-11,Tarifa,-7.2672
2015-02-12,Tarifa,-7.2599
2015-02-13,Tarifa,-7.3394
2015-02-14,Tarifa,-7.4256
2015-02-15,Tarifa,-7.4238
2015-02-16,Tarifa,-7.4395
2015-02-17,Tarifa,-7.4023
2015-02-18,Tarifa,-7.4347
2015-02-19,Tarifa,-7.4362
2015-02-20,Tarifa,-7.4536
2015-02-21,Tarifa,-7.4324
2015-02-22,Tarifa,-7.5027
2015-02-23,Tarifa,-7.5338
2015-02-24,Tarifa,-7.5619
2015-02-25,Tarifa,-7.5832
2015-02-26,Tarifa,-7.5119
2015-02-27,Tarifa,-7.5597
2015-02-28,Tarifa,-7.5016
2015-03-01,Tarifa,-7.4988
2015-03-02,Tarifa,-7.4969
2015-03-03,Tarifa,-7.4994
2015-03-04,Tarifa,-7.4882
2015-03-05,Tarifa,-7.523
2015-03-06,Tarifa,-7.4805
2015-03-07,Tarifa,-7.474
2015-03-08,Tarifa,-7.4304
2015-03-09,Tarifa,-7.425
2015-03-10,Tarifa,-7.4134
2015-03-11,Tarifa,-7.4284
2015-03-12,Tarifa,-7.4455
2015-03-13,Tarifa,-7.4247
2015-03-14,Tarifa,-7.3778
2015-03-15,Tarifa,-7.3033
2015-03-16,Tarifa,-7.32
2015-03-17,Tarifa,-7.3607
2015-03-18,Tarifa,-7.335
2015-03-19,Tarifa,-7.2803
2015-03-20,Tarifa,-7.2632
2015-03-21,Tarifa,-7.2486
2015-03-22,Tarifa,-7.2709
2015-03-23,Tarifa,-7.2433
2015-03-24,Tarifa,-7.2004
2015-03-25,Tarifa,-7.3059
2015-03-26,Tarifa,-7.4061
2015-03-27,Tarifa,-7.5001
2015-03-28,Tarifa,-7.4772
2015-03-29,Tarifa,-7.4648
2015-03-30,Tarifa,-7.4892
2015-03-31,Tarifa,-7.4469
2015-04-01,Tarifa,-7.4185
2015-04-02,Tarifa,-7.3932
2015-04-03,Tarifa,-7.3628
2015-04-04,Tarifa,-7.2895
2015-04-05,Tarifa,-7.3092
2015-04-06,Tarifa,-7.2962
2015-04-07,Tarifa,-7.2637
2015-04-08,Tarifa,-7.2846
2015-04-09,Tarifa,-7.3347
2015-04-10,Tarifa,-7.2979
2015-04-11,Tarifa,-7.3185
2015-04-12,Tarifa,-7.3488
2015-04-14,Tarifa,-7.3504
2015-04-15,Tarifa,-7.38
2015-04-16,Tarifa,-7.393
2015-04-17,Tarifa,-7.3762
2015-04-18,Tarifa,-7.432
2015-04-19,Tarifa,-7.428
2015-04-20,Tarifa,-7.4
2015-04-21,Tarifa,-7.356
2015-04-22,Tarifa,-7.3998
2015-04-23,Tarifa,-7.3827
2015-04-24,Tarifa,-7.3743
2015-04-25,Tarifa,-7.3929
2015-04-26,Tarifa,-7.3933
2015-04-27,Tarifa,-7.4369
2015-04-28,Tarifa,-7.4319
2015-04-29,Tarifa,-7.4205
2015-04-30,Tarifa,-7.4028
2015-05-01,Tarifa,-7.3989
2015-05-02,Tarifa,-7.3684
2015-05-03,Tarifa,-7.3553
2015-05-04,Tarifa,-7.3366
2015-05-05,Tarifa,-7.363
2015-05-06,Tarifa,-7.3761
2015-05-07,Tarifa,-7.3507
2015-05-08,Tarifa,-7.3954
2015-05-09,Tarifa,-7.3798
2015-05-10,Tarifa,-7.3303
2015-05-11,Tarifa,-7.3121
2015-05-12,Tarifa,-7.3206
2015-05-13,Tarifa,-7.3335
2015-05-14,Tarifa,-7.3762
2015-05-15,Tarifa,-7.4356
2015-05-16,Tarifa,-7.4292
2015-05-17,Tarifa,-7.3859
2015-05-18,Tarifa,-7.3477
2015-05-19,Tarifa,-7.767
2015-05-20,Tarifa,-7.3593
2015-05-21,Tarifa,-7.2915
2015-05-22,Tarifa,-7.3516
2015-05-23,Tarifa,-7.2994
2015-05-24,Tarifa,-7.2919
2015-05-25,Tarifa,-7.3049
2015-05-26,Tarifa,-7.362
2015-05-27,Tarifa,-7.3662
2015-05-28,Tarifa,-7.291
2015-05-29,Tarifa,-7.3068
2015-05-30,Tarifa,-7.3453
2015-05-31,Tarifa,-7.3309
2015-06-01,Tarifa,-7.3387
2015-06-02,Tarifa,-7.3376
2015-06-03,Tarifa,-7.3254
2015-06-04,Tarifa,-7.3344
2015-06-05,Tarifa,-7.339
2015-06-06,Tarifa,-7.3383
2015-06-07,Tarifa,-7.3316
2015-06-08,Tarifa,-7.34
2015-06-09,Tarifa,-7.3355
2015-06-10,Tarifa,-7.3288
2015-06-11,Tarifa,-7.3459
2015-06-12,Tarifa,-7.3587
2015-06-13,Tarifa,-7.383
2015-06-14,Tarifa,-7.4015
2015-06-15,Tarifa,-7.421
2015-06-16,Tarifa,-7.4247
2015-06-17,Tarifa,-7.4188
2015-06-18,Tarifa,-7.3819
2015-06-19,Tarifa,-7.3547
2015-06-20,Tarifa,-7.3157
2015-06-21,Tarifa,-7.3258
2015-06-22,Tarifa,-7.3282
2015-06-23,Tarifa,-7.3492
2015-06-24,Tarifa,-7.34
2015-06-25,Tarifa,-7.3324
2015-06-26,Tarifa,-7.3447
2015-06-27,Tarifa,-7.3496
2015-06-28,Tarifa,-7.3374
2015-06-29,Tarifa,-7.3234
2015-06-30,Tarifa,-7.3047
2015-07-01,Tarifa,-7.32
2015-07-02,Tarifa,-7.3319
2015-07-03,Tarifa,-7.3093
2015-07-04,Tarifa,-7.3246
2015-07-05,Tarifa,-7.3021
2015-07-06,Tarifa,-7.3113
2015-07-07,Tarifa,-7.3182
2015-07-08,Tarifa,-7.3412
2015-07-09,Tarifa,-7.3543
2015-07-10,Tarifa,-7.3742
2015-07-11,Tarifa,-7.3691
2015-07-12,Tarifa,-7.3783
2015-07-13,Tarifa,-7.3747
2015-07-14,Tarifa,-7.3702
2015-07-15,Tarifa,-7.314
2015-07-16,Tarifa,-7.2946
2015-07-17,Tarifa,-7.2977
2015-07-18,Tarifa,-7.3353
2015-07-19,Tarifa,-7.3418
2015-07-20,Tarifa,-7.3211
2015-07-21,Tarifa,-7.3028
2015-07-22,Tarifa,-7.3083
2015-07-23,Tarifa,-7.3166
2015-07-24,Tarifa,-7.3407
2015-07-25,Tarifa,-7.3305
2015-07-26,Tarifa,-7.3319
2015-07-27,Tarifa,-7.3452
2015-07-28,Tarifa,-7.3378
2015-07-29,Tarifa,-7.342
2015-07-30,Tarifa,-7.3482
2015-07-31,Tarifa,-7.3224
2015-08-01,Tarifa,-7.3129
2015-08-02,Tarifa,-7.2781
2015-08-03,Tarifa,-7.319
2015-08-04,Tarifa,-7.3188
2015-08-05,Tarifa,-7.2721
2015-08-06,Tarifa,-7.2505
2015-08-07,Tarifa,-7.2687
2015-08-08,Tarifa,-7.2813
2015-08-09,Tarifa,-7.273
2015-08-10,Tarifa,-7.3038
2015-08-11,Tarifa,-7.3194
2015-08-12,Tarifa,-7.3294
2015-08-13,Tarifa,-7.3858
2015-08-14,Tarifa,-7.3709
2015-08-15,Tarifa,-7.3616
2015-08-16,Tarifa,-7.3489
2015-08-17,Tarifa,-7.3192
2015-08-18,Tarifa,-7.3067
2015-08-19,Tarifa,-7.3171
2015-08-20,Tarifa,-7.2915
2015-08-21,Tarifa,-7.2951
2015-08-22,Tarifa,-7.3168
2015-08-23,Tarifa,-7.3324
2015-08-24,Tarifa,-7.3348
2015-08-25,Tarifa,-7.3448
2015-08-26,Tarifa,-7.3403
2015-08-27,Tarifa,-7.3514
2015-08-28,Tarifa,-7.3265
2015-08-29,Tarifa,-7.3146
2015-08-30,Tarifa,-7.3128
2015-08-31,Tarifa,-7.343
2015-09-01,Tarifa,-7.3382
2015-09-02,Tarifa,-7.3289
2015-09-03,Tarifa,-7.3225
2015-09-04,Tarifa,-7.3236
2015-09-05,Tarifa,-7.3207
2015-09-06,Tarifa,-7.3368
2015-09-07,Tarifa,-7.334
2015-09-08,Tarifa,-7.3201
2015-09-09,Tarifa,-7.2852
2015-09-10,Tarifa,-7.272
2015-09-11,Tarifa,-7.2543
2015-09-12,Tarifa,-7.2818
2015-09-13,Tarifa,-7.3441
2015-09-14,Tarifa,-7.3443
2015-09-15,Tarifa,-7.3365
2015-09-16,Tarifa,-7.3006
2015-09-17,Tarifa,-7.323
2015-09-18,Tarifa,-7.3103
2015-09-19,Tarifa,-7.3134
2015-09-20,Tarifa,-7.3595
2015-09-21,Tarifa,-7.3747
2015-09-22,Tarifa,-7.3509
2015-09-23,Tarifa,-7.3124
2015-09-24,Tarifa,-7.2985
2015-09-25,Tarifa,-7.3135
2015-09-26,Tarifa,-7.3174
2015-09-27,Tarifa,-7.3056
2015-09-28,Tarifa,-7.2866
2015-09-29,Tarifa,-7.2802
2015-09-30,Tarifa,-7.2829
2015-10-01,Tarifa,-7.2991
2015-10-02,Tarifa,-7.286
2015-10-03,Tarifa,-7.267
2015-10-04,Tarifa,-7.2934
2015-10-05,Tarifa,-7.3398
2015-10-06,Tarifa,-7.3251
2015-10-07,Tarifa,-7.3387
2015-10-08,Tarifa,-7.3008
2015-10-09,Tarifa,-7.2541
2015-10-10,Tarifa,-7.2578
2015-10-11,Tarifa,-7.2445
2015-10-12,Tarifa,-7.2104
2015-10-13,Tarifa,-7.1971
2015-10-14,Tarifa,-7.205
2015-10-15,Tarifa,-7.2061
2015-10-16,Tarifa,-7.1876
2015-10-17,Tarifa,-7.1482
2015-10-18,Tarifa,-7.1222
2015-10-19,Tarifa,-7.0818
2015-10-20,Tarifa,-7.0914
2015-10-21,Tarifa,-7.1504
2015-10-22,Tarifa,-7.2178
2015-10-23,Tarifa,-7.2253
2015-10-24,Tarifa,-7.1656
2015-10-25,Tarifa,-7.136
2015-10-26,Tarifa,-7.1592
2015-10-27,Tarifa,-7.2279
2015-10-28,Tarifa,-7.272
2015-10-29,Tarifa,-7.2644
2015-10-30,Tarifa,-7.2332
2015-10-31,Tarifa,-7.2058
2015-11-01,Tarifa,-7.085
2015-11-02,Tarifa,-7.1075
2015-11-03,Tarifa,-7.14
2015-11-04,Tarifa,-7.2497
2015-11-05,Tarifa,-7.2789
2015-11-06,Tarifa,-7.2972
2015-11-07,Tarifa,-7.2738
2015-11-08,Tarifa,-7.2695
2015-11-09,Tarifa,-7.3457
2015-11-10,Tarifa,-7.3639
2015-11-11,Tarifa,-7.3335
2015-11-12,Tarifa,-7.3121
2015-11-13,Tarifa,-7.3448
2015-11-14,Tarifa,-7.3604
2015-11-15,Tarifa,-7.3846
2015-11-16,Tarifa,-7.3664
2015-11-19,Tarifa,-7.3364
2015-11-20,Tarifa,-7.406
2015-11-21,Tarifa,-7.4643
2015-11-22,Tarifa,-7.3987
2015-11-23,Tarifa,-7.35
2015-11-24,Tarifa,-7.4196
2015-11-25,Tarifa,-7.54
2015-11-26,Tarifa,-7.4922
2015-11-27,Tarifa,-7.3959
2015-11-28,Tarifa,-7.3226
2015-11-29,Tarifa,-7.3286
2015-11-30,Tarifa,-7.3526
2015-12-01,Tarifa,-7.3596
2015-12-02,Tarifa,-7.3246
2015-12-03,Tarifa,-7.2986
2015-12-04,Tarifa,-7.2914
2015-12-05,Tarifa,-7.3012
2015-12-06,Tarifa,-7.3039
2015-12-07,Tarifa,-7.3464
2015-12-08,Tarifa,-7.3908
2015-12-09,Tarifa,-7.3743
2015-12-10,Tarifa,-7.3872
2015-12-11,Tarifa,-7.3792
2015-12-12,Tarifa,-7.3667
2015-12-13,Tarifa,-7.3248
2015-12-14,Tarifa,-7.2998
2015-12-15,Tarifa,-7.3256
2015-12-16,Tarifa,-7.3397
2015-12-17,Tarifa,-7.3609
2015-12-18,Tarifa,-7.3511
2015-12-19,Tarifa,-7.324
2015-12-20,Tarifa,-7.3153
2015-12-21,Tarifa,-7.3345
2015-12-22,Tarifa,-7.336
2015-12-23,Tarifa,-7.3672
2015-12-24,Tarifa,-7.405
2015-12-25,Tarifa,-7.4089
2015-12-26,Tarifa,-7.3855
2015-12-27,Tarifa,-7.3282
2015-12-28,Tarifa,-7.3803
2015-12-29,Tarifa,-7.4557
2015-12-30,Tarifa,-7.4635
2015-12-31,Tarifa,-7.4346
2016-01-01,Tarifa,-7.3875
2016-01-02,Tarifa,-7.4043
2016-01-03,Tarifa,-7.4448
2016-01-04,Tarifa,-7.4318
2016-01-05,Tarifa,-7.4059
2016-01-06,Tarifa,-7.4804
2016-01-07,Tarifa,-7.5029
2016-01-08,Tarifa,-7.3851
2016-01-09,Tarifa,-7.3436
2016-01-10,Tarifa,-7.3644
2016-01-11,Tarifa,-7.3435
2016-01-12,Tarifa,-7.3881
2016-01-13,Tarifa,-7.3655
2016-01-14,Tarifa,-7.3491
2016-01-15,Tarifa,-7.3757
2016-01-16,Tarifa,-7.4621
2016-01-17,Tarifa,-7.4698
2016-01-18,Tarifa,-7.4221
2016-01-19,Tarifa,-7.3703
2016-01-20,Tarifa,-7.3424
2016-01-21,Tarifa,-7.3603
2016-01-22,Tarifa,-7.3856
2016-01-23,Tarifa,-7.3961
2016-01-24,Tarifa,-7.397
2016-01-25,Tarifa,-7.4118
2016-01-26,Tarifa,-7.4533
2016-01-27,Tarifa,-7.4433
2016-01-28,Tarifa,-7.4154
2016-01-29,Tarifa,-7.4144
2016-01-30,Tarifa,-7.4663
2016-01-31,Tarifa,-7.5141
2016-02-01,Tarifa,-7.48
2016-02-02,Tarifa,-7.4236
2016-02-03,Tarifa,-7.4338
2016-02-04,Tarifa,-7.4471
2016-02-05,Tarifa,-7.4476
2016-02-06,Tarifa,-7.4244
2016-02-07,Tarifa,-7.4777
2016-02-08,Tarifa,-7.5194
2016-02-09,Tarifa,-7.5097
2016-02-10,Tarifa,-7.5043
2016-02-11,Tarifa,-7.4498
2016-02-12,Tarifa,-7.4713
2016-02-13,Tarifa,-7.4678
2016-02-14,Tarifa,-7.4505
2016-02-15,Tarifa,-7.4121
2016-02-16,Tarifa,-7.4097
2016-02-17,Tarifa,-7.4841
2016-02-18,Tarifa,-7.4959
2016-02-19,Tarifa,-7.4049
2016-02-20,Tarifa,-7.4075
2016-02-21,Tarifa,-7.4194
2016-02-22,Tarifa,-7.4503
2016-02-23,Tarifa,-7.514
2016-02-24,Tarifa,-7.5118
2016-02-25,Tarifa,-7.4684
2016-02-26,Tarifa,-7.4358
2016-02-27,Tarifa,-7.3512
2016-02-28,Tarifa,-7.3979
2016-02-29,Tarifa,-7.4596
2016-03-01,Tarifa,-7.5389
2016-03-02,Tarifa,-7.581
2016-03-03,Tarifa,-7.543
2016-03-04,Tarifa,-7.46
2016-03-05,Tarifa,-7.4165
2016-03-06,Tarifa,-7.4505
2016-03-07,Tarifa,-7.4173
2016-03-08,Tarifa,-7.4382
2016-03-09,Tarifa,-7.5025
2016-03-10,Tarifa,-7.4322
2016-03-11,Tarifa,-7.3953
2016-03-12,Tarifa,-7.4148
2016-03-13,Tarifa,-7.4172
2016-03-14,Tarifa,-7.3685
2016-03-15,Tarifa,-7.3716
2016-03-16,Tarifa,-7.3553
2016-03-17,Tarifa,-7.354
2016-03-18,Tarifa,-7.3678
2016-03-19,Tarifa,-7.3751
2016-03-20,Tarifa,-7.3441
2016-03-21,Tarifa,-7.3248
2016-03-22,Tarifa,-7.3794
2016-03-23,Tarifa,-7.4341
2016-03-24,Tarifa,-7.4146
2016-03-25,Tarifa,-7.4542
2016-03-26,Tarifa,-7.4488
2016-03-27,Tarifa,-7.4238
2016-03-28,Tarifa,-7.4286
2016-03-29,Tarifa,-7.376
2016-03-30,Tarifa,-7.3251
2016-03-31,Tarifa,-7.3906
2016-04-01,Tarifa,-7.3995
2016-04-02,Tarifa,-7.366
2016-04-03,Tarifa,-7.418
2016-04-04,Tarifa,-7.3933
2016-04-05,Tarifa,-7.4019
2016-04-06,Tarifa,-7.4216
2016-04-07,Tarifa,-7.3982
2016-04-08,Tarifa,-7.4211
2016-04-09,Tarifa,-7.3831
2016-04-10,Tarifa,-7.3305
2016-04-11,Tarifa,-7.2985
2016-04-12,Tarifa,-7.3346
2016-04-13,Tarifa,-7.3676
2016-04-14,Tarifa,-7.3778
2016-04-15,Tarifa,-7.3443
2016-04-16,Tarifa,-7.3357
2016-04-17,Tarifa,-7.3447
2016-04-18,Tarifa,-7.3102
2016-04-19,Tarifa,-7.3151
2016-04-20,Tarifa,-7.3486
2016-04-21,Tarifa,-7.3561
2016-04-22,Tarifa,-7.3546
2016-04-23,Tarifa,-7.3592
2016-04-24,Tarifa,-7.3637
2016-04-25,Tarifa,-7.3431
2016-04-26,Tarifa,-7.2874
2016-04-27,Tarifa,-7.2849
2016-04-28,Tarifa,-7.3006
2016-04-29,Tarifa,-7.2956
2016-04-30,Tarifa,-7.3304
2016-05-01,Tarifa,-7.3709
2016-05-02,Tarifa,-7.3362
2016-05-03,Tarifa,-7.3248
2016-05-04,Tarifa,-7.3239
2016-05-05,Tarifa,-7.3045
2016-05-06,Tarifa,-7.2885
2016-05-07,Tarifa,-7.253
2016-05-08,Tarifa,-7.1787
2016-05-09,Tarifa,-7.1827
2016-05-10,Tarifa,-7.2021
2016-05-11,Tarifa,-7.2488
2016-05-12,Tarifa,-7.2936
2016-05-13,Tarifa,-7.3279
2016-05-14,Tarifa,-7.358
2016-05-15,Tarifa,-7.3511
2016-05-16,Tarifa,-7.3464
2016-05-17,Tarifa,-7.3381
2016-05-18,Tarifa,-7.3706
2016-05-19,Tarifa,-7.4241
2016-05-20,Tarifa,-7.4199
2016-05-21,Tarifa,-7.3892
2016-05-22,Tarifa,-7.4138
2016-05-23,Tarifa,-7.391
2016-05-24,Tarifa,-7.3478
2016-05-25,Tarifa,-7.3406
2016-05-26,Tarifa,-7.57
2016-05-27,Tarifa,-7.3558
2016-05-28,Tarifa,-7.395
2016-05-29,Tarifa,-7.4169
2016-05-30,Tarifa,-7.3918
2016-05-31,Tarifa,-7.3848
2016-06-01,Tarifa,-7.3872
2016-06-02,Tarifa,-7.3729
2016-06-03,Tarifa,-7.4193
2016-06-04,Tarifa,-7.4226
2016-06-05,Tarifa,-7.3891
2016-06-06,Tarifa,-7.3898
2016-06-07,Tarifa,-7.3835
2016-06-08,Tarifa,-7.3854
2016-06-09,Tarifa,-7.378
2016-06-10,Tarifa,-7.3993
2016-06-11,Tarifa,-7.3738
2016-06-12,Tarifa,-7.3938
2016-06-13,Tarifa,-7.4297
2016-06-14,Tarifa,-7.3992
2016-06-15,Tarifa,-7.3703
2016-06-16,Tarifa,-7.3799
2016-06-17,Tarifa,-7.3942
2016-06-18,Tarifa,-7.4172
2016-06-19,Tarifa,-7.4547
2016-06-20,Tarifa,-7.4216
2016-06-21,Tarifa,-7.3482
2016-06-22,Tarifa,-7.3269
2016-06-23,Tarifa,-7.3464
2016-06-24,Tarifa,-7.3273
2016-06-25,Tarifa,-7.3172
2016-06-26,Tarifa,-7.3119
2016-06-27,Tarifa,-7.2729
2016-06-28,Tarifa,-7.2712
2016-06-29,Tarifa,-7.3093
2016-06-30,Tarifa,-7.319
2016-07-01,Tarifa,-7.3276
2016-07-02,Tarifa,-7.3403
2016-07-03,Tarifa,-7.3091
2016-07-04,Tarifa,-7.3558
2016-07-05,Tarifa,-7.3559
2016-07-06,Tarifa,-7.3314
2016-07-07,Tarifa,-7.3259
2016-07-08,Tarifa,-7.3108
2016-07-09,Tarifa,-7.2832
2016-07-10,Tarifa,-7.2783
2016-07-11,Tarifa,-7.302
2016-07-12,Tarifa,-7.3388
2016-07-13,Tarifa,-7.3559
2016-07-14,Tarifa,-7.3287
2016-07-15,Tarifa,-7.3242
2016-07-16,Tarifa,-7.2898
2016-07-17,Tarifa,-7.216
2016-07-18,Tarifa,-7.2062
2016-07-19,Tarifa,-7.2398
2016-07-20,Tarifa,-7.2862
2016-07-21,Tarifa,-7.298
2016-07-22,Tarifa,-7.3382
2016-07-23,Tarifa,-7.2983
2016-07-24,Tarifa,-7.2842
2016-07-25,Tarifa,-7.2842
2016-07-26,Tarifa,-7.2722
2016-07-27,Tarifa,-7.2823
2016-07-28,Tarifa,-7.2634
2016-07-29,Tarifa,-7.2656
2016-07-30,Tarifa,-7.3386
2016-07-31,Tarifa,-7.354
2016-08-01,Tarifa,-7.3499
2016-08-02,Tarifa,-7.32
2016-08-03,Tarifa,-7.3349
2016-08-04,Tarifa,-7.3461
2016-08-05,Tarifa,-7.3414
2016-08-06,Tarifa,-7.3158
2016-08-07,Tarifa,-7.281
2016-08-08,Tarifa,-7.2434
2016-08-09,Tarifa,-7.2255
2016-08-10,Tarifa,-7.201
2016-08-11,Tarifa,-7.2004
2016-08-12,Tarifa,-7.2152
2016-08-13,Tarifa,-7.1671
2016-08-14,Tarifa,-7.154
2016-08-15,Tarifa,-7.1978
2016-08-16,Tarifa,-7.2345
2016-08-17,Tarifa,-7.292
2016-08-18,Tarifa,-7.3554
2016-08-19,Tarifa,-7.342
2016-08-20,Tarifa,-7.3329
2016-08-21,Tarifa,-7.326
2016-08-22,Tarifa,-7.3163
2016-08-23,Tarifa,-7.2977
2016-08-24,Tarifa,-7.2615
2016-08-25,Tarifa,-7.2227
2016-08-26,Tarifa,-7.1972
2016-08-27,Tarifa,-7.2069
2016-08-28,Tarifa,-7.2547
2016-08-29,Tarifa,-7.3144
2016-08-30,Tarifa,-7.3469
2016-08-31,Tarifa,-7.3302
2016-09-01,Tarifa,-7.3153
2016-09-02,Tarifa,-7.3185
2016-09-03,Tarifa,-7.3017
2016-09-04,Tarifa,-7.2574
2016-09-05,Tarifa,-7.2673
2016-09-06,Tarifa,-7.3056
2016-09-07,Tarifa,-7.2858
2016-09-08,Tarifa,-7.3375
2016-09-09,Tarifa,-7.3526
2016-09-10,Tarifa,-7.3285
2016-09-11,Tarifa,-7.2891
2016-09-12,Tarifa,-7.2494
2016-09-13,Tarifa,-7.3911
2016-09-19,Tarifa,-7.37
2016-09-20,Tarifa,-7.3406
2016-09-21,Tarifa,-7.3218
2016-09-22,Tarifa,-7.3355
2016-09-23,Tarifa,-7.3094
2016-09-24,Tarifa,-7.2874
2016-09-25,Tarifa,-7.3154
2016-09-26,Tarifa,-7.3394
2016-09-27,Tarifa,-7.3449
2016-09-28,Tarifa,-7.3109
2016-09-29,Tarifa,-7.2511
2016-09-30,Tarifa,-7.2308
2016-10-01,Tarifa,-7.2654
2016-10-02,Tarifa,-7.3032
2016-10-03,Tarifa,-7.2741
2016-10-04,Tarifa,-7.2862
2016-10-05,Tarifa,-7.2804
2016-10-06,Tarifa,-7.2502
2016-10-07,Tarifa,-7.2843
2016-10-08,Tarifa,-7.2746
2016-10-09,Tarifa,-7.2946
2016-10-10,Tarifa,-7.3199
2016-10-11,Tarifa,-7.3234
2016-10-12,Tarifa,-7.2672
2016-10-13,Tarifa,-7.2196
2016-10-14,Tarifa,-7.2584
2016-10-15,Tarifa,-7.3051
2016-10-16,Tarifa,-7.307
2016-10-17,Tarifa,-7.3372
2016-10-18,Tarifa,-7.3321
2016-10-19,Tarifa,-7.2922
2016-10-20,Tarifa,-7.2584
2016-10-21,Tarifa,-7.2246
2016-10-22,Tarifa,-7.1835
2016-10-23,Tarifa,-7.1454
2016-10-24,Tarifa,-7.1276
2016-10-25,Tarifa,-7.1653
2016-10-26,Tarifa,-7.2277
2016-10-27,Tarifa,-7.247
2016-10-28,Tarifa,-7.234
2016-10-29,Tarifa,-7.1713
2016-10-30,Tarifa,-7.1576
2016-10-31,Tarifa,-7.1716
2016-11-01,Tarifa,-7.2022
2016-11-02,Tarifa,-7.2095
2016-11-03,Tarifa,-7.2221
2016-11-04,Tarifa,-7.2211
2016-11-05,Tarifa,-7.218
2016-11-06,Tarifa,-7.273
2016-11-07,Tarifa,-7.2981
2016-11-08,Tarifa,-7.3683
2016-11-09,Tarifa,-7.4281
2016-11-10,Tarifa,-7.3747
2016-11-11,Tarifa,-7.3749
2016-11-12,Tarifa,-7.3692
2016-11-13,Tarifa,-7.3294
2016-11-14,Tarifa,-7.3094
2016-11-15,Tarifa,-7.318
2016-11-16,Tarifa,-7.3263
2016-11-17,Tarifa,-7.3373
2016-11-18,Tarifa,-7.3007
2016-11-19,Tarifa,-7.2867
2016-11-20,Tarifa,-7.2669
2016-11-21,Tarifa,-7.1999
2016-11-22,Tarifa,-7.1452
2016-11-23,Tarifa,-7.1639
2016-11-24,Tarifa,-7.2151
2016-11-25,Tarifa,-7.2203
2016-11-26,Tarifa,-7.1691
2016-11-27,Tarifa,-7.1737
2016-11-28,Tarifa,-7.2593
2016-11-29,Tarifa,-7.2447
2016-11-30,Tarifa,-7.1738
2016-12-01,Tarifa,-7.1832
2016-12-02,Tarifa,-7.1763
2016-12-03,Tarifa,-7.0727
2016-12-04,Tarifa,-7.0253
2016-12-05,Tarifa,-7.057
2016-12-06,Tarifa,-7.1937
2016-12-07,Tarifa,-7.2295
2016-12-08,Tarifa,-7.1969
2016-12-09,Tarifa,-7.2357
2016-12-10,Tarifa,-7.2672
2016-12-11,Tarifa,-7.3509
2016-12-12,Tarifa,-7.3927
2016-12-13,Tarifa,-7.3657
2016-12-14,Tarifa,-7.3426
2016-12-15,Tarifa,-7.3491
2016-12-16,Tarifa,-7.2584
2016-12-17,Tarifa,-7.1971
2016-12-18,Tarifa,-7.1576
2016-12-19,Tarifa,-7.1874
2016-12-20,Tarifa,-7.3167
2016-12-21,Tarifa,-7.3787
2016-12-22,Tarifa,-7.3789
2016-12-23,Tarifa,-7.4023
2016-12-24,Tarifa,-7.3972
2016-12-25,Tarifa,-7.3884
2016-12-26,Tarifa,-7.3656
2016-12-27,Tarifa,-7.359
2016-12-28,Tarifa,-7.3477
2016-12-29,Tarifa,-7.3824
2016-12-30,Tarifa,-7.3635
2016-12-31,Tarifa,-7.3593
2017-01-01,Tarifa,-7.3351
2017-01-02,Tarifa,-7.308
2017-01-03,Tarifa,-7.3629
2017-01-04,Tarifa,-7.4124
2017-01-05,Tarifa,-7.4247
2017-01-06,Tarifa,-7.3602
2017-01-07,Tarifa,-7.338
2017-01-08,Tarifa,-7.3377
2017-01-09,Tarifa,-7.3534
2017-01-10,Tarifa,-7.4023
2017-01-11,Tarifa,-7.3338
2017-01-12,Tarifa,-7.3522
2017-01-13,Tarifa,-7.3838
2017-01-14,Tarifa,-7.4355
2017-01-15,Tarifa,-7.4502
2017-01-16,Tarifa,-7.4291
2017-01-17,Tarifa,-7.3965
2017-01-18,Tarifa,-7.3243
2017-01-19,Tarifa,-7.247
2017-01-20,Tarifa,-7.2217
2017-01-21,Tarifa,-7.2223
2017-01-22,Tarifa,-7.3061
2017-01-23,Tarifa,-7.3402
2017-01-24,Tarifa,-7.4257
2017-01-25,Tarifa,-7.3471
2017-01-26,Tarifa,-7.2353
2017-01-27,Tarifa,-7.2752
2017-01-28,Tarifa,-7.4224
2017-01-29,Tarifa,-7.4298
2017-01-30,Tarifa,-7.4038
2017-01-31,Tarifa,-7.3353
2017-02-01,Tarifa,-7.339
2017-02-02,Tarifa,-7.3493
2017-02-03,Tarifa,-7.4052
2017-02-04,Tarifa,-7.4398
2017-02-05,Tarifa,-7.518
2017-02-06,Tarifa,-7.6077
2017-02-07,Tarifa,-7.57
2017-02-08,Tarifa,-7.5262
2017-02-09,Tarifa,-7.4437
2017-02-10,Tarifa,-7.3629
2017-02-11,Tarifa,-7.2509
2017-02-12,Tarifa,-7.1482
2017-02-13,Tarifa,-7.2167
2017-02-14,Tarifa,-7.2772
2017-02-15,Tarifa,-7.2723
2017-02-16,Tarifa,-7.2632
2017-02-17,Tarifa,-7.3446
2017-02-18,Tarifa,-7.3502
2017-02-19,Tarifa,-7.2944
2017-02-20,Tarifa,-7.2382
2017-02-21,Tarifa,-7.278
2017-02-22,Tarifa,-7.2507
2017-02-23,Tarifa,-7.2763
2017-02-24,Tarifa,-7.3217
2017-02-25,Tarifa,-7.377
2017-02-26,Tarifa,-7.3897
2017-02-27,Tarifa,-7.4051
2017-02-28,Tarifa,-7.414
2017-03-01,Tarifa,-7.3715
2017-03-02,Tarifa,-7.338
2017-03-03,Tarifa,-7.3098
2017-03-04,Tarifa,-7.3183
2017-03-05,Tarifa,-7.4415
2017-03-06,Tarifa,-7.504
2017-03-07,Tarifa,-7.5417
2017-03-08,Tarifa,-7.5006
2017-03-09,Tarifa,-7.4541
2017-03-10,Tarifa,-7.4368
2017-03-11,Tarifa,-7.4385
2017-03-12,Tarifa,-7.4077
2017-03-13,Tarifa,-7.3505
2017-03-14,Tarifa,-7.2698
2017-03-15,Tarifa,-7.2882
2017-03-16,Tarifa,-7.3007
2017-03-17,Tarifa,-7.2887
2017-03-18,Tarifa,-7.2794
2017-03-22,Tarifa,-7.4675
2017-03-23,Tarifa,-7.3994
2017-03-24,Tarifa,-7.5472
2017-03-28,Tarifa,-7.4941
2017-03-29,Tarifa,-7.3641
2017-03-31,Tarifa,-7.473
2017-04-01,Tarifa,-7.483
2017-04-02,Tarifa,-7.4488
2017-04-03,Tarifa,-7.4349
2017-04-04,Tarifa,-7.4273
2017-04-05,Tarifa,-7.41
2017-04-06,Tarifa,-7.3709
2017-04-07,Tarifa,-7.3267
2017-04-08,Tarifa,-7.326
2017-04-09,Tarifa,-7.3148
2017-04-10,Tarifa,-7.3452
2017-04-11,Tarifa,-7.3834
2017-04-12,Tarifa,-7.3742
2017-04-13,Tarifa,-7.3925
2017-04-14,Tarifa,-7.378
2017-04-15,Tarifa,-7.3446
2017-04-16,Tarifa,-7.3282
2017-04-17,Tarifa,-7.3249
2017-04-18,Tarifa,-7.2506
2017-04-19,Tarifa,-7.2398
2017-05-03,Tarifa,-7.0471
2017-05-04,Tarifa,-7.2154
2017-05-05,Tarifa,-7.3085
2017-05-06,Tarifa,-7.3612
2017-05-07,Tarifa,-7.3716
2017-05-08,Tarifa,-7.3619
2017-05-09,Tarifa,-7.3368
2017-05-10,Tarifa,-7.2552
2017-05-11,Tarifa,-7.245
2017-05-12,Tarifa,-7.2485
2017-05-13,Tarifa,-7.3169
2017-05-14,Tarifa,-7.3468
2017-05-15,Tarifa,-7.3182
2017-05-16,Tarifa,-7.3073
2017-05-17,Tarifa,-7.302
2017-05-18,Tarifa,-7.3059
2017-05-19,Tarifa,-7.3151
2017-05-20,Tarifa,-7.2934
2017-05-21,Tarifa,-7.2921
2017-05-22,Tarifa,-7.3365
2017-05-23,Tarifa,-7.2845
2017-05-24,Tarifa,-7.2577
2017-05-25,Tarifa,-7.2848
2017-05-26,Tarifa,-7.3062
2017-05-27,Tarifa,-7.2726
2017-05-28,Tarifa,-7.294
2017-05-29,Tarifa,-7.2938
2017-05-30,Tarifa,-7.2726
2017-05-31,Tarifa,-7.248
2017-06-01,Tarifa,-7.245
2017-06-02,Tarifa,-7.2706
2017-06-03,Tarifa,-7.3477
2017-06-04,Tarifa,-7.4107
2017-06-05,Tarifa,-7.4168
2017-06-06,Tarifa,-7.3963
2017-06-07,Tarifa,-7.3658
2017-06-08,Tarifa,-7.2995
2017-06-09,Tarifa,-7.3349
2017-06-10,Tarifa,-7.298
2017-06-11,Tarifa,-7.2768
2017-06-12,Tarifa,-7.2643
2017-06-13,Tarifa,-7.2625
2017-06-14,Tarifa,-7.2997
2017-06-15,Tarifa,-7.2986
2017-06-16,Tarifa,-7.2858
2017-06-17,Tarifa,-7.2808
2017-06-18,Tarifa,-7.2524
2017-06-19,Tarifa,-7.2351
2017-06-20,Tarifa,-7.2337
2017-06-21,Tarifa,-7.2892
2017-06-22,Tarifa,-7.3294
2017-06-23,Tarifa,-7.3596
2017-06-24,Tarifa,-7.3292
2017-06-25,Tarifa,-7.2851
2017-06-26,Tarifa,-7.3198
2017-06-27,Tarifa,-7.4888
2017-07-17,Tarifa,-7.3173
2017-07-18,Tarifa,-7.2262
2017-07-19,Tarifa,-7.3147
2017-07-20,Tarifa,-7.3661
2017-07-21,Tarifa,-7.3824
2017-07-22,Tarifa,-7.3785
2017-07-23,Tarifa,-7.3835
2017-07-24,Tarifa,-7.3983
2017-07-25,Tarifa,-7.3632
2017-07-26,Tarifa,-7.3196
2017-07-27,Tarifa,-7.29
2017-07-28,Tarifa,-7.2806
2017-07-29,Tarifa,-7.2725
2017-07-30,Tarifa,-7.2749
2017-07-31,Tarifa,-7.2974
2017-08-01,Tarifa,-7.334
2017-08-02,Tarifa,-7.3573
2017-08-03,Tarifa,-7.3725
2017-08-04,Tarifa,-7.3364
2017-08-05,Tarifa,-7.3373
2017-08-06,Tarifa,-7.3183
2017-08-07,Tarifa,-7.2784
2017-08-08,Tarifa,-7.2908
2017-08-09,Tarifa,-7.3132
2017-08-10,Tarifa,-7.2951
2017-08-11,Tarifa,-7.2767
2017-08-12,Tarifa,-7.2361
2017-08-13,Tarifa,-7.1722
2017-08-14,Tarifa,-7.1162
2017-08-15,Tarifa,-7.1674
2017-08-16,Tarifa,-7.2281
2017-08-17,Tarifa,-7.2661
2017-08-18,Tarifa,-7.2672
2017-08-19,Tarifa,-7.2862
2017-08-20,Tarifa,-7.288
2017-08-21,Tarifa,-7.3064
2017-08-22,Tarifa,-7.2604
2017-08-23,Tarifa,-7.2094
2017-08-24,Tarifa,-7.1972
2017-08-25,Tarifa,-7.2005
2017-08-26,Tarifa,-7.227
2017-08-27,Tarifa,-7.2595
2017-08-28,Tarifa,-7.2521
2017-08-29,Tarifa,-7.2787
2017-08-30,Tarifa,-7.2576
2017-08-31,Tarifa,-7.2163
2017-09-01,Tarifa,-7.2165
2017-09-02,Tarifa,-7.2415
2017-09-03,Tarifa,-7.2901
2017-09-04,Tarifa,-7.3092
2017-09-05,Tarifa,-7.3155
2017-09-06,Tarifa,-7.2697
2017-09-07,Tarifa,-7.2707
2017-09-08,Tarifa,-7.2812
2017-09-09,Tarifa,-7.3291
2017-09-10,Tarifa,-7.3303
2017-09-11,Tarifa,-7.3544
2017-09-12,Tarifa,-7.2889
2017-09-13,Tarifa,-7.288
2017-09-14,Tarifa,-7.3066
2017-09-15,Tarifa,-7.3362
2017-09-16,Tarifa,-7.3321
2017-09-17,Tarifa,-7.3557
2017-09-18,Tarifa,-7.3811
2017-09-19,Tarifa,-7.3749
2017-09-20,Tarifa,-7.3358
2017-09-21,Tarifa,-7.2789
2017-09-22,Tarifa,-7.2813
2017-09-23,Tarifa,-7.29
2017-09-24,Tarifa,-7.3336
2017-09-25,Tarifa,-7.3461
2017-09-26,Tarifa,-7.3312
2017-09-27,Tarifa,-7.2733
2017-09-28,Tarifa,-7.2634
2017-09-29,Tarifa,-7.2867
2017-09-30,Tarifa,-7.3178
2017-10-01,Tarifa,-7.2731
2017-10-02,Tarifa,-7.2801
2017-10-03,Tarifa,-7.2822
2017-10-04,Tarifa,-7.3177
2017-10-05,Tarifa,-7.3196
2017-10-06,Tarifa,-7.3801
2017-10-07,Tarifa,-7.3377
2017-10-08,Tarifa,-7.2762
2017-10-09,Tarifa,-7.2548
2017-10-10,Tarifa,-7.2447
2017-10-11,Tarifa,-7.2374
2017-10-12,Tarifa,-7.261
2017-10-13,Tarifa,-7.2804
2017-10-14,Tarifa,-7.2871
2017-10-15,Tarifa,-7.2844
2017-10-16,Tarifa,-7.2976
2017-10-17,Tarifa,-7.3099
2017-10-18,Tarifa,-7.311
2017-10-19,Tarifa,-7.3119
2017-10-20,Tarifa,-7.3363
2017-10-21,Tarifa,-7.3309
2017-10-22,Tarifa,-7.3474
2017-10-23,Tarifa,-7.3744
2017-10-24,Tarifa,-7.3572
2017-10-25,Tarifa,-7.3271
2017-10-26,Tarifa,-7.2654
2017-10-27,Tarifa,-7.3178
2017-10-28,Tarifa,-7.3528
2017-10-29,Tarifa,-7.3408
2017-10-30,Tarifa,-7.316
2017-10-31,Tarifa,-7.2578
2017-11-01,Tarifa,-7.2614
2017-11-02,Tarifa,-7.2769
2017-11-03,Tarifa,-7.2815
2017-11-04,Tarifa,-7.3141
2017-11-05,Tarifa,-7.3446
2017-11-06,Tarifa,-7.3451
2017-11-07,Tarifa,-7.3265
2017-11-08,Tarifa,-7.3466
2017-11-09,Tarifa,-7.3278
2017-11-10,Tarifa,-7.3861
2017-11-11,Tarifa,-7.4034
2017-11-12,Tarifa,-7.3857
2017-11-13,Tarifa,-7.4014
2017-11-14,Tarifa,-7.3343
2017-11-15,Tarifa,-7.2896
2017-11-16,Tarifa,-7.2989
2017-11-17,Tarifa,-7.3191
2017-11-18,Tarifa,-7.2976
2017-11-19,Tarifa,-7.2966
2017-11-20,Tarifa,-7.3045
2017-11-21,Tarifa,-7.2827
2017-11-22,Tarifa,-7.2403
2017-11-23,Tarifa,-7.2614
2017-11-24,Tarifa,-7.2672
2017-11-25,Tarifa,-7.2821
2017-11-26,Tarifa,-7.3246
2017-11-27,Tarifa,-7.3479
2017-11-28,Tarifa,-7.2957
2017-11-29,Tarifa,-7.2316
2017-11-30,Tarifa,-7.2728
2017-12-01,Tarifa,-7.3632
2017-12-02,Tarifa,-7.3753
2017-12-03,Tarifa,-7.3822
2017-12-04,Tarifa,-7.3678
2017-12-05,Tarifa,-7.3706
2017-12-06,Tarifa,-7.3612
2017-12-07,Tarifa,-7.3525
2017-12-08,Tarifa,-7.4089
2017-12-09,Tarifa,-7.4619
2017-12-10,Tarifa,-7.4337
2017-12-11,Tarifa,-7.2704
2017-12-12,Tarifa,-7.344
2017-12-13,Tarifa,-7.4382
2017-12-14,Tarifa,-7.4754
2017-12-15,Tarifa,-7.4451
2017-12-16,Tarifa,-7.4269
2017-12-17,Tarifa,-7.504
2017-12-18,Tarifa,-7.4855
2017-12-19,Tarifa,-7.4261
2017-12-20,Tarifa,-7.4751
2017-12-21,Tarifa,-7.5113
2017-12-22,Tarifa,-7.5601
2017-12-23,Tarifa,-7.4802
2017-12-24,Tarifa,-7.4147
2017-12-25,Tarifa,-7.3837
2017-12-26,Tarifa,-7.4087
2017-12-27,Tarifa,-7.4694
2017-12-28,Tarifa,-7.5286
2017-12-29,Tarifa,-7.5189
2017-12-30,Tarifa,-7.5011
2017-12-31,Tarifa,-7.525
2018-01-01,Tarifa,-7.5777
2018-01-02,Tarifa,-7.6301
2018-01-03,Tarifa,-7.587
2018-01-04,Tarifa,-7.5815
2018-01-05,Tarifa,-7.4055
2018-01-06,Tarifa,-7.2179
2018-01-07,Tarifa,-7.1887
2018-01-08,Tarifa,-7.214
2018-01-09,Tarifa,-7.3358
2018-01-10,Tarifa,-7.4495
2018-01-11,Tarifa,-7.4964
2018-01-12,Tarifa,-7.4547
2018-01-13,Tarifa,-7.4228
2018-01-14,Tarifa,-7.3871
2018-01-15,Tarifa,-7.3951
2018-01-16,Tarifa,-7.4695
2018-01-17,Tarifa,-7.4741
2018-01-18,Tarifa,-7.4126
2018-01-19,Tarifa,-7.4143
2018-01-20,Tarifa,-7.4994
2018-01-21,Tarifa,-7.5474
2018-01-22,Tarifa,-7.5227
2018-01-23,Tarifa,-7.45
2018-01-24,Tarifa,-7.3641
2018-01-25,Tarifa,-7.3856
2018-01-26,Tarifa,-7.4635
2018-01-27,Tarifa,-7.4461
2018-01-28,Tarifa,-7.4215
2018-01-29,Tarifa,-7.4743
2018-01-30,Tarifa,-7.4429
2018-01-31,Tarifa,-7.4254
2018-02-01,Tarifa,-7.4745
2018-02-02,Tarifa,-7.4602
2018-02-03,Tarifa,-7.4877
2018-02-04,Tarifa,-7.3779
2018-02-05,Tarifa,-7.313
2018-02-06,Tarifa,-7.372
2018-02-07,Tarifa,-7.3826
2018-02-08,Tarifa,-7.3533
2018-02-09,Tarifa,-7.4151
2018-02-10,Tarifa,-7.5115
2018-02-11,Tarifa,-7.4813
2018-02-12,Tarifa,-7.4401
2018-02-13,Tarifa,-7.4668
2018-02-14,Tarifa,-7.4665
2018-02-15,Tarifa,-7.4594
2018-02-16,Tarifa,-7.4195
2018-02-17,Tarifa,-7.4273
2018-02-18,Tarifa,-7.279
2018-02-19,Tarifa,-7.3973
2018-02-20,Tarifa,-7.375
2018-02-21,Tarifa,-7.326
2018-02-22,Tarifa,-7.2934
2018-02-23,Tarifa,-7.2555
2018-02-24,Tarifa,-7.2385
2018-02-25,Tarifa,-7.2925
2018-02-26,Tarifa,-7.2935
2018-02-27,Tarifa,-7.25
2018-02-28,Tarifa,-7.175
2018-03-01,Tarifa,-7.1278
2018-03-02,Tarifa,-7.1619
2018-03-03,Tarifa,-7.1622
2018-03-04,Tarifa,-7.1446
2018-03-05,Tarifa,-7.1915
2018-03-06,Tarifa,-7.1827
2018-03-07,Tarifa,-7.1882
2018-03-08,Tarifa,-7.2156
2018-03-09,Tarifa,-7.2112
2018-03-10,Tarifa,-7.222
2018-03-11,Tarifa,-7.3058
2018-03-12,Tarifa,-7.3637
2018-03-13,Tarifa,-7.3438
2018-03-14,Tarifa,-7.315
2018-03-15,Tarifa,-7.2423
2018-03-16,Tarifa,-7.2926
2018-03-17,Tarifa,-6.7546
2018-03-20,Tarifa,-7.433
2018-03-21,Tarifa,-7.3838
2018-03-22,Tarifa,-7.256
2018-03-23,Tarifa,-7.493
2018-03-24,Tarifa,-7.423
2018-03-25,Tarifa,-7.3523
2018-03-26,Tarifa,-7.4264
2018-03-27,Tarifa,-7.456
2018-03-28,Tarifa,-7.4774
2018-03-29,Tarifa,-7.4571
2018-03-30,Tarifa,-7.4041
2018-03-31,Tarifa,-7.4286
2018-04-01,Tarifa,-7.351
2018-04-02,Tarifa,-7.2863
2018-04-03,Tarifa,-7.2997
2018-04-04,Tarifa,-7.3639
2018-04-05,Tarifa,-7.35
2018-04-06,Tarifa,-7.3525
2018-04-07,Tarifa,-7.3405
2018-04-08,Tarifa,-7.3579
2018-04-09,Tarifa,-7.4102
2018-04-10,Tarifa,-7.3477
2018-04-11,Tarifa,-7.3735
2018-04-12,Tarifa,-7.346
2018-04-13,Tarifa,-7.3117
2018-04-14,Tarifa,-7.4035
2018-04-15,Tarifa,-7.4664
2018-04-16,Tarifa,-7.4622
2018-04-17,Tarifa,-7.4376
2018-04-18,Tarifa,-7.4101
2018-04-19,Tarifa,-7.366
2018-04-20,Tarifa,-7.3308
2018-04-21,Tarifa,-7.3422
2018-04-22,Tarifa,-7.3434
2018-04-23,Tarifa,-7.3253
2018-04-24,Tarifa,-7.3272
2018-04-25,Tarifa,-7.3604
2018-04-26,Tarifa,-7.4117
2018-04-27,Tarifa,-7.4109
2018-04-28,Tarifa,-7.4159
2018-04-29,Tarifa,-7.4513
2018-04-30,Tarifa,-7.4436
2018-05-01,Tarifa,-7.4317
2018-05-02,Tarifa,-7.47
2018-05-03,Tarifa,-7.4804
2018-05-04,Tarifa,-7.374
2018-05-05,Tarifa,-7.3484
2018-05-06,Tarifa,-7.2877
2018-05-07,Tarifa,-7.3136
2018-05-08,Tarifa,-7.3582
2018-05-09,Tarifa,-7.3923
2018-05-10,Tarifa,-7.3624
2018-05-11,Tarifa,-7.361
2018-05-12,Tarifa,-7.3967
2018-05-13,Tarifa,-7.4173
2018-05-14,Tarifa,-7.4133
2018-05-15,Tarifa,-7.3754
2018-05-16,Tarifa,-7.3344
2018-05-17,Tarifa,-7.3378
2018-05-18,Tarifa,-7.3476
2018-05-19,Tarifa,-7.3213
2018-05-20,Tarifa,-7.306
2018-05-21,Tarifa,-7.3047
2018-05-22,Tarifa,-7.3005
2018-05-23,Tarifa,-7.2883
2018-05-24,Tarifa,-7.3063
2018-05-25,Tarifa,-7.3195
2018-05-26,Tarifa,-7.3035
2018-05-27,Tarifa,-7.3252
2018-05-28,Tarifa,-7.3391
2018-05-29,Tarifa,-7.3619
2018-05-30,Tarifa,-7.3783
2018-05-31,Tarifa,-7.3764
2018-06-01,Tarifa,-7.3756
2018-06-02,Tarifa,-7.3882
2018-06-03,Tarifa,-7.3873
2018-06-04,Tarifa,-7.4325
2018-06-05,Tarifa,-7.4472
2018-06-06,Tarifa,-7.4239
2018-06-07,Tarifa,-7.4173
2018-06-08,Tarifa,-7.4234
2018-06-09,Tarifa,-7.4121
2018-06-10,Tarifa,-7.4413
2018-06-11,Tarifa,-7.4325
2018-06-12,Tarifa,-7.4664
2018-06-13,Tarifa,-7.4758
2018-06-14,Tarifa,-7.4381
2018-06-15,Tarifa,-7.3786
2018-06-16,Tarifa,-7.353
2018-06-17,Tarifa,-7.365
2018-06-18,Tarifa,-7.3746
2018-06-19,Tarifa,-7.3573
2018-06-20,Tarifa,-7.3189
2018-06-21,Tarifa,-7.3225
2018-06-22,Tarifa,-7.3362
2018-06-23,Tarifa,-7.3253
2018-06-24,Tarifa,-7.3279
2018-06-25,Tarifa,-7.3742
2018-06-26,Tarifa,-7.4074
2018-06-27,Tarifa,-7.4071
2018-06-28,Tarifa,-7.3738
2018-06-29,Tarifa,-7.3184
2018-06-30,Tarifa,-7.3152
2018-07-01,Tarifa,-7.3245
2018-07-02,Tarifa,-7.3518
2018-07-03,Tarifa,-7.3734
2018-07-04,Tarifa,-7.4215
2018-07-05,Tarifa,-7.4216
2018-07-06,Tarifa,-7.4091
2018-07-07,Tarifa,-7.3727
2018-07-08,Tarifa,-7.3839
2018-07-09,Tarifa,-7.3946
2018-07-10,Tarifa,-7.4294
2018-07-11,Tarifa,-7.4269
2018-07-12,Tarifa,-7.4025
2018-07-13,Tarifa,-7.4003
2018-07-14,Tarifa,-7.4255
2018-07-15,Tarifa,-7.4444
2018-07-16,Tarifa,-7.3972
2018-07-17,Tarifa,-7.3523
2018-07-18,Tarifa,-7.361
2018-07-19,Tarifa,-7.357
2018-07-20,Tarifa,-7.3892
2018-07-21,Tarifa,-7.3934
2018-07-22,Tarifa,-7.3952
2018-07-23,Tarifa,-7.3949
2018-07-24,Tarifa,-7.4148
2018-07-25,Tarifa,-7.4048
2018-07-26,Tarifa,-7.3857
2018-07-27,Tarifa,-7.3531
2018-07-28,Tarifa,-7.3798
2018-07-29,Tarifa,-7.4267
2018-07-30,Tarifa,-7.4298
2018-07-31,Tarifa,-7.3809
2018-08-01,Tarifa,-7.2953
2018-08-02,Tarifa,-7.2854
2018-08-03,Tarifa,-7.3108
2018-08-04,Tarifa,-7.3147
2018-08-05,Tarifa,-7.298
2018-08-06,Tarifa,-7.2732
2018-08-07,Tarifa,-7.2738
2018-08-08,Tarifa,-7.3111
2018-08-09,Tarifa,-7.3751
2018-08-10,Tarifa,-7.3611
2018-08-11,Tarifa,-7.3391
2018-08-12,Tarifa,-7.3242
2018-08-13,Tarifa,-7.3401
2018-08-14,Tarifa,-7.3658
2018-08-15,Tarifa,-7.3648
2018-08-16,Tarifa,-7.3337
2018-08-17,Tarifa,-7.322
2018-08-18,Tarifa,-7.2935
2018-08-19,Tarifa,-7.2738
2018-08-20,Tarifa,-7.3078
2018-08-21,Tarifa,-7.2574
2018-08-22,Tarifa,-7.2289
2018-08-23,Tarifa,-7.243
2018-08-24,Tarifa,-7.2779
2018-08-25,Tarifa,-7.2764
2018-08-26,Tarifa,-7.2799
2018-08-27,Tarifa,-7.2495
2018-08-28,Tarifa,-7.2827
2018-08-29,Tarifa,-7.3268
2018-08-30,Tarifa,-7.2963
2018-08-31,Tarifa,-7.2252
2018-09-01,Tarifa,-7.2408
2018-09-02,Tarifa,-7.2503
2018-09-03,Tarifa,-7.2925
2018-09-04,Tarifa,-7.3162
2018-09-05,Tarifa,-7.3447
2018-09-06,Tarifa,-7.3584
2018-09-07,Tarifa,-7.3441
2018-09-08,Tarifa,-7.341
2018-09-09,Tarifa,-7.323
2018-09-10,Tarifa,-7.3077
2018-09-11,Tarifa,-7.2648
2018-09-12,Tarifa,-7.2903
2018-09-13,Tarifa,-7.3024
2018-09-14,Tarifa,-7.2532
2018-09-15,Tarifa,-7.2145
2018-09-16,Tarifa,-7.2124
2018-09-17,Tarifa,-7.2027
2018-09-18,Tarifa,-7.2189
2018-09-19,Tarifa,-7.2424
2018-09-20,Tarifa,-7.2667
2018-09-21,Tarifa,-7.28
2018-09-22,Tarifa,-7.2914
2018-09-23,Tarifa,-7.2838
2018-09-24,Tarifa,-7.2986
2018-09-25,Tarifa,-7.2834
2018-09-26,Tarifa,-7.23
2018-09-27,Tarifa,-7.2582
2018-09-28,Tarifa,-7.2396
2018-09-29,Tarifa,-7.1832
2018-09-30,Tarifa,-7.177
2018-10-01,Tarifa,-7.2315
2018-10-02,Tarifa,-7.2437
2018-10-03,Tarifa,-7.232
2018-10-04,Tarifa,-7.1894
2018-10-05,Tarifa,-7.1827
2018-10-06,Tarifa,-7.2225
2018-10-07,Tarifa,-7.2886
2018-10-08,Tarifa,-7.2697
2018-10-09,Tarifa,-7.1754
2018-10-10,Tarifa,-7.1276
2018-10-11,Tarifa,-7.1602
2018-10-12,Tarifa,-7.1981
2018-10-13,Tarifa,-7.1702
2018-10-14,Tarifa,-7.2186
2018-10-15,Tarifa,-7.255
2018-10-16,Tarifa,-7.2507
2018-10-17,Tarifa,-7.2686
2018-10-18,Tarifa,-7.2046
2018-10-19,Tarifa,-7.2074
2018-10-20,Tarifa,-7.1903
2018-10-21,Tarifa,-7.2391
2018-10-22,Tarifa,-7.2333
2018-10-23,Tarifa,-7.2447
2018-10-24,Tarifa,-7.2723
2018-10-25,Tarifa,-7.2715
2018-10-26,Tarifa,-7.2122
2018-10-27,Tarifa,-7.2194
2018-10-28,Tarifa,-7.2293
2018-10-29,Tarifa,-7.3024
2018-10-30,Tarifa,-7.2162
2018-10-31,Tarifa,-7.2017
2018-11-01,Tarifa,-7.2753
2018-11-02,Tarifa,-7.3517
2018-11-03,Tarifa,-7.3602
2018-11-04,Tarifa,-7.3426
2018-11-05,Tarifa,-7.3223
2018-11-06,Tarifa,-7.3337
2018-11-07,Tarifa,-7.3122
2018-11-08,Tarifa,-7.2981
2018-11-09,Tarifa,-7.3854
2018-11-10,Tarifa,-7.3637
2018-11-11,Tarifa,-7.2704
2018-11-12,Tarifa,-7.2338
2018-11-13,Tarifa,-7.2431
2018-11-14,Tarifa,-7.226
2018-11-15,Tarifa,-7.2351
2018-11-16,Tarifa,-7.2076
2018-11-17,Tarifa,-7.1647
2018-11-18,Tarifa,-7.0785
2018-11-19,Tarifa,-7.1359
2018-11-20,Tarifa,-7.1813
2018-11-21,Tarifa,-7.2337
2018-11-22,Tarifa,-7.2182
2018-11-23,Tarifa,-7.2344
2018-11-24,Tarifa,-7.2306
2018-11-25,Tarifa,-7.296
2018-11-26,Tarifa,-7.3498
2018-11-27,Tarifa,-7.3768
2018-11-28,Tarifa,-7.3438
2018-11-29,Tarifa,-7.2763
2018-11-30,Tarifa,-7.2942
2018-12-01,Tarifa,-7.3372
2018-12-02,Tarifa,-7.3382
2018-12-03,Tarifa,-7.3546
2018-12-04,Tarifa,-7.38
2018-12-05,Tarifa,-7.3674
2018-12-06,Tarifa,-7.3776
2018-12-07,Tarifa,-7.3901
2018-12-08,Tarifa,-7.4015
2018-12-09,Tarifa,-7.4139
2018-12-10,Tarifa,-7.3914
2018-12-11,Tarifa,-7.36
2018-12-12,Tarifa,-7.3331
2018-12-13,Tarifa,-7.3369
2018-12-14,Tarifa,-7.392
2018-12-15,Tarifa,-7.4403
2018-12-16,Tarifa,-7.4461
2018-12-17,Tarifa,-7.4396
2018-12-18,Tarifa,-7.4231
2018-12-19,Tarifa,-7.4181
2018-12-20,Tarifa,-7.3864
2018-12-21,Tarifa,-7.4069
2018-12-22,Tarifa,-7.4056
2018-12-23,Tarifa,-7.4374
2018-12-24,Tarifa,-7.4468
2018-12-25,Tarifa,-7.4176
2018-12-26,Tarifa,-7.3805
2018-12-27,Tarifa,-7.3918
2018-12-28,Tarifa,-7.3746
2018-12-29,Tarifa,-7.333
2018-12-30,Tarifa,-7.2963
2018-12-31,Tarifa,-7.3692
2019-01-01,Tarifa,-7.4264
2019-01-02,Tarifa,-7.4933
2019-01-03,Tarifa,-7.4518
2019-01-04,Tarifa,-7.3853
2019-01-05,Tarifa,-7.4464
2019-01-06,Tarifa,-7.4794
2019-01-07,Tarifa,-7.4202
2019-01-08,Tarifa,-7.3972
2019-01-09,Tarifa,-7.4456
2019-01-10,Tarifa,-7.3658
2019-01-11,Tarifa,-7.3213
2019-01-12,Tarifa,-7.3547
2019-01-13,Tarifa,-7.3957
2019-01-14,Tarifa,-7.437
2019-01-15,Tarifa,-7.3443
2019-01-16,Tarifa,-7.2394
2019-01-17,Tarifa,-7.249
2019-01-18,Tarifa,-7.3298
2019-01-19,Tarifa,-7.3566
2019-01-20,Tarifa,-7.3615
2019-01-21,Tarifa,-7.3968
2019-01-22,Tarifa,-7.4658
2019-01-23,Tarifa,-7.4566
2019-01-24,Tarifa,-7.4626
2019-01-25,Tarifa,-7.42
2019-01-26,Tarifa,-7.4027
2019-01-27,Tarifa,-7.407
2019-01-28,Tarifa,-7.4127
2019-01-29,Tarifa,-7.4709
2019-01-30,Tarifa,-7.4161
2019-01-31,Tarifa,-7.3542
2019-02-01,Tarifa,-7.2661
2019-02-02,Tarifa,-7.3693
2019-02-03,Tarifa,-7.475
2019-02-04,Tarifa,-7.4694
2019-02-05,Tarifa,-7.493
2019-02-06,Tarifa,-7.482
2019-02-07,Tarifa,-7.4321
2019-02-08,Tarifa,-7.4158
2019-02-09,Tarifa,-7.4045
2019-02-10,Tarifa,-7.4293
2019-02-11,Tarifa,-7.47
2019-02-12,Tarifa,-7.4566
2019-02-13,Tarifa,-7.3915
2019-02-14,Tarifa,-7.3989
2019-02-15,Tarifa,-7.3759
2019-02-16,Tarifa,-7.324
2019-02-17,Tarifa,-7.2753
2019-02-19,Tarifa,-7.4565
2019-02-20,Tarifa,-7.3643
2019-02-21,Tarifa,-7.3757
2019-02-22,Tarifa,-7.4373
2019-02-23,Tarifa,-7.4594
2019-02-24,Tarifa,-7.3867
2019-02-25,Tarifa,-7.3864
2019-02-26,Tarifa,-7.3821
2019-02-27,Tarifa,-7.4514
2019-02-28,Tarifa,-7.4642
2019-03-01,Tarifa,-7.4714
2019-03-02,Tarifa,-7.476
2019-03-03,Tarifa,-7.4279
2019-03-04,Tarifa,-7.4232
2019-03-05,Tarifa,-7.3664
2019-03-06,Tarifa,-7.3463
2019-03-07,Tarifa,-7.3743
2019-03-08,Tarifa,-7.3783
2019-03-09,Tarifa,-7.4308
2019-03-10,Tarifa,-7.4432
2019-03-11,Tarifa,-7.4833
2019-03-12,Tarifa,-7.5342
2019-03-13,Tarifa,-7.5027
2019-03-14,Tarifa,-7.4884
2019-03-15,Tarifa,-7.4578
2019-03-16,Tarifa,-7.4176
2019-03-17,Tarifa,-7.4148
2019-03-18,Tarifa,-7.4409
2019-03-19,Tarifa,-7.4663
2019-03-20,Tarifa,-7.4445
2019-03-21,Tarifa,-7.4053
2019-03-22,Tarifa,-7.4088
2019-03-23,Tarifa,-7.3551
2019-03-24,Tarifa,-7.3734
2019-03-25,Tarifa,-7.3596
2019-03-26,Tarifa,-7.2878
2019-03-27,Tarifa,-7.3057
2019-03-28,Tarifa,-7.2608
2019-03-29,Tarifa,-7.2546
2019-03-30,Tarifa,-7.2588
2019-03-31,Tarifa,-7.2646
2019-04-01,Tarifa,-7.3056
2019-04-02,Tarifa,-7.3219
2019-04-03,Tarifa,-7.2853
2019-04-04,Tarifa,-7.281
2019-04-05,Tarifa,-7.2962
2019-04-06,Tarifa,-7.3499
2019-04-07,Tarifa,-7.3386
2019-04-08,Tarifa,-7.355
2019-04-09,Tarifa,-7.3799
2019-04-10,Tarifa,-7.3888
2019-04-11,Tarifa,-7.3835
2019-04-12,Tarifa,-7.3949
2019-04-13,Tarifa,-7.4246
2019-04-14,Tarifa,-7.4166
2019-04-15,Tarifa,-7.3891
2019-04-16,Tarifa,-7.3545
2019-04-17,Tarifa,-7.3188
2019-04-18,Tarifa,-7.347
2019-04-19,Tarifa,-7.3184
2019-04-20,Tarifa,-7.2904
2019-04-21,Tarifa,-7.2525
2019-04-22,Tarifa,-7.271
2019-04-23,Tarifa,-7.299
2019-04-24,Tarifa,-7.2996
2019-04-25,Tarifa,-7.3409
2019-04-26,Tarifa,-7.3876
2019-04-27,Tarifa,-7.3947
2019-04-28,Tarifa,-7.3788
2019-04-29,Tarifa,-7.375
2019-04-30,Tarifa,-7.3633
2019-05-01,Tarifa,-7.3202
2019-05-02,Tarifa,-7.2891
2019-05-03,Tarifa,-7.3072
2019-05-04,Tarifa,-7.3757
2019-05-05,Tarifa,-7.431
2019-05-06,Tarifa,-7.4094
2019-05-07,Tarifa,-7.3525
2019-05-08,Tarifa,-7.3529
2019-05-09,Tarifa,-7.3615
2019-05-10,Tarifa,-7.3496
2019-05-11,Tarifa,-7.3271
2019-05-12,Tarifa,-7.3363
2019-05-13,Tarifa,-7.3314
2019-05-14,Tarifa,-7.3199
2019-05-15,Tarifa,-7.3184
2019-05-16,Tarifa,-7.3349
2019-05-17,Tarifa,-7.3598
2019-05-18,Tarifa,-7.3706
2019-05-19,Tarifa,-7.3715
2019-05-20,Tarifa,-7.3267
2019-05-21,Tarifa,-7.3378
2019-05-22,Tarifa,-7.3445
2019-05-23,Tarifa,-7.3675
2019-05-24,Tarifa,-7.3845
2019-05-25,Tarifa,-7.3574
2019-05-26,Tarifa,-7.3635
2019-05-27,Tarifa,-7.375
2019-05-28,Tarifa,-7.3602
2019-05-29,Tarifa,-7.3406
2019-05-30,Tarifa,-7.3208
2019-05-31,Tarifa,-7.3184
2019-06-01,Tarifa,-7.3232
2019-06-02,Tarifa,-7.3173
2019-06-03,Tarifa,-7.2948
2019-06-04,Tarifa,-7.3186
2019-06-05,Tarifa,-7.3644
2019-06-06,Tarifa,-7.3416
2019-06-07,Tarifa,-7.3517
2019-06-08,Tarifa,-7.3549
2019-06-09,Tarifa,-7.4124
2019-06-10,Tarifa,-7.4343
2019-06-11,Tarifa,-7.3872
2019-06-12,Tarifa,-7.3304
2019-06-13,Tarifa,-7.3218
2019-06-14,Tarifa,-7.4246
2019-06-15,Tarifa,-7.446
2019-06-16,Tarifa,-7.4329
2019-06-17,Tarifa,-7.3945
2019-06-18,Tarifa,-7.3931
2019-06-19,Tarifa,-7.1115
2019-06-20,Tarifa,-7.4657
2019-06-21,Tarifa,-7.3488
2019-06-22,Tarifa,-7.3126
2019-06-23,Tarifa,-7.3047
2019-06-24,Tarifa,-7.33
2019-06-25,Tarifa,-7.3376
2019-06-26,Tarifa,-7.325
2019-06-27,Tarifa,-7.3306
2019-06-28,Tarifa,-7.3308
2019-06-29,Tarifa,-7.3392
2019-06-30,Tarifa,-7.3574
2019-07-01,Tarifa,-7.3398
2019-07-02,Tarifa,-7.3513
2019-07-03,Tarifa,-7.3394
2019-07-04,Tarifa,-7.3435
2019-07-05,Tarifa,-7.3413
2019-07-06,Tarifa,-7.3566
2019-07-07,Tarifa,-7.3478
2019-07-08,Tarifa,-7.3529
2019-07-09,Tarifa,-7.3458
2019-07-10,Tarifa,-7.3366
2019-07-11,Tarifa,-7.327
2019-07-12,Tarifa,-7.3571
2019-07-13,Tarifa,-7.3814
2019-07-14,Tarifa,-7.3837
2019-07-15,Tarifa,-7.3727
2019-07-16,Tarifa,-7.372
2019-07-17,Tarifa,-7.3517
2019-07-18,Tarifa,-7.3199
2019-07-19,Tarifa,-7.2507
2019-07-20,Tarifa,-7.2702
2019-07-21,Tarifa,-7.2915
2019-07-22,Tarifa,-7.2752
2019-07-23,Tarifa,-7.2897
2019-07-24,Tarifa,-7.271
2019-07-25,Tarifa,-7.2561
2019-07-26,Tarifa,-7.3129
2019-07-27,Tarifa,-7.3713
2019-07-28,Tarifa,-7.3702
2019-07-29,Tarifa,-7.3763
2019-07-30,Tarifa,-7.3593
2019-07-31,Tarifa,-7.3335
2019-08-01,Tarifa,-7.3475
2019-08-02,Tarifa,-7.353
2019-08-03,Tarifa,-7.3324
2019-08-04,Tarifa,-7.3191
2019-08-05,Tarifa,-7.2965
2019-08-06,Tarifa,-7.2958
2019-08-07,Tarifa,-7.3237
2019-08-08,Tarifa,-7.3477
2019-08-09,Tarifa,-7.4018
2019-08-10,Tarifa,-7.4052
2019-08-11,Tarifa,-7.4163
2019-08-12,Tarifa,-7.4135
2019-08-13,Tarifa,-7.4234
2019-08-14,Tarifa,-7.3932
2019-08-15,Tarifa,-7.3664
2019-08-16,Tarifa,-7.326
2019-08-17,Tarifa,-7.2729
2019-08-18,Tarifa,-7.3029
2019-08-19,Tarifa,-7.3248
2019-08-20,Tarifa,-7.3251
2019-08-21,Tarifa,-7.2927
2019-08-22,Tarifa,-7.289
2019-08-23,Tarifa,-7.2755
2019-08-24,Tarifa,-7.2576
2019-08-25,Tarifa,-7.198
2019-08-26,Tarifa,-7.2125
2019-08-27,Tarifa,-7.2899
2019-08-28,Tarifa,-7.2983
2019-08-29,Tarifa,-7.3022
2019-08-30,Tarifa,-7.3023
2019-08-31,Tarifa,-7.2808
2019-09-01,Tarifa,-7.276
2019-09-02,Tarifa,-7.2647
2019-09-03,Tarifa,-7.2805
2019-09-04,Tarifa,-7.287
2019-09-05,Tarifa,-7.2712
2019-09-06,Tarifa,-7.2343
2019-09-07,Tarifa,-7.2082
2019-09-08,Tarifa,-7.2216
2019-09-09,Tarifa,-7.2698
2019-09-10,Tarifa,-7.3161
2019-09-11,Tarifa,-7.3116
2019-09-12,Tarifa,-7.2909
2019-09-13,Tarifa,-7.2733
2019-09-14,Tarifa,-7.2694
2019-09-15,Tarifa,-7.2593
2019-09-16,Tarifa,-7.1818
2019-09-17,Tarifa,-7.175
2019-09-18,Tarifa,-7.2182
2019-09-19,Tarifa,-7.2834
2019-09-20,Tarifa,-7.2521
2019-09-21,Tarifa,-7.2383
2019-09-22,Tarifa,-7.2872
2019-09-23,Tarifa,-7.3338
2019-09-24,Tarifa,-7.358
2019-09-25,Tarifa,-7.3612
2019-09-26,Tarifa,-7.3378
2019-09-27,Tarifa,-7.3166
2019-09-28,Tarifa,-7.2753
2019-09-29,Tarifa,-7.2874
2019-09-30,Tarifa,-7.2869
2019-10-01,Tarifa,-7.3117
2019-10-02,Tarifa,-7.3533
2019-10-03,Tarifa,-7.3833
2019-10-04,Tarifa,-7.3424
2019-10-05,Tarifa,-7.3121
2019-10-06,Tarifa,-7.3331
2019-10-07,Tarifa,-7.3192
2019-10-08,Tarifa,-7.2681
2019-10-09,Tarifa,-7.1976
2019-10-10,Tarifa,-7.2138
2019-10-11,Tarifa,-6.796
2019-10-12,Tarifa,-7.2232
2019-10-13,Tarifa,-7.2236
2019-10-14,Tarifa,-7.2946
2019-10-15,Tarifa,-7.3424
2019-10-16,Tarifa,-7.3249
2019-10-17,Tarifa,-7.311
2019-10-18,Tarifa,-7.2943
2019-10-19,Tarifa,-7.2389
2019-10-20,Tarifa,-7.2534
2019-10-21,Tarifa,-7.2571
2019-10-22,Tarifa,-7.2523
2019-10-23,Tarifa,-7.2952
2019-10-24,Tarifa,-7.3884
2019-10-25,Tarifa,-7.3799
2019-10-26,Tarifa,-7.3418
2019-10-27,Tarifa,-7.3396
2019-10-28,Tarifa,-7.3285
2019-10-29,Tarifa,-7.3155
2019-10-30,Tarifa,-7.3208
2019-10-31,Tarifa,-7.3423
2019-11-01,Tarifa,-7.3576
2019-11-02,Tarifa,-7.3304
2019-11-03,Tarifa,-7.3433
2019-11-04,Tarifa,-7.3612
2019-11-05,Tarifa,-7.3511
2019-11-06,Tarifa,-7.3878
2019-11-07,Tarifa,-7.3827
2019-11-08,Tarifa,-7.4068
2019-11-09,Tarifa,-7.4423
2019-11-10,Tarifa,-7.4242
2019-11-11,Tarifa,-7.4075
2019-11-12,Tarifa,-7.4344
2019-11-13,Tarifa,-7.4071
2019-11-14,Tarifa,-7.3453
2019-11-15,Tarifa,-7.2891
2019-11-16,Tarifa,-7.3327
2019-11-17,Tarifa,-7.3906
2019-11-18,Tarifa,-7.3307
2019-11-19,Tarifa,-7.3199
2019-11-20,Tarifa,-7.2781
2019-11-21,Tarifa,-7.2465
2019-11-22,Tarifa,-7.196
2019-11-23,Tarifa,-7.255
2019-11-24,Tarifa,-7.3507
2019-11-25,Tarifa,-7.3721
2019-11-26,Tarifa,-7.3163
2019-11-27,Tarifa,-7.2875
2019-11-28,Tarifa,-7.2871
2019-11-29,Tarifa,-7.313
2019-11-30,Tarifa,-7.3126
2019-12-01,Tarifa,-7.2381
2019-12-02,Tarifa,-7.1695
2019-12-03,Tarifa,-7.2055
2019-12-04,Tarifa,-7.1971
2019-12-05,Tarifa,-7.2049
2019-12-06,Tarifa,-7.1907
2019-12-07,Tarifa,-7.2472
2019-12-08,Tarifa,-7.3356
2019-12-09,Tarifa,-7.3998
2019-12-10,Tarifa,-7.4406
2019-12-11,Tarifa,-7.4781
2019-12-12,Tarifa,-7.5313
2019-12-13,Tarifa,-7.5179
2019-12-14,Tarifa,-7.4858
2019-12-15,Tarifa,-7.3159
2019-12-16,Tarifa,-7.1479
2019-12-17,Tarifa,-7.193
2019-12-18,Tarifa,-7.297
2019-12-19,Tarifa,-7.3145
2019-12-20,Tarifa,-7.3184
2019-12-21,Tarifa,-7.3976
2019-12-22,Tarifa,-7.4691
2019-12-23,Tarifa,-7.5175
2019-12-24,Tarifa,-7.4554
2019-12-25,Tarifa,-7.4289
2019-12-26,Tarifa,-7.3975
2019-12-27,Tarifa,-7.3532
2019-12-28,Tarifa,-7.3426
2019-12-29,Tarifa,-7.3272
2019-12-30,Tarifa,-7.3444
2019-12-31,Tarifa,-7.3004
2020-01-01,Tarifa,-7.3678
2020-01-02,Tarifa,-7.3946
2020-01-03,Tarifa,-7.4046
2020-01-04,Tarifa,-7.4075
2020-01-05,Tarifa,-7.3884
2020-01-06,Tarifa,-7.3872
2020-01-07,Tarifa,-7.4106
2020-01-08,Tarifa,-7.3793
2020-01-09,Tarifa,-7.3822
2020-01-10,Tarifa,-7.4049
2020-01-11,Tarifa,-7.4084
2020-01-12,Tarifa,-7.4169
2020-01-13,Tarifa,-7.4048
2020-01-14,Tarifa,-7.3895
2020-01-15,Tarifa,-7.4002
2020-01-16,Tarifa,-7.4016
2020-01-17,Tarifa,-7.4524
2020-01-18,Tarifa,-7.4657
2020-01-19,Tarifa,-7.3765
2020-01-20,Tarifa,-7.2358
2020-01-21,Tarifa,-7.2165
2020-01-22,Tarifa,-7.281
2020-01-23,Tarifa,-7.2975
2020-01-24,Tarifa,-7.2489
2020-01-25,Tarifa,-7.2526
2020-01-26,Tarifa,-7.3538
2020-01-27,Tarifa,-7.4156
2020-01-28,Tarifa,-7.4325
2020-01-29,Tarifa,-7.422
2020-01-30,Tarifa,-7.4077
2020-01-31,Tarifa,-7.4074
2020-02-01,Tarifa,-7.4072
2020-02-02,Tarifa,-7.4041
2020-02-03,Tarifa,-7.425
2020-02-04,Tarifa,-7.4593
2020-02-05,Tarifa,-7.4562
2020-02-06,Tarifa,-7.3705
2020-02-07,Tarifa,-7.3495
2020-02-08,Tarifa,-7.3769
2020-02-09,Tarifa,-7.3876
2020-02-10,Tarifa,-7.4436
2020-02-11,Tarifa,-7.4763
2020-02-12,Tarifa,-7.4354
2020-02-13,Tarifa,-7.4104
2020-02-14,Tarifa,-7.3984
2020-02-15,Tarifa,-7.42
2020-02-16,Tarifa,-7.4115
2020-02-17,Tarifa,-7.4376
2020-02-18,Tarifa,-7.4433
2020-02-19,Tarifa,-7.4408
2020-02-20,Tarifa,-7.413
2020-02-21,Tarifa,-7.4156
2020-02-22,Tarifa,-7.4283
2020-02-23,Tarifa,-7.4414
2020-02-24,Tarifa,-7.4718
2020-02-25,Tarifa,-7.499
2020-02-26,Tarifa,-7.4894
2020-02-27,Tarifa,-7.455
2020-02-28,Tarifa,-7.3818
2020-02-29,Tarifa,-7.3908
2020-03-01,Tarifa,-7.3932
2020-03-02,Tarifa,-7.4256
2020-03-03,Tarifa,-7.4971
2020-03-04,Tarifa,-7.4638
2020-03-05,Tarifa,-7.4588
2020-03-06,Tarifa,-7.4813
2020-03-07,Tarifa,-7.4784
2020-03-08,Tarifa,-7.4866
2020-03-09,Tarifa,-7.5186
2020-03-10,Tarifa,-7.4756
2020-03-11,Tarifa,-7.4032
2020-03-12,Tarifa,-7.3773
2020-03-13,Tarifa,-7.3708
2020-03-14,Tarifa,-7.3316
2020-03-15,Tarifa,-7.3134
2020-03-16,Tarifa,-7.3076
2020-03-17,Tarifa,-7.2532
2020-03-18,Tarifa,-7.2695
2020-03-19,Tarifa,-7.2594
2020-03-20,Tarifa,-7.2735
2020-03-21,Tarifa,-7.3329
2020-03-22,Tarifa,-7.2979
2020-03-23,Tarifa,-7.2896
2020-03-24,Tarifa,-7.2678
2020-03-25,Tarifa,-7.3489
2020-03-26,Tarifa,-7.3835
2020-03-27,Tarifa,-7.2542
2020-03-28,Tarifa,-7.2593
2020-03-29,Tarifa,-7.2739
2020-03-30,Tarifa,-7.2444
2020-03-31,Tarifa,-7.2086
2020-04-01,Tarifa,-7.2178
2020-04-02,Tarifa,-7.2429
2020-04-03,Tarifa,-7.2533
2020-04-04,Tarifa,-7.2425
2020-04-05,Tarifa,-7.3079
2020-04-06,Tarifa,-7.3171
2020-04-07,Tarifa,-7.307
2020-04-08,Tarifa,-7.3212
2020-04-09,Tarifa,-7.3375
2020-04-10,Tarifa,-7.3643
2020-04-11,Tarifa,-7.3068
2020-04-12,Tarifa,-7.2734
2020-04-13,Tarifa,-7.2722
2020-04-14,Tarifa,-7.2919
2020-04-15,Tarifa,-7.2964
2020-04-16,Tarifa,-7.2579
2020-04-17,Tarifa,-7.2934
2020-04-18,Tarifa,-7.2822
2020-04-19,Tarifa,-7.3261
2020-04-20,Tarifa,-7.3751
2020-04-21,Tarifa,-7.3644
2020-04-22,Tarifa,-7.3434
2020-04-23,Tarifa,-7.2803
2020-04-24,Tarifa,-7.2412
2020-04-25,Tarifa,-7.2942
2020-04-26,Tarifa,-7.3287
2020-04-27,Tarifa,-7.3045
2020-04-28,Tarifa,-7.3026
2020-04-29,Tarifa,-7.3587
2020-04-30,Tarifa,-7.3936
2020-05-01,Tarifa,-7.4028
2020-05-02,Tarifa,-7.3869
2020-05-03,Tarifa,-7.3534
2020-05-04,Tarifa,-7.3491
2020-05-05,Tarifa,-7.3852
2020-05-06,Tarifa,-7.3836
2020-05-07,Tarifa,-7.3382
2020-05-08,Tarifa,-7.3298
2020-05-09,Tarifa,-7.3344
2020-05-10,Tarifa,-7.3498
2020-05-11,Tarifa,-7.3451
2020-05-12,Tarifa,-7.3143
2020-05-13,Tarifa,-7.2675
2020-05-14,Tarifa,-7.2899
2020-05-15,Tarifa,-7.3131
2020-05-16,Tarifa,-7.3445
2020-05-17,Tarifa,-7.3998
2020-05-18,Tarifa,-7.4231
2020-05-19,Tarifa,-7.4164
2020-05-20,Tarifa,-7.3952
2020-05-21,Tarifa,-7.3804
2020-05-22,Tarifa,-7.3354
2020-05-23,Tarifa,-7.3217
2020-05-24,Tarifa,-7.3447
2020-05-25,Tarifa,-7.3487
2020-05-26,Tarifa,-7.3359
2020-05-27,Tarifa,-7.3
2020-05-28,Tarifa,-7.2719
2020-05-29,Tarifa,-7.2255
2020-05-30,Tarifa,-7.217
2020-05-31,Tarifa,-7.2147
2020-06-01,Tarifa,-7.2528
2020-06-02,Tarifa,-7.289
2020-06-03,Tarifa,-7.3995
2020-06-04,Tarifa,-7.3243
2020-06-05,Tarifa,-7.3436
2020-06-06,Tarifa,-7.3071
2020-06-07,Tarifa,-7.2947
2020-06-08,Tarifa,-7.3343
2020-06-09,Tarifa,-7.3367
2020-06-10,Tarifa,-7.2962
2020-06-11,Tarifa,-7.3192
2020-06-12,Tarifa,-7.2931
2020-06-13,Tarifa,-7.3419
2020-06-14,Tarifa,-7.393
2020-06-15,Tarifa,-7.4124
2020-06-16,Tarifa,-7.4206
2020-06-17,Tarifa,-7.3843
2020-06-18,Tarifa,-7.3535
2020-06-19,Tarifa,-7.3879
2020-06-20,Tarifa,-7.4065
2020-06-21,Tarifa,-7.4244
2020-06-22,Tarifa,-7.3512
2020-06-23,Tarifa,-7.2866
2020-06-24,Tarifa,-7.2773
2020-06-25,Tarifa,-7.2896
2020-06-26,Tarifa,-7.3175
2020-06-27,Tarifa,-7.3272
2020-06-28,Tarifa,-7.3288
2020-06-29,Tarifa,-7.3214
2020-06-30,Tarifa,-7.3272
2020-07-01,Tarifa,-7.3708
2020-07-02,Tarifa,-7.4039
2020-07-03,Tarifa,-7.4079
2020-07-04,Tarifa,-7.3804
2020-07-05,Tarifa,-7.3648
2020-07-06,Tarifa,-7.3669
2020-07-07,Tarifa,-7.3264
2020-07-08,Tarifa,-7.2661
2020-07-09,Tarifa,-7.2898
2020-07-10,Tarifa,-7.2734
2020-07-11,Tarifa,-7.2324
2020-07-12,Tarifa,-7.2379
2020-07-13,Tarifa,-7.284
2020-07-14,Tarifa,-7.2288
2020-07-15,Tarifa,-7.1712
2020-07-16,Tarifa,-7.1911
2020-07-17,Tarifa,-7.2576
2020-07-18,Tarifa,-7.2621
2020-07-19,Tarifa,-7.2563
2020-07-20,Tarifa,-7.2019
2020-07-21,Tarifa,-7.2129
2020-07-22,Tarifa,-7.295
2020-07-23,Tarifa,-7.277
2020-07-24,Tarifa,-7.2402
2020-07-25,Tarifa,-7.2333
2020-07-26,Tarifa,-7.2045
2020-07-27,Tarifa,-7.2434
2020-07-28,Tarifa,-7.2707
2020-07-29,Tarifa,-7.2589
2020-07-30,Tarifa,-7.236
2020-07-31,Tarifa,-7.2716
2020-08-01,Tarifa,-7.3413
2020-08-02,Tarifa,-7.3747
2020-08-03,Tarifa,-7.3514
2020-08-04,Tarifa,-7.3062
2020-08-05,Tarifa,-7.2463
2020-08-06,Tarifa,-7.2276
2020-08-07,Tarifa,-7.2518
2020-08-08,Tarifa,-7.231
2020-08-09,Tarifa,-7.2333
2020-08-10,Tarifa,-7.2108
2020-08-11,Tarifa,-7.2283
2020-08-12,Tarifa,-7.292
2020-08-13,Tarifa,-7.3109
2020-08-14,Tarifa,-7.3226
2020-08-15,Tarifa,-7.3773
2020-08-16,Tarifa,-7.3969
2020-08-17,Tarifa,-7.3888
2020-08-18,Tarifa,-7.3609
2020-08-19,Tarifa,-7.3275
2020-08-20,Tarifa,-7.3013
2020-08-21,Tarifa,-7.3229
2020-08-22,Tarifa,-7.3488
2020-08-23,Tarifa,-7.3507
2020-08-24,Tarifa,-7.319
2020-08-25,Tarifa,-7.2986
2020-08-26,Tarifa,-7.2987
2020-08-27,Tarifa,-7.3086
2020-08-28,Tarifa,-7.3232
2020-08-29,Tarifa,-7.3206
2020-08-30,Tarifa,-7.2946
2020-08-31,Tarifa,-7.3127
2020-09-01,Tarifa,-7.3198
2020-09-02,Tarifa,-7.3122
2020-09-03,Tarifa,-7.2671
2020-09-04,Tarifa,-7.2539
2020-09-05,Tarifa,-7.2729
2020-09-06,Tarifa,-7.2559
2020-09-07,Tarifa,-7.2579
2020-09-08,Tarifa,-7.2413
2020-09-09,Tarifa,-7.2494
2020-09-10,Tarifa,-7.295
2020-09-11,Tarifa,-7.2597
2020-09-12,Tarifa,-7.2092
2020-09-13,Tarifa,-7.2061
2020-09-14,Tarifa,-7.2188
2020-09-15,Tarifa,-7.2523
2020-09-16,Tarifa,-7.2577
2020-09-17,Tarifa,-7.2589
2020-09-18,Tarifa,-7.2567
2020-09-19,Tarifa,-7.3056
2020-09-20,Tarifa,-7.312
2020-09-21,Tarifa,-7.3035
2020-09-22,Tarifa,-7.3022
2020-09-23,Tarifa,-7.3159
2020-09-24,Tarifa,-7.3248
2020-09-25,Tarifa,-7.3924
2020-09-26,Tarifa,-7.4431
2020-09-27,Tarifa,-7.3343
2020-09-28,Tarifa,-7.2936
2020-09-29,Tarifa,-7.2458
2020-09-30,Tarifa,-7.2956
2020-10-01,Tarifa,-7.3597
2020-10-02,Tarifa,-7.341
2020-10-03,Tarifa,-7.3346
2020-10-04,Tarifa,-7.3436
2020-10-05,Tarifa,-7.3615
2020-10-06,Tarifa,-7.4045
2020-10-07,Tarifa,-7.386
2020-10-08,Tarifa,-7.3559
2020-10-09,Tarifa,-7.3216
2020-10-10,Tarifa,-7.3122
2020-10-11,Tarifa,-7.3448
2020-10-12,Tarifa,-7.3905
2020-10-13,Tarifa,-7.3743
2020-10-14,Tarifa,-7.345
2020-10-15,Tarifa,-7.3634
2020-10-16,Tarifa,-7.3437
2020-10-17,Tarifa,-7.3237
2020-10-18,Tarifa,-7.2963
2020-10-19,Tarifa,-7.2369
2020-10-20,Tarifa,-7.1688
2020-10-21,Tarifa,-7.1709
2020-10-22,Tarifa,-7.1961
2020-10-23,Tarifa,-7.2743
2020-10-24,Tarifa,-7.3373
2020-10-25,Tarifa,-7.359
2020-10-26,Tarifa,-7.3974
2020-10-27,Tarifa,-7.4132
2020-10-28,Tarifa,-7.3961
2020-10-29,Tarifa,-7.3761
2020-10-30,Tarifa,-7.3522
2020-10-31,Tarifa,-7.3678
2020-11-01,Tarifa,-7.3645
2020-11-02,Tarifa,-7.32
2020-11-03,Tarifa,-7.318
2020-11-04,Tarifa,-7.2707
2020-11-05,Tarifa,-7.22
2020-11-06,Tarifa,-7.2063
2020-11-07,Tarifa,-7.2556
2020-11-08,Tarifa,-7.2545
2020-11-09,Tarifa,-7.259
2020-11-10,Tarifa,-7.2745
2020-11-11,Tarifa,-7.2392
2020-11-12,Tarifa,-7.2206
2020-11-13,Tarifa,-7.2538
2020-11-14,Tarifa,-7.3166
2020-11-15,Tarifa,-7.3267
2020-11-16,Tarifa,-7.3434
2020-11-17,Tarifa,-7.3334
2020-11-18,Tarifa,-7.2904
2020-11-19,Tarifa,-7.2976
2020-11-20,Tarifa,-7.3312
2020-11-21,Tarifa,-7.2556
2020-11-22,Tarifa,-7.174
2020-11-23,Tarifa,-7.1795
2020-11-24,Tarifa,-7.2097
2020-11-25,Tarifa,-7.1989
2020-11-26,Tarifa,-7.1422
2020-11-27,Tarifa,-7.1122
2020-11-28,Tarifa,-7.1313
2020-11-29,Tarifa,-7.2048
2020-11-30,Tarifa,-7.211
2020-12-01,Tarifa,-7.2386
2020-12-02,Tarifa,-7.2009
2020-12-03,Tarifa,-7.1794
2020-12-04,Tarifa,-7.1518
2020-12-05,Tarifa,-7.1832
2020-12-06,Tarifa,-7.2843
2020-12-07,Tarifa,-7.304
2020-12-08,Tarifa,-7.3407
2020-12-09,Tarifa,-7.3992
2020-12-10,Tarifa,-7.4023
2020-12-11,Tarifa,-7.4322
2020-12-12,Tarifa,-7.4422
2020-12-13,Tarifa,-7.3817
2020-12-14,Tarifa,-7.3233
2020-12-15,Tarifa,-7.3217
2020-12-16,Tarifa,-7.2741
2020-12-17,Tarifa,-7.2941
2020-12-18,Tarifa,-7.3123
2020-12-19,Tarifa,-7.321
2020-12-20,Tarifa,-7.3603
2020-12-21,Tarifa,-7.3871
2020-12-22,Tarifa,-7.3596
2020-12-23,Tarifa,-7.3722
2020-12-24,Tarifa,-7.3852
2020-12-25,Tarifa,-7.3879
2020-12-26,Tarifa,-7.426
2020-12-27,Tarifa,-7.4621
2020-12-28,Tarifa,-7.3983
2020-12-29,Tarifa,-7.3664
2020-12-30,Tarifa,-7.3943
2020-12-31,Tarifa,-7.4049
2021-01-01,Tarifa,-7.3692
2021-01-02,Tarifa,-7.3879
2021-01-03,Tarifa,-7.3955
2021-01-04,Tarifa,-7.3783
2021-01-05,Tarifa,-7.3077
2021-01-06,Tarifa,-7.2086
2021-01-07,Tarifa,-7.1342
2021-01-08,Tarifa,-7.0963
2021-01-09,Tarifa,-7.1686
2021-01-10,Tarifa,-7.1944
2021-01-11,Tarifa,-7.271
2021-01-12,Tarifa,-7.3789
2021-01-13,Tarifa,-7.4263
2021-01-14,Tarifa,-7.4401
2021-01-15,Tarifa,-7.41
2021-01-16,Tarifa,-7.3913
2021-01-17,Tarifa,-7.3964
2021-01-18,Tarifa,-7.38
2021-01-19,Tarifa,-7.3433
2021-01-20,Tarifa,-7.2949
2021-01-21,Tarifa,-7.3525
2021-01-22,Tarifa,-7.4124
2021-01-23,Tarifa,-7.4731
2021-01-24,Tarifa,-7.4436
2021-01-25,Tarifa,-7.463
2021-01-26,Tarifa,-7.4908
2021-01-27,Tarifa,-7.4983
2021-01-28,Tarifa,-7.4484
2021-01-29,Tarifa,-7.4599
2021-01-30,Tarifa,-7.4928
2021-01-31,Tarifa,-7.4971
2021-02-01,Tarifa,-7.4525
2021-02-02,Tarifa,-7.3744
2021-02-03,Tarifa,-7.3434
2021-02-04,Tarifa,-7.2472
2021-02-05,Tarifa,-7.2147
2021-02-06,Tarifa,-7.2938
2021-02-07,Tarifa,-7.36
2021-02-08,Tarifa,-7.3517
2021-02-09,Tarifa,-7.3238
2021-02-10,Tarifa,-7.3589
2021-02-11,Tarifa,-7.3929
2021-02-12,Tarifa,-7.3873
2021-02-13,Tarifa,-7.4109
2021-02-14,Tarifa,-7.4191
2021-02-15,Tarifa,-7.3726
2021-02-16,Tarifa,-7.4005
2021-02-17,Tarifa,-7.3772
2021-02-18,Tarifa,-7.3619
2021-02-19,Tarifa,-7.3228
2021-02-20,Tarifa,-7.2647
2021-02-21,Tarifa,-7.2058
2021-02-22,Tarifa,-7.3502
2021-02-23,Tarifa,-7.4027
2021-02-24,Tarifa,-7.3716
2021-02-25,Tarifa,-7.3664
2021-02-26,Tarifa,-7.3647
2021-02-27,Tarifa,-7.3645
2021-02-28,Tarifa,-7.2734
2021-03-01,Tarifa,-7.266
2021-03-02,Tarifa,-7.3251
2021-03-03,Tarifa,-7.341
2021-03-04,Tarifa,-7.3234
2021-03-05,Tarifa,-7.2914
2021-03-06,Tarifa,-7.2473
2021-03-07,Tarifa,-7.2989
2021-03-08,Tarifa,-7.3564
2021-03-09,Tarifa,-7.4108
2021-03-10,Tarifa,-7.4658
2021-03-11,Tarifa,-7.4812
2021-03-12,Tarifa,-7.4652
2021-03-13,Tarifa,-7.4666
2021-03-14,Tarifa,-7.481
2021-03-15,Tarifa,-7.4772
2021-03-16,Tarifa,-7.4435
2021-03-17,Tarifa,-7.3428
2021-03-18,Tarifa,-7.298
2021-03-19,Tarifa,-7.2827
2021-03-20,Tarifa,-7.2651
2021-03-21,Tarifa,-7.3722
2021-03-22,Tarifa,-7.4104
2021-03-23,Tarifa,-7.3967
2021-03-24,Tarifa,-7.3774
2021-03-25,Tarifa,-7.3506
2021-03-26,Tarifa,-7.3394
2021-03-27,Tarifa,-7.3452
2021-03-28,Tarifa,-7.3696
2021-03-29,Tarifa,-7.3551
2021-03-30,Tarifa,-7.3565
2021-03-31,Tarifa,-7.3016
2021-04-01,Tarifa,-7.326
2021-04-02,Tarifa,-7.3429
2021-04-03,Tarifa,-7.3281
2021-04-04,Tarifa,-7.3369
2021-04-05,Tarifa,-7.3351
2021-04-06,Tarifa,-7.3537
2021-04-07,Tarifa,-7.3082
2021-04-08,Tarifa,-7.2905
2021-04-09,Tarifa,-7.2303
2021-04-10,Tarifa,-7.2448
2021-04-11,Tarifa,-7.3243
2021-04-12,Tarifa,-7.346
2021-04-13,Tarifa,-7.3364
2021-04-14,Tarifa,-7.2807
2021-04-15,Tarifa,-7.2456
2021-04-16,Tarifa,-7.2713
2021-04-17,Tarifa,-7.3355
2021-04-18,Tarifa,-7.298
2021-04-19,Tarifa,-7.2964
2021-04-20,Tarifa,-7.2673
2021-04-21,Tarifa,-7.2467
2021-04-22,Tarifa,-7.2573
2021-04-23,Tarifa,-7.2663
2021-04-24,Tarifa,-7.2508
2021-04-25,Tarifa,-7.2746
2021-04-26,Tarifa,-7.244
2021-04-27,Tarifa,-7.2417
2021-04-28,Tarifa,-7.2433
2021-04-29,Tarifa,-7.2379
2021-04-30,Tarifa,-7.2486
2021-05-01,Tarifa,-7.3071
2021-05-02,Tarifa,-7.3023
2021-05-03,Tarifa,-7.2543
2021-05-04,Tarifa,-7.279
2021-05-05,Tarifa,-7.3095
2021-05-06,Tarifa,-7.3324
2021-05-07,Tarifa,-7.3363
2021-05-08,Tarifa,-7.3094
2021-05-09,Tarifa,-7.3166
2021-05-10,Tarifa,-7.3616
2021-05-11,Tarifa,-7.4503
2021-05-12,Tarifa,-7.4868
2021-05-13,Tarifa,-7.4548
2021-05-14,Tarifa,-7.4268
2021-05-15,Tarifa,-7.4122
2021-05-16,Tarifa,-7.3904
2021-05-17,Tarifa,-7.4133
2021-05-18,Tarifa,-7.4111
2021-05-19,Tarifa,-7.3779
2021-05-20,Tarifa,-7.3767
2021-05-21,Tarifa,-7.3462
2021-05-22,Tarifa,-7.3441
2021-05-23,Tarifa,-7.4286
2021-05-24,Tarifa,-7.4759
2021-05-25,Tarifa,-7.4588
2021-05-26,Tarifa,-7.4217
2021-05-27,Tarifa,-7.4125
2021-05-28,Tarifa,-7.3977
2021-05-29,Tarifa,-7.3679
2021-05-30,Tarifa,-7.3401
2021-05-31,Tarifa,-7.308
2021-06-01,Tarifa,-7.3413
2021-06-02,Tarifa,-7.3024
2021-06-03,Tarifa,-7.3088
2021-06-04,Tarifa,-7.3329
2021-06-05,Tarifa,-7.384
2021-06-06,Tarifa,-7.386
2021-06-07,Tarifa,-7.3621
2021-06-08,Tarifa,-7.3578
2021-06-09,Tarifa,-7.3626
2021-06-10,Tarifa,-7.3327
2021-06-11,Tarifa,-7.2893
2021-06-12,Tarifa,-7.2877
2021-06-13,Tarifa,-7.3
2021-06-14,Tarifa,-7.3088
2021-06-15,Tarifa,-7.2551
2021-06-16,Tarifa,-7.2776
2021-06-17,Tarifa,-7.2383
2021-06-18,Tarifa,-7.2576
2021-06-19,Tarifa,-7.3299
2021-06-20,Tarifa,-7.3644
2021-06-21,Tarifa,-7.3764
2021-06-22,Tarifa,-7.3895
2021-06-23,Tarifa,-7.3749
2021-06-24,Tarifa,-7.3543
2021-06-25,Tarifa,-7.3434
2021-06-26,Tarifa,-7.3591
2021-06-27,Tarifa,-7.3643
2021-06-28,Tarifa,-7.3584
2021-06-29,Tarifa,-7.3549
2021-06-30,Tarifa,-7.3369
2021-07-01,Tarifa,-7.3656
2021-07-02,Tarifa,-7.4095
2021-07-03,Tarifa,-7.4371
2021-07-04,Tarifa,-7.4342
2021-07-05,Tarifa,-7.4208
2021-07-06,Tarifa,-7.4265
2021-07-07,Tarifa,-7.4343
2021-07-08,Tarifa,-7.4102
2021-07-09,Tarifa,-7.349
2021-07-10,Tarifa,-7.3572
2021-07-11,Tarifa,-7.3647
2021-07-12,Tarifa,-7.3851
2021-07-13,Tarifa,-7.3637
2021-07-14,Tarifa,-7.3265
2021-07-15,Tarifa,-7.291
2021-07-16,Tarifa,-7.3071
2021-07-17,Tarifa,-7.3436
2021-07-18,Tarifa,-7.3626
2021-07-19,Tarifa,-7.3425
2021-07-20,Tarifa,-7.3204
2021-07-21,Tarifa,-7.302
2021-07-22,Tarifa,-7.2928
2021-07-23,Tarifa,-7.3055
2021-07-24,Tarifa,-7.3429
2021-07-25,Tarifa,-7.3266
2021-07-26,Tarifa,-7.3024
2021-07-27,Tarifa,-7.259
2021-07-28,Tarifa,-7.2519
2021-07-29,Tarifa,-7.2754
2021-07-30,Tarifa,-7.3052
2021-07-31,Tarifa,-7.3456
2021-08-01,Tarifa,-7.3479
2021-08-02,Tarifa,-7.3288
2021-08-03,Tarifa,-7.3156
2021-08-04,Tarifa,-7.3306
2021-08-05,Tarifa,-7.3778
2021-08-06,Tarifa,-7.3461
2021-08-07,Tarifa,-7.3281
2021-08-08,Tarifa,-7.3087
2021-08-09,Tarifa,-7.2842
2021-08-10,Tarifa,-7.28
2021-08-11,Tarifa,-7.3023
2021-08-12,Tarifa,-7.3031
2021-08-13,Tarifa,-7.2511
2021-08-14,Tarifa,-7.2529
2021-08-15,Tarifa,-7.2723
2021-08-16,Tarifa,-7.3115
2021-08-17,Tarifa,-7.3456
2021-08-18,Tarifa,-7.3465
2021-08-19,Tarifa,-7.3467
2021-08-20,Tarifa,-7.3248
2021-08-21,Tarifa,-7.3233
2021-08-22,Tarifa,-7.3106
2021-08-23,Tarifa,-7.3005
2021-08-24,Tarifa,-7.2852
2021-08-25,Tarifa,-7.2829
2021-08-26,Tarifa,-7.2397
2021-08-27,Tarifa,-7.2799
2021-08-28,Tarifa,-7.3285
2021-08-29,Tarifa,-7.325
2021-08-30,Tarifa,-7.3075
2021-08-31,Tarifa,-7.272
2021-09-01,Tarifa,-7.2885
2021-09-02,Tarifa,-7.2958
2021-09-03,Tarifa,-7.3069
2021-09-04,Tarifa,-7.2971
2021-09-05,Tarifa,-7.3029
2021-09-06,Tarifa,-7.2651
2021-09-07,Tarifa,-7.2844
2021-09-08,Tarifa,-7.2973
2021-09-09,Tarifa,-7.315
2021-09-10,Tarifa,-7.3063
2021-09-11,Tarifa,-7.31
2021-09-12,Tarifa,-7.2748
2021-09-13,Tarifa,-7.2571
2021-09-14,Tarifa,-7.252
2021-09-15,Tarifa,-7.2712
2021-09-16,Tarifa,-7.2716
2021-09-17,Tarifa,-7.2827
2021-09-18,Tarifa,-7.307
2021-09-19,Tarifa,-7.3178
2021-09-20,Tarifa,-7.3072
2021-09-21,Tarifa,-7.2459
2021-09-22,Tarifa,-7.2355
2021-09-23,Tarifa,-7.2113
2021-09-24,Tarifa,-7.1947
2021-09-25,Tarifa,-7.2031
2021-09-26,Tarifa,-7.2309
2021-09-27,Tarifa,-7.2596
2021-09-28,Tarifa,-7.2814
2021-09-29,Tarifa,-7.2677
2021-09-30,Tarifa,-7.2682
2021-10-01,Tarifa,-7.2827
2021-10-02,Tarifa,-7.2906
2021-10-03,Tarifa,-7.3369
2021-10-04,Tarifa,-7.3639
2021-10-05,Tarifa,-7.3833
2021-10-06,Tarifa,-7.379
2021-10-07,Tarifa,-7.4167
2021-10-08,Tarifa,-7.3531
2021-10-09,Tarifa,-7.3025
2021-10-10,Tarifa,-7.2467
2021-10-11,Tarifa,-7.2292
2021-10-12,Tarifa,-7.2511
2021-10-13,Tarifa,-7.241
2021-10-14,Tarifa,-7.2306
2021-10-15,Tarifa,-7.2289
2021-10-16,Tarifa,-7.2541
2021-10-17,Tarifa,-7.2512
2021-10-18,Tarifa,-7.2559
2021-10-19,Tarifa,-7.2297
2021-10-20,Tarifa,-7.2332
2021-10-21,Tarifa,-7.292
2021-10-22,Tarifa,-7.3069
2021-10-23,Tarifa,-7.2918
2021-10-24,Tarifa,-7.2822
2021-10-25,Tarifa,-7.2625
2021-10-26,Tarifa,-7.242
2021-10-27,Tarifa,-7.2029
2021-10-28,Tarifa,-7.1818
2021-10-29,Tarifa,-7.2293
2021-10-30,Tarifa,-7.2521
2021-10-31,Tarifa,-7.3104
2021-11-01,Tarifa,-7.3401
2021-11-02,Tarifa,-7.3284
2021-11-03,Tarifa,-7.3127
2021-11-04,Tarifa,-7.3186
2021-11-05,Tarifa,-7.3426
2021-11-06,Tarifa,-7.3509
2021-11-07,Tarifa,-7.3531
2021-11-08,Tarifa,-7.3397
2021-11-09,Tarifa,-7.2876
2021-11-10,Tarifa,-7.2352
2021-11-11,Tarifa,-7.2488
2021-11-12,Tarifa,-7.2531
2021-11-13,Tarifa,-7.239
2021-11-14,Tarifa,-7.2253
2021-11-15,Tarifa,-7.2523
2021-11-16,Tarifa,-7.2112
2021-11-17,Tarifa,-7.2014
2021-11-18,Tarifa,-7.1632
2021-11-19,Tarifa,-7.1459
2021-11-20,Tarifa,-7.1458
2021-11-21,Tarifa,-7.2031
2021-11-22,Tarifa,-7.2032
2021-11-23,Tarifa,-7.1986
2021-11-24,Tarifa,-7.2443
2021-11-25,Tarifa,-7.2185
2021-11-26,Tarifa,-7.249
2021-11-27,Tarifa,-7.2714
2021-11-28,Tarifa,-7.3683
2021-11-29,Tarifa,-7.432
2021-11-30,Tarifa,-7.3927
2021-12-01,Tarifa,-7.3678
2021-12-02,Tarifa,-7.3338
2021-12-03,Tarifa,-7.4108
2021-12-04,Tarifa,-7.458
2021-12-05,Tarifa,-7.0818
2021-12-06,Tarifa,-7.45
2021-12-07,Tarifa,-7.4592
2021-12-08,Tarifa,-7.3898
2021-12-09,Tarifa,-7.4355
2021-12-10,Tarifa,-7.4583
2021-12-11,Tarifa,-7.4805
2021-12-12,Tarifa,-7.3838
2021-12-13,Tarifa,-7.3209
2021-12-14,Tarifa,-7.3285
2021-12-15,Tarifa,-7.2709
2021-12-16,Tarifa,-7.2281
2021-12-17,Tarifa,-7.2463
2021-12-18,Tarifa,-7.2725
2021-12-19,Tarifa,-7.2471
2021-12-20,Tarifa,-7.28
2021-12-21,Tarifa,-7.2461
2021-12-22,Tarifa,-7.2525
2021-12-23,Tarifa,-7.2565
2021-12-24,Tarifa,-7.2429
2021-12-25,Tarifa,-7.2105
2021-12-26,Tarifa,-7.2853
2021-12-27,Tarifa,-7.3365
2021-12-28,Tarifa,-7.3929
2021-12-29,Tarifa,-7.3869
2021-12-30,Tarifa,-7.3817
2021-12-31,Tarifa,-7.3492
2022-01-01,Tarifa,-7.347
2022-01-02,Tarifa,-7.3777
2022-01-03,Tarifa,-7.3706
2022-01-04,Tarifa,-7.3753
2022-01-05,Tarifa,-7.4109
2022-01-06,Tarifa,-7.3876
2022-01-07,Tarifa,-7.4222
2022-01-08,Tarifa,-7.4753
2022-01-09,Tarifa,-7.5214
2022-01-10,Tarifa,-7.481
2022-01-11,Tarifa,-7.3715
2022-01-12,Tarifa,-7.2869
2022-01-13,Tarifa,-7.2692
2022-01-14,Tarifa,-7.2913
2022-01-15,Tarifa,-7.3631
2022-01-16,Tarifa,-7.3791
2022-01-17,Tarifa,-7.3671
2022-01-18,Tarifa,-7.3646
2022-01-19,Tarifa,-7.367
2022-01-20,Tarifa,-7.3673
2022-01-21,Tarifa,-7.3717
2022-01-22,Tarifa,-7.3393
2022-01-23,Tarifa,-7.3086
2022-01-24,Tarifa,-7.299
2022-01-25,Tarifa,-7.256
2022-01-26,Tarifa,-7.2609
2022-01-27,Tarifa,-7.2554
2022-01-28,Tarifa,-7.3084
2022-01-29,Tarifa,-7.3527
2022-01-30,Tarifa,-7.4066
2022-01-31,Tarifa,-7.5084
2022-02-01,Tarifa,-7.553
2022-02-02,Tarifa,-7.4738
2022-02-03,Tarifa,-7.4067
2022-02-04,Tarifa,-7.3515
2022-02-05,Tarifa,-7.3627
2022-02-06,Tarifa,-7.3409
2022-02-07,Tarifa,-7.3897
2022-02-08,Tarifa,-7.3942
2022-02-09,Tarifa,-7.3786
2022-02-10,Tarifa,-7.3756
2022-02-11,Tarifa,-7.3922
2022-02-12,Tarifa,-7.4044
2022-02-13,Tarifa,-7.3992
2022-02-14,Tarifa,-7.429
2022-02-15,Tarifa,-7.4587
2022-02-16,Tarifa,-7.5205
2022-02-17,Tarifa,-7.4764
2022-02-18,Tarifa,-7.4056
2022-02-19,Tarifa,-7.3804
2022-02-20,Tarifa,-7.3942
2022-02-21,Tarifa,-7.4416
2022-02-22,Tarifa,-7.4697
2022-02-23,Tarifa,-7.3685
2022-02-24,Tarifa,-7.3322
2022-02-25,Tarifa,-7.2975
2022-02-26,Tarifa,-7.3074
2022-02-27,Tarifa,-7.3223
2022-02-28,Tarifa,-7.3896
2022-03-01,Tarifa,-7.3983
2022-03-02,Tarifa,-7.4731
2022-03-03,Tarifa,-7.4856
2022-03-04,Tarifa,-7.4677
2022-03-05,Tarifa,-7.4328
2022-03-06,Tarifa,-7.3658
2022-03-07,Tarifa,-7.3759
2022-03-08,Tarifa,-7.4422
2022-03-09,Tarifa,-7.4018
2022-03-10,Tarifa,-7.376
2022-03-11,Tarifa,-7.356
2022-03-12,Tarifa,-7.3609
2022-03-13,Tarifa,-7.3334
2022-03-14,Tarifa,-7.2387
2022-03-15,Tarifa,-7.2523
2022-03-16,Tarifa,-7.3545
2022-03-17,Tarifa,-7.3788
2022-03-18,Tarifa,-7.3655
2022-03-19,Tarifa,-7.297
2022-03-20,Tarifa,-7.2384
2022-03-21,Tarifa,-7.2915
2022-03-22,Tarifa,-7.3149
2022-03-23,Tarifa,-7.2709
2022-03-24,Tarifa,-7.2277
2022-03-25,Tarifa,-7.217
2022-03-26,Tarifa,-7.1685
2022-03-27,Tarifa,-7.2107
2022-03-28,Tarifa,-7.2548
2022-03-29,Tarifa,-7.2882
2022-03-30,Tarifa,-7.3655
2022-03-31,Tarifa,-7.426
2022-04-01,Tarifa,-7.4267
2022-04-02,Tarifa,-7.3502
2022-04-03,Tarifa,-7.2197
2022-04-04,Tarifa,-7.1881
2022-04-05,Tarifa,-7.219
2022-04-06,Tarifa,-7.337
2022-04-07,Tarifa,-7.3823
2022-04-08,Tarifa,-7.3333
2022-04-09,Tarifa,-7.3162
2022-04-10,Tarifa,-7.2624
2022-04-11,Tarifa,-7.2274
2022-04-12,Tarifa,-7.2803
2022-04-13,Tarifa,-7.3346
2022-04-14,Tarifa,-7.3388
2022-04-15,Tarifa,-7.3759
2022-04-16,Tarifa,-7.4389
2022-04-17,Tarifa,-7.4245
2022-04-18,Tarifa,-7.3863
2022-04-19,Tarifa,-7.3459
2022-04-20,Tarifa,-7.337
2022-04-21,Tarifa,-7.368
2022-04-22,Tarifa,-7.3246
2022-04-23,Tarifa,-7.3594
2022-04-24,Tarifa,-7.3674
2022-04-25,Tarifa,-7.3322
2022-04-26,Tarifa,-7.342
2022-04-27,Tarifa,-7.3824
2022-04-28,Tarifa,-7.3936
2022-04-29,Tarifa,-7.4073
2022-04-30,Tarifa,-7.422
2022-05-01,Tarifa,-7.4154
2022-05-02,Tarifa,-7.4154
2022-05-03,Tarifa,-7.3465
2022-05-04,Tarifa,-7.3442
2022-05-05,Tarifa,-7.3575
2022-05-06,Tarifa,-7.4115
2022-05-07,Tarifa,-7.3949
2022-05-08,Tarifa,-7.3553
2022-05-09,Tarifa,-7.3317
2022-05-10,Tarifa,-7.3306
2022-05-11,Tarifa,-7.308
2022-05-12,Tarifa,-7.3232
2022-05-13,Tarifa,-7.3537
2022-05-14,Tarifa,-7.3562
2022-05-15,Tarifa,-7.3846
2022-05-16,Tarifa,-7.3808
2022-05-17,Tarifa,-7.3694
2022-05-18,Tarifa,-7.3381
2022-05-19,Tarifa,-7.2902
2022-05-20,Tarifa,-7.2721
2022-05-21,Tarifa,-7.3134
2022-05-22,Tarifa,-7.3785
2022-05-23,Tarifa,-7.337
2022-05-24,Tarifa,-7.3406
2022-05-25,Tarifa,-7.3409
2022-05-26,Tarifa,-7.3399
2022-05-27,Tarifa,-7.3373
2022-05-28,Tarifa,-7.3869
2022-05-29,Tarifa,-7.3684
2022-05-30,Tarifa,-7.3029
2022-05-31,Tarifa,-7.2685
2022-06-01,Tarifa,-7.2983
2022-06-02,Tarifa,-7.3171
2022-06-03,Tarifa,-7.3157
2022-06-04,Tarifa,-7.3291
2022-06-05,Tarifa,-7.347
2022-06-06,Tarifa,-7.3478
2022-06-07,Tarifa,-7.3654
2022-06-08,Tarifa,-7.3851
2022-06-09,Tarifa,-7.3603
2022-06-10,Tarifa,-7.3599
2022-06-11,Tarifa,-7.3359
2022-06-12,Tarifa,-7.3476
2022-06-13,Tarifa,-7.3458
2022-06-14,Tarifa,-7.3262
2022-06-15,Tarifa,-7.2976
2022-06-16,Tarifa,-7.3112
2022-06-17,Tarifa,-7.3051
2022-06-18,Tarifa,-7.3128
2022-06-19,Tarifa,-7.299
2022-06-20,Tarifa,-7.3075
2022-06-21,Tarifa,-7.3195
2022-06-22,Tarifa,-7.3558
2022-06-23,Tarifa,-7.3636
2022-06-24,Tarifa,-7.38
2022-06-25,Tarifa,-7.3595
2022-06-26,Tarifa,-7.3563
2022-06-27,Tarifa,-7.3341
2022-06-28,Tarifa,-7.4423
2022-06-29,Tarifa,-7.3425
2022-06-30,Tarifa,-7.3224
2022-07-01,Tarifa,-7.2707
2022-07-02,Tarifa,-7.269
2022-07-03,Tarifa,-7.3371
2022-07-04,Tarifa,-7.328
2022-07-05,Tarifa,-7.3312
2022-07-06,Tarifa,-7.3343
2022-07-07,Tarifa,-7.3106
2022-07-08,Tarifa,-7.3096
2022-07-09,Tarifa,-7.31
2022-07-10,Tarifa,-7.3005
2022-07-11,Tarifa,-7.26
2022-07-12,Tarifa,-7.2557
2022-07-13,Tarifa,-7.296
2022-07-14,Tarifa,-7.3041
2022-07-15,Tarifa,-7.2672
2022-07-16,Tarifa,-7.2532
2022-07-17,Tarifa,-7.2391
2022-07-18,Tarifa,-7.2613
2022-07-19,Tarifa,-7.2777
2022-07-20,Tarifa,-7.2669
2022-07-21,Tarifa,-7.2703
2022-07-22,Tarifa,-7.2658
2022-07-23,Tarifa,-7.2877
2022-07-24,Tarifa,-7.2889
2022-07-25,Tarifa,-7.3021
2022-07-26,Tarifa,-7.3175
2022-07-27,Tarifa,-7.3148
2022-07-28,Tarifa,-7.2816
2022-07-29,Tarifa,-7.2485
2022-07-30,Tarifa,-7.2374
2022-07-31,Tarifa,-7.2436
2022-08-01,Tarifa,-7.223
2022-08-02,Tarifa,-7.2056
2022-08-03,Tarifa,-7.179
2022-08-04,Tarifa,-7.1967
2022-08-05,Tarifa,-7.2126
2022-08-06,Tarifa,-7.2556
2022-08-07,Tarifa,-7.2894
2022-08-08,Tarifa,-7.3146
2022-08-09,Tarifa,-7.2752
2022-08-10,Tarifa,-7.2856
2022-08-11,Tarifa,-7.3065
2022-08-12,Tarifa,-7.259
2022-08-13,Tarifa,-7.2456
2022-08-14,Tarifa,-7.2872
2022-08-15,Tarifa,-7.2936
2022-08-16,Tarifa,-7.2826
2022-08-17,Tarifa,-7.295
2022-08-18,Tarifa,-7.3129
2022-08-19,Tarifa,-7.3371
2022-08-20,Tarifa,-7.3226
2022-08-21,Tarifa,-7.3326
2022-08-22,Tarifa,-7.3156
2022-08-23,Tarifa,-7.2525
2022-08-24,Tarifa,-7.2604
2022-08-25,Tarifa,-7.3135
2022-08-26,Tarifa,-7.273
2022-08-27,Tarifa,-7.2241
2022-08-28,Tarifa,-7.215
2022-08-29,Tarifa,-7.2442
2022-08-30,Tarifa,-7.2777
2022-08-31,Tarifa,-7.2933
2022-09-01,Tarifa,-7.2906
2022-09-02,Tarifa,-7.2864
2022-09-03,Tarifa,-7.285
2022-09-04,Tarifa,-7.3269
2022-09-05,Tarifa,-7.3503
2022-09-06,Tarifa,-7.3521
2022-09-07,Tarifa,-7.3741
2022-09-08,Tarifa,-7.3597
2022-09-09,Tarifa,-7.3462
2022-09-10,Tarifa,-7.3269
2022-09-11,Tarifa,-7.2886
2022-09-12,Tarifa,-7.2416
2022-09-13,Tarifa,-7.2425
2022-09-14,Tarifa,-7.2368
2022-09-15,Tarifa,-7.2538
2022-09-16,Tarifa,-7.2587
2022-09-17,Tarifa,-7.2383
2022-09-18,Tarifa,-7.1964
2022-09-19,Tarifa,-7.1963
2022-09-20,Tarifa,-7.2409
2022-09-21,Tarifa,-7.2267
2022-09-22,Tarifa,-7.2155
2022-09-23,Tarifa,-7.1922
2022-09-24,Tarifa,-7.2079
2022-09-25,Tarifa,-7.2374
2022-09-26,Tarifa,-7.3039
2022-09-27,Tarifa,-7.3512
2022-09-28,Tarifa,-7.3298
2022-09-29,Tarifa,-7.3021
2022-09-30,Tarifa,-7.2523
2022-10-01,Tarifa,-7.2836
2022-10-02,Tarifa,-7.261
2022-10-03,Tarifa,-7.3102
2022-10-04,Tarifa,-7.3016
2022-10-05,Tarifa,-7.2366
2022-10-06,Tarifa,-7.2549
2022-10-07,Tarifa,-7.2566
2022-10-08,Tarifa,-7.2713
2022-10-09,Tarifa,-7.2631
2022-10-10,Tarifa,-7.2618
2022-10-11,Tarifa,-7.2477
2022-10-12,Tarifa,-7.2381
2022-10-13,Tarifa,-7.2656
2022-10-14,Tarifa,-7.2917
2022-10-15,Tarifa,-7.2378
2022-10-16,Tarifa,-7.153
2022-10-17,Tarifa,-7.1391
2022-10-18,Tarifa,-7.1779
2022-10-19,Tarifa,-7.2214
2022-10-20,Tarifa,-7.2397
2022-10-21,Tarifa,-7.2355
2022-10-22,Tarifa,-7.1965
2022-10-23,Tarifa,-7.2237
2022-10-24,Tarifa,-7.2402
2022-10-25,Tarifa,-7.2394
2022-10-26,Tarifa,-7.2438
2022-10-27,Tarifa,-7.2272
2022-10-28,Tarifa,-7.2151
2022-10-29,Tarifa,-7.2092
2022-10-30,Tarifa,-7.2023
2022-10-31,Tarifa,-7.1965
2022-11-01,Tarifa,-7.2108
2022-11-02,Tarifa,-7.2011
2022-11-03,Tarifa,-7.2595
2022-11-04,Tarifa,-7.3012
2022-11-05,Tarifa,-7.333
2022-11-06,Tarifa,-7.3143
2022-11-07,Tarifa,-7.2454
2022-11-08,Tarifa,-7.2253
2022-11-09,Tarifa,-7.2298
2022-11-10,Tarifa,-7.2102
2022-11-11,Tarifa,-7.1428
2022-11-12,Tarifa,-7.1793
2022-11-13,Tarifa,-7.2096
2022-11-14,Tarifa,-7.2115
2022-11-15,Tarifa,-7.2356
2022-11-16,Tarifa,-7.2548
2022-11-17,Tarifa,-7.2789
2022-11-18,Tarifa,-7.2755
2022-11-19,Tarifa,-7.3181
2022-11-20,Tarifa,-7.3631
2022-11-21,Tarifa,-7.387
2022-11-22,Tarifa,-7.4038
2022-11-23,Tarifa,-7.3737
2022-11-24,Tarifa,-7.3277
2022-11-25,Tarifa,-7.3041
2022-11-26,Tarifa,-7.32
2022-11-27,Tarifa,-7.3133
2022-11-28,Tarifa,-7.3355
2022-11-29,Tarifa,-7.3091
2022-11-30,Tarifa,-7.2718
2022-12-01,Tarifa,-7.1906
2022-12-02,Tarifa,-7.1536
2022-12-03,Tarifa,-7.1566
2022-12-04,Tarifa,-7.171
2022-12-05,Tarifa,-7.1296
2022-12-06,Tarifa,-7.1871
2022-12-07,Tarifa,-7.1763
2022-12-08,Tarifa,-7.1149
2022-12-09,Tarifa,-7.1183
2022-12-10,Tarifa,-7.2063
2022-12-11,Tarifa,-7.2008
2022-12-12,Tarifa,-7.2292
2022-12-13,Tarifa,-7.1998
2022-12-14,Tarifa,-7.135
2022-12-15,Tarifa,-7.0855
2022-12-16,Tarifa,-7.1
2022-12-17,Tarifa,-7.1696
2022-12-18,Tarifa,-7.1744
2022-12-19,Tarifa,-7.1936
2022-12-20,Tarifa,-7.2565
2022-12-21,Tarifa,-7.345
2022-12-22,Tarifa,-7.3687
2022-12-23,Tarifa,-7.3598
2022-12-24,Tarifa,-7.3074
2022-12-25,Tarifa,-7.2626
2022-12-26,Tarifa,-7.2757
2022-12-27,Tarifa,-7.2902
2022-12-28,Tarifa,-7.29
2022-12-29,Tarifa,-7.3319
2022-12-30,Tarifa,-7.3165
2022-12-31,Tarifa,-7.2906
2023-01-01,Tarifa,-7.2738
2023-01-02,Tarifa,-7.2948
2023-01-03,Tarifa,-7.3459
2023-01-04,Tarifa,-7.3657
2023-01-05,Tarifa,-7.3476
2023-01-06,Tarifa,-7.3407
2023-01-07,Tarifa,-7.3466
2023-01-08,Tarifa,-7.3617
2023-01-09,Tarifa,-7.3985
2023-01-10,Tarifa,-7.4411
2023-01-11,Tarifa,-7.4008
2023-01-12,Tarifa,-7.3913
2023-01-13,Tarifa,-7.3825
2023-01-14,Tarifa,-7.3808
2023-01-15,Tarifa,-7.3989
2023-01-16,Tarifa,-7.4527
2023-01-17,Tarifa,-7.3883
2023-01-18,Tarifa,-7.3776
2023-01-19,Tarifa,-7.4644
2023-01-20,Tarifa,-7.4643
2023-01-21,Tarifa,-7.4666
2023-01-22,Tarifa,-7.4103
2023-01-23,Tarifa,-7.3864
2023-01-24,Tarifa,-7.3333
2023-01-25,Tarifa,-7.4009
2023-01-26,Tarifa,-7.4402
2023-01-27,Tarifa,-7.3946
2023-01-28,Tarifa,-7.3302
2023-01-29,Tarifa,-7.2953
2023-01-30,Tarifa,-7.3146
2023-01-31,Tarifa,-7.3635
2023-02-01,Tarifa,-7.358
2023-02-02,Tarifa,-7.3584
2023-02-03,Tarifa,-7.3648
2023-02-04,Tarifa,-7.4192
2023-02-05,Tarifa,-7.4189
2023-02-06,Tarifa,-7.3414
2023-02-07,Tarifa,-7.2477
2023-02-08,Tarifa,-7.2163
2023-02-09,Tarifa,-7.2531
2023-02-10,Tarifa,-7.2714
2023-02-11,Tarifa,-7.2123
2023-02-12,Tarifa,-7.2491
2023-02-13,Tarifa,-7.288
2023-02-14,Tarifa,-7.301
2023-02-15,Tarifa,-7.2966
2023-02-16,Tarifa,-7.3051
2023-02-17,Tarifa,-7.2936
2023-02-18,Tarifa,-7.2906
2023-02-19,Tarifa,-7.3187
2023-02-20,Tarifa,-7.3554
2023-02-21,Tarifa,-7.375
2023-02-22,Tarifa,-7.3958
2023-02-23,Tarifa,-7.3538
2023-02-24,Tarifa,-7.319
2023-02-25,Tarifa,-7.3268
2023-02-26,Tarifa,-7.3621
2023-02-27,Tarifa,-7.3371
2023-02-28,Tarifa,-7.3709
2023-03-01,Tarifa,-7.3649
2023-03-02,Tarifa,-7.3668
2023-03-03,Tarifa,-7.3449
2023-03-04,Tarifa,-7.3167
2023-03-05,Tarifa,-7.3101
2023-03-06,Tarifa,-7.2589
2023-03-07,Tarifa,-7.2974
2023-03-08,Tarifa,-7.3029
2023-03-09,Tarifa,-7.3309
2023-03-10,Tarifa,-7.3737
2023-03-11,Tarifa,-7.4012
2023-03-12,Tarifa,-7.3364
2023-03-13,Tarifa,-7.3033
2023-03-14,Tarifa,-7.3225
2023-03-15,Tarifa,-7.3169
2023-03-16,Tarifa,-7.2332
2023-03-17,Tarifa,-7.2763
2023-03-18,Tarifa,-7.2966
2023-03-19,Tarifa,-7.322
2023-03-20,Tarifa,-7.3543
2023-03-21,Tarifa,-7.3716
2023-03-22,Tarifa,-7.352
2023-03-23,Tarifa,-7.3198
2023-03-24,Tarifa,-7.3537
2023-03-25,Tarifa,-7.3554
2023-03-26,Tarifa,-7.3783
2023-03-27,Tarifa,-7.3549
2023-03-28,Tarifa,-7.3251
2023-03-29,Tarifa,-7.264
2023-03-30,Tarifa,-7.3318
2023-03-31,Tarifa,-7.4056
2023-04-01,Tarifa,-7.4265
2023-04-02,Tarifa,-7.3991
2023-04-03,Tarifa,-7.393
2023-04-04,Tarifa,-7.3053
2023-04-05,Tarifa,-7.2271
2023-04-06,Tarifa,-7.2589
2023-04-07,Tarifa,-7.2903
2023-04-08,Tarifa,-7.2535
2023-04-09,Tarifa,-7.3047
2023-04-10,Tarifa,-7.547
2023-04-11,Tarifa,-7.3549
2023-04-12,Tarifa,-7.3604
2023-04-13,Tarifa,-7.3827
2023-04-14,Tarifa,-7.3852
2023-04-15,Tarifa,-7.3495
2023-04-16,Tarifa,-7.3324
2023-04-17,Tarifa,-7.284
2023-04-18,Tarifa,-7.2381
2023-04-19,Tarifa,-7.2279
2023-04-20,Tarifa,-7.2372
2023-04-21,Tarifa,-7.2291
2023-04-22,Tarifa,-7.2486
2023-04-23,Tarifa,-7.2466
2023-04-24,Tarifa,-7.253
2023-04-25,Tarifa,-7.2846
2023-04-26,Tarifa,-7.247
2023-04-27,Tarifa,-7.1931
2023-04-28,Tarifa,-7.1898
2023-04-29,Tarifa,-7.2924
2023-04-30,Tarifa,-7.2988
2023-05-01,Tarifa,-7.3019
2023-05-02,Tarifa,-7.2716
2023-05-03,Tarifa,-7.2654
2023-05-04,Tarifa,-7.3088
2023-05-05,Tarifa,-7.2891
2023-05-06,Tarifa,-7.2784
2023-05-07,Tarifa,-7.2762
2023-05-08,Tarifa,-7.2889
2023-05-09,Tarifa,-7.316
2023-05-10,Tarifa,-7.3046
2023-05-11,Tarifa,-7.2825
2023-05-12,Tarifa,-7.2376
2023-05-13,Tarifa,-7.2389
2023-05-14,Tarifa,-7.3238
2023-05-15,Tarifa,-7.3823
2023-05-16,Tarifa,-7.3543
2023-05-17,Tarifa,-7.3163
2023-05-18,Tarifa,-7.2882
2023-05-19,Tarifa,-7.289
2023-05-20,Tarifa,-7.2764
2023-05-21,Tarifa,-7.2568
2023-05-22,Tarifa,-7.2432
2023-05-23,Tarifa,-7.2154
2023-05-24,Tarifa,-7.2161
2023-05-25,Tarifa,-7.2311
2023-05-26,Tarifa,-7.2171
2023-05-27,Tarifa,-7.2654
2023-05-28,Tarifa,-7.2883
2023-05-29,Tarifa,-7.2774
2023-05-30,Tarifa,-7.2889
2023-05-31,Tarifa,-7.2747
2023-06-01,Tarifa,-7.2243
2023-06-02,Tarifa,-7.2261
2023-06-03,Tarifa,-7.2173
2023-06-04,Tarifa,-7.2127
2023-06-05,Tarifa,-7.2087
2023-06-06,Tarifa,-7.1833
2023-06-07,Tarifa,-7.1836
2023-06-08,Tarifa,-7.1788
2023-06-09,Tarifa,-7.207
2023-06-10,Tarifa,-7.2293
2023-06-11,Tarifa,-7.2586
2023-06-12,Tarifa,-7.2513
2023-06-13,Tarifa,-7.2573
2023-06-14,Tarifa,-7.2635
2023-06-15,Tarifa,-7.2716
2023-06-16,Tarifa,-7.2568
2023-06-17,Tarifa,-7.2168
2023-06-18,Tarifa,-7.1866
2023-06-19,Tarifa,-6.9563
2023-06-20,Tarifa,-7.1916
2023-06-21,Tarifa,-7.2214
2023-06-22,Tarifa,-7.245
2023-06-23,Tarifa,-7.2307
2023-06-24,Tarifa,-7.2059
2023-06-25,Tarifa,-7.1935
2023-06-26,Tarifa,-7.2173
2023-06-27,Tarifa,-7.209
2023-06-28,Tarifa,-7.1926
2023-06-29,Tarifa,-7.2192
2023-06-30,Tarifa,-7.2579
2023-07-01,Tarifa,-7.2763
2023-07-02,Tarifa,-7.2593
2023-07-03,Tarifa,-7.2523
2023-07-04,Tarifa,-7.2768
2023-07-05,Tarifa,-7.2529
2023-07-06,Tarifa,-7.2064
2023-07-07,Tarifa,-7.2212
2023-07-08,Tarifa,-7.274
2023-07-09,Tarifa,-7.2735
2023-07-10,Tarifa,-7.245
2023-07-11,Tarifa,-7.2568
2023-07-12,Tarifa,-7.2862
2023-07-13,Tarifa,-7.3061
2023-07-14,Tarifa,-7.2826
2023-07-15,Tarifa,-7.3157
2023-07-16,Tarifa,-7.3012
2023-07-17,Tarifa,-7.2397
2023-07-18,Tarifa,-7.2784
2023-07-19,Tarifa,-7.3062
2023-07-20,Tarifa,-7.3121
2023-07-21,Tarifa,-7.3156
2023-07-22,Tarifa,-7.2774
2023-07-23,Tarifa,-7.2627
2023-07-24,Tarifa,-7.3271
2023-07-25,Tarifa,-7.357
2023-07-26,Tarifa,-7.3483
2023-07-27,Tarifa,-7.3412
2023-07-28,Tarifa,-7.2979
2023-07-29,Tarifa,-7.3127
2023-07-30,Tarifa,-7.3703
2023-07-31,Tarifa,-7.3728
2023-08-01,Tarifa,-7.3713
2023-08-02,Tarifa,-7.3472
2023-08-03,Tarifa,-7.3326
2023-08-04,Tarifa,-7.3221
2023-08-05,Tarifa,-7.3368
2023-08-06,Tarifa,-7.2624
2023-08-07,Tarifa,-7.2313
2023-08-08,Tarifa,-7.1901
2023-08-09,Tarifa,-7.2055
2023-08-10,Tarifa,-7.2368
2023-08-11,Tarifa,-7.2512
2023-08-12,Tarifa,-7.2314
2023-08-13,Tarifa,-7.263
2023-08-14,Tarifa,-7.2573
2023-08-15,Tarifa,-7.2579
2023-08-16,Tarifa,-7.2848
2023-08-17,Tarifa,-7.296
2023-08-18,Tarifa,-7.2989
2023-08-19,Tarifa,-7.2869
2023-08-20,Tarifa,-7.267
2023-08-21,Tarifa,-7.2716
2023-08-22,Tarifa,-7.2317
2023-08-23,Tarifa,-7.2061
2023-08-24,Tarifa,-7.1945
2023-08-25,Tarifa,-7.1784
2023-08-26,Tarifa,-7.1932
2023-08-27,Tarifa,-7.2903
2023-08-28,Tarifa,-7.324
2023-08-29,Tarifa,-7.2897
2023-08-30,Tarifa,-7.2679
2023-08-31,Tarifa,-7.2311
2023-09-01,Tarifa,-7.2199
2023-09-02,Tarifa,-7.198
2023-09-03,Tarifa,-7.1382
2023-09-04,Tarifa,-7.2095
2023-09-05,Tarifa,-7.2555
2023-09-06,Tarifa,-7.2113
2023-09-07,Tarifa,-7.19
2023-09-08,Tarifa,-7.1491
2023-09-09,Tarifa,-7.112
2023-09-10,Tarifa,-7.145
2023-09-11,Tarifa,-7.2043
2023-09-12,Tarifa,-7.2304
2023-09-13,Tarifa,-7.2257
2023-09-14,Tarifa,-7.2002
2023-09-15,Tarifa,-7.2263
2023-09-16,Tarifa,-7.2099
2023-09-17,Tarifa,-7.2166
2023-09-18,Tarifa,-7.2798
2023-09-19,Tarifa,-7.2541
2023-09-20,Tarifa,-7.2364
2023-09-21,Tarifa,-7.2556
2023-09-22,Tarifa,-7.2908
2023-09-23,Tarifa,-7.278
2023-09-24,Tarifa,-7.273
2023-09-25,Tarifa,-7.2842
2023-09-26,Tarifa,-7.2987
2023-09-27,Tarifa,-7.2678
2023-09-28,Tarifa,-7.2648
2023-09-29,Tarifa,-7.2518
2023-09-30,Tarifa,-7.2779
2023-10-01,Tarifa,-7.2597
2023-10-02,Tarifa,-7.2615
2023-10-03,Tarifa,-7.2645
2023-10-04,Tarifa,-7.2702
2023-10-05,Tarifa,-7.2556
2023-10-06,Tarifa,-7.2522
2023-10-07,Tarifa,-7.2319
2023-10-08,Tarifa,-7.2295
2023-10-09,Tarifa,-7.2202
2023-10-10,Tarifa,-7.2221
2023-10-11,Tarifa,-7.2379
2023-10-12,Tarifa,-7.2356
2023-10-13,Tarifa,-7.239
2023-10-14,Tarifa,-7.268
2023-10-15,Tarifa,-7.2699
2023-10-16,Tarifa,-7.2001
2023-10-17,Tarifa,-7.159
2023-10-18,Tarifa,-7.1986
2023-10-19,Tarifa,-7.1627
2023-10-20,Tarifa,-7.1885
2023-10-21,Tarifa,-7.1601
2023-10-22,Tarifa,-7.0499
2023-10-23,Tarifa,-7.1124
2023-10-24,Tarifa,-7.2337
2023-10-25,Tarifa,-7.2627
2023-10-26,Tarifa,-7.2694
2023-10-27,Tarifa,-7.2635
2023-10-28,Tarifa,-7.2235
2023-10-29,Tarifa,-7.1665
2023-10-30,Tarifa,-7.2262
2023-10-31,Tarifa,-7.2166
2023-11-01,Tarifa,-7.2688
2023-11-02,Tarifa,-7.2968
2023-11-03,Tarifa,-7.3147
2023-11-04,Tarifa,-7.2771
2023-11-05,Tarifa,-7.251
2023-11-06,Tarifa,-7.2572
2023-11-07,Tarifa,-7.3085
2023-11-08,Tarifa,-7.3245
2023-11-09,Tarifa,-7.3503
2023-11-10,Tarifa,-7.4025
2023-11-11,Tarifa,-7.4175
2023-11-12,Tarifa,-7.4086
2023-11-13,Tarifa,-7.4014
2023-11-14,Tarifa,-7.3648
2023-11-15,Tarifa,-7.3526
2023-11-16,Tarifa,-7.3514
2023-11-17,Tarifa,-7.3329
2023-11-18,Tarifa,-7.3506
2023-11-19,Tarifa,-7.2778
2023-11-20,Tarifa,-7.3217
2023-11-21,Tarifa,-7.3523
2023-11-22,Tarifa,-7.3422
2023-11-23,Tarifa,-7.3026
2023-11-24,Tarifa,-7.3311
2023-11-25,Tarifa,-7.3896
2023-11-26,Tarifa,-7.297
2023-11-27,Tarifa,-7.3214
2023-11-28,Tarifa,-7.29
2023-11-29,Tarifa,-7.2298
2023-11-30,Tarifa,-7.169
2023-12-01,Tarifa,-7.1649
2023-12-02,Tarifa,-7.2588
2023-12-03,Tarifa,-7.2687
2023-12-04,Tarifa,-7.2469
2023-12-05,Tarifa,-7.2228
2023-12-06,Tarifa,-7.2194
2023-12-07,Tarifa,-7.2772
2023-12-08,Tarifa,-7.3305
2023-12-09,Tarifa,-7.3641
2023-12-10,Tarifa,-7.3726
2023-12-11,Tarifa,-7.3567
2023-12-12,Tarifa,-7.3211
2023-12-13,Tarifa,-7.338
2023-12-14,Tarifa,-7.3766
2023-12-15,Tarifa,-7.3708
2023-12-16,Tarifa,-7.3259
2023-12-17,Tarifa,-7.2565
2023-12-18,Tarifa,-7.3047
2023-12-19,Tarifa,-7.379
2023-12-20,Tarifa,-7.4362
2023-12-21,Tarifa,-7.4737
2023-12-22,Tarifa,-7.433
2023-12-23,Tarifa,-7.3936
2023-12-24,Tarifa,-7.3493
2023-12-25,Tarifa,-7.3057
2023-12-26,Tarifa,-7.2822
2023-12-27,Tarifa,-7.2792
2023-12-28,Tarifa,-7.2706
2023-12-29,Tarifa,-7.2739
2023-12-30,Tarifa,-7.2894
2023-12-31,Tarifa,-7.2881
2024-01-01,Tarifa,-7.3037
2024-01-02,Tarifa,-7.308
2024-01-03,Tarifa,-7.2975
2024-01-04,Tarifa,-7.2584
2024-01-05,Tarifa,-7.2599
2024-01-06,Tarifa,-7.3608
2024-01-07,Tarifa,-7.413
2024-01-08,Tarifa,-7.3358
2024-01-09,Tarifa,-7.2751
2024-01-10,Tarifa,-7.2454
2024-01-11,Tarifa,-7.2468
2024-01-12,Tarifa,-7.2934
2024-01-13,Tarifa,-7.2776
2024-01-14,Tarifa,-7.2519
2024-01-15,Tarifa,-7.2878
2024-01-16,Tarifa,-7.2314
2024-01-17,Tarifa,-7.1747
2024-01-18,Tarifa,-7.1923
2024-01-19,Tarifa,-7.1924
2024-01-20,Tarifa,-7.2786
2024-01-21,Tarifa,-7.3519
2024-01-22,Tarifa,-7.3535
2024-01-23,Tarifa,-7.4028
2024-01-24,Tarifa,-7.4187
2024-01-25,Tarifa,-7.4104
2024-01-26,Tarifa,-7.3841
2024-01-27,Tarifa,-7.3608
2024-01-28,Tarifa,-7.3181
2024-01-29,Tarifa,-7.3409
2024-01-30,Tarifa,-7.3054
2024-01-31,Tarifa,-7.358
2024-02-01,Tarifa,-7.3572
2024-02-02,Tarifa,-7.3674
2024-02-03,Tarifa,-7.3376
2024-02-04,Tarifa,-7.3651
2024-02-05,Tarifa,-7.37
2024-02-06,Tarifa,-7.3989
2024-02-07,Tarifa,-7.4363
2024-02-08,Tarifa,-7.337
2024-02-09,Tarifa,-7.2238
2024-02-10,Tarifa,-7.2431
2024-02-11,Tarifa,-7.2968
2024-02-12,Tarifa,-7.3403
2024-02-13,Tarifa,-7.2781
2024-02-14,Tarifa,-7.2483
2024-02-15,Tarifa,-7.2383
2024-02-16,Tarifa,-7.3091
2024-02-17,Tarifa,-7.3169
2024-02-18,Tarifa,-7.3548
2024-02-19,Tarifa,-7.3784
2024-02-20,Tarifa,-7.4076
2024-02-21,Tarifa,-7.3929
2024-02-22,Tarifa,-7.4139
2024-02-23,Tarifa,-7.3954
2024-02-24,Tarifa,-7.4014
2024-02-25,Tarifa,-7.441
2024-02-26,Tarifa,-7.4109
2024-02-27,Tarifa,-7.3949
2024-02-28,Tarifa,-7.4257
2024-02-29,Tarifa,-7.428
2024-03-01,Tarifa,-7.4574
2024-03-02,Tarifa,-7.434
2024-03-03,Tarifa,-7.414
2024-03-04,Tarifa,-7.4819
2024-03-05,Tarifa,-7.4566
2024-03-06,Tarifa,-7.4003
2024-03-07,Tarifa,-7.3445
2024-03-08,Tarifa,-7.3651
2024-03-09,Tarifa,-7.2884
2024-03-10,Tarifa,-7.3471
2024-03-11,Tarifa,-7.4827
2024-03-12,Tarifa,-7.3462
2024-03-13,Tarifa,-7.3205
2024-03-14,Tarifa,-7.3421
2024-03-15,Tarifa,-7.3694
2024-03-16,Tarifa,-7.3818
2024-03-17,Tarifa,-7.347
2024-03-18,Tarifa,-7.3147
2024-03-19,Tarifa,-7.3246
2024-03-20,Tarifa,-7.2972
2024-03-21,Tarifa,-7.22
2024-03-22,Tarifa,-7.2332
2024-03-23,Tarifa,-7.2636
2024-03-24,Tarifa,-7.1868
2024-03-25,Tarifa,-7.2393
2024-03-26,Tarifa,-7.1972
2024-03-27,Tarifa,-7.2861
2024-03-28,Tarifa,-7.1633
2024-03-29,Tarifa,-7.0919
2024-03-30,Tarifa,-7.0695
2024-03-31,Tarifa,-7.1029
2024-04-01,Tarifa,-7.1927
2024-04-02,Tarifa,-7.1968
2024-04-03,Tarifa,-7.2209
2024-04-04,Tarifa,-7.2116
2024-04-05,Tarifa,-7.1824
2024-04-06,Tarifa,-7.1522
2024-04-07,Tarifa,-7.2597
2024-04-08,Tarifa,-7.2959
2024-04-09,Tarifa,-7.3241
2024-04-10,Tarifa,-7.3777
2024-04-11,Tarifa,-7.3181
2024-04-12,Tarifa,-7.3243
2024-04-13,Tarifa,-7.3271
2024-04-14,Tarifa,-7.3155
2024-04-15,Tarifa,-7.3148
2024-04-16,Tarifa,-7.2986
2024-04-17,Tarifa,-7.3169
2024-04-18,Tarifa,-7.2522
2024-04-19,Tarifa,-7.2282
2024-04-20,Tarifa,-7.2206
2024-04-21,Tarifa,-7.2148
2024-04-22,Tarifa,-7.2015
2024-04-23,Tarifa,-7.2359
2024-04-24,Tarifa,-7.2536
2024-04-25,Tarifa,-7.2462
2024-04-26,Tarifa,-7.1953
2024-04-27,Tarifa,-7.1699
2024-04-28,Tarifa,-7.2221
2024-04-29,Tarifa,-7.2957
2024-04-30,Tarifa,-7.337
2024-05-01,Tarifa,-7.3405
2024-05-02,Tarifa,-7.3558
2024-05-03,Tarifa,-7.3494
2024-05-04,Tarifa,-7.3548
2024-05-05,Tarifa,-7.3864
2024-05-06,Tarifa,-7.3795
2024-05-07,Tarifa,-7.3666
2024-05-08,Tarifa,-7.3479
2024-05-09,Tarifa,-7.3363
2024-05-10,Tarifa,-7.311
2024-05-11,Tarifa,-7.2619
2024-05-12,Tarifa,-7.2421
2024-05-13,Tarifa,-7.2222
2024-05-14,Tarifa,-7.313
2024-05-15,Tarifa,-7.336
2024-05-16,Tarifa,-7.3463
2024-05-17,Tarifa,-7.3285
2024-05-18,Tarifa,-7.3244
2024-05-19,Tarifa,-7.3508
2024-05-20,Tarifa,-7.3865
2024-05-21,Tarifa,-7.3672
2024-05-22,Tarifa,-7.3193
2024-05-23,Tarifa,-7.2904
2024-05-24,Tarifa,-7.2752
2024-05-25,Tarifa,-7.2911
2024-05-26,Tarifa,-7.2703
2024-05-27,Tarifa,-7.2761
2024-05-28,Tarifa,-7.2543
2024-05-29,Tarifa,-7.2285
2024-05-30,Tarifa,-7.224
2024-05-31,Tarifa,-7.2087
2024-06-01,Tarifa,-7.1802
2024-06-02,Tarifa,-7.2104
2024-06-03,Tarifa,-7.2303
2024-06-04,Tarifa,-7.2441
2024-06-05,Tarifa,-7.2153
2024-06-06,Tarifa,-7.1927
2024-06-07,Tarifa,-7.2396
2024-06-08,Tarifa,-7.2773
2024-06-09,Tarifa,-7.2569
2024-06-10,Tarifa,-7.2702
2024-06-11,Tarifa,-7.2862
2024-06-12,Tarifa,-7.3
2024-06-13,Tarifa,-7.2693
2024-06-14,Tarifa,-7.2486
2024-06-15,Tarifa,-7.292
2024-06-16,Tarifa,-7.3168
2024-06-17,Tarifa,-7.2727
2024-06-18,Tarifa,-7.3016
2024-06-19,Tarifa,-7.3325
2024-06-20,Tarifa,-7.3675
2024-06-21,Tarifa,-7.3715
2024-06-22,Tarifa,-7.3878
2024-06-23,Tarifa,-7.314
2024-06-24,Tarifa,-7.246
2024-06-25,Tarifa,-7.2035
2024-06-26,Tarifa,-7.2401
2024-06-27,Tarifa,-7.249
2024-06-28,Tarifa,-7.2809
2024-06-29,Tarifa,-7.302
2024-06-30,Tarifa,-7.3158
2024-07-01,Tarifa,-7.33
2024-07-02,Tarifa,-7.3586
2024-07-03,Tarifa,-7.3138
2024-07-04,Tarifa,-7.2787
2024-07-05,Tarifa,-7.2578
2024-07-06,Tarifa,-7.2844
2024-07-07,Tarifa,-7.2695
2024-07-08,Tarifa,-7.217
2024-07-09,Tarifa,-7.3276
2024-07-10,Tarifa,-7.2921
2024-07-11,Tarifa,-7.2994
2024-07-12,Tarifa,-7.3035
2024-07-13,Tarifa,-7.2996
2024-07-14,Tarifa,-7.3058
2024-07-15,Tarifa,-7.3269
2024-07-16,Tarifa,-7.3165
2024-07-17,Tarifa,-7.2943
2024-07-18,Tarifa,-7.2693
2024-07-19,Tarifa,-7.2921
2024-07-20,Tarifa,-7.3266
2024-07-21,Tarifa,-7.3074
2024-07-22,Tarifa,-7.3092
2024-07-23,Tarifa,-7.2797
2024-07-24,Tarifa,-7.2706
2024-07-25,Tarifa,-7.2483
2024-07-26,Tarifa,-7.2075
2024-07-27,Tarifa,-7.1611
2024-07-28,Tarifa,-7.1607
2024-07-29,Tarifa,-7.1719
2024-07-30,Tarifa,-7.2325
2024-07-31,Tarifa,-7.2429
2024-08-01,Tarifa,-7.2418
2024-08-02,Tarifa,-7.2601
2024-08-03,Tarifa,-7.2638
2024-08-04,Tarifa,-7.2506
2024-08-05,Tarifa,-7.2553
2024-08-06,Tarifa,-7.2499
2024-08-07,Tarifa,-7.2245
2024-08-08,Tarifa,-7.2463
2024-08-09,Tarifa,-7.256
2024-08-10,Tarifa,-7.222
2024-08-11,Tarifa,-7.19
2024-08-12,Tarifa,-7.2423
2024-08-13,Tarifa,-7.2708
2024-08-14,Tarifa,-7.2893
2024-08-15,Tarifa,-7.2615
2024-08-16,Tarifa,-7.2628
2024-08-17,Tarifa,-7.2704
2024-08-18,Tarifa,-7.2904
2024-08-19,Tarifa,-7.2938
2024-08-20,Tarifa,-7.2578
2024-08-21,Tarifa,-7.2317
2024-08-22,Tarifa,-7.2495
2024-08-23,Tarifa,-7.2183
2024-08-24,Tarifa,-7.1566
2024-08-25,Tarifa,-7.1845
2024-08-26,Tarifa,-7.2142
2024-08-27,Tarifa,-7.1798
2024-08-28,Tarifa,-7.1651
2024-08-29,Tarifa,-7.1386
2024-08-30,Tarifa,-7.1093
2024-08-31,Tarifa,-7.1148
2024-09-01,Tarifa,-7.1694
2024-09-02,Tarifa,-7.1964
2024-09-03,Tarifa,-7.2008
2024-09-04,Tarifa,-7.2575
2024-09-05,Tarifa,-7.1985
2024-09-06,Tarifa,-7.1627
2024-09-07,Tarifa,-7.1931
2024-09-08,Tarifa,-7.2097
2024-09-09,Tarifa,-7.306
2024-09-10,Tarifa,-7.3216
2024-09-11,Tarifa,-7.2807
2024-09-12,Tarifa,-7.235
2024-09-13,Tarifa,-7.1952
2024-09-14,Tarifa,-7.216
2024-09-15,Tarifa,-7.2158
2024-09-16,Tarifa,-7.1666
2024-09-17,Tarifa,-7.1431
2024-09-18,Tarifa,-7.1194
2024-09-19,Tarifa,-7.1293
2024-09-20,Tarifa,-7.0808
2024-09-21,Tarifa,-7.0805
2024-09-22,Tarifa,-7.1048
2024-09-23,Tarifa,-7.1708
2024-09-24,Tarifa,-7.2045
2024-09-25,Tarifa,-7.2184
2024-09-26,Tarifa,-7.2318
2024-09-27,Tarifa,-7.2747
2024-09-28,Tarifa,-7.2745
2024-09-29,Tarifa,-7.2697
2024-09-30,Tarifa,-7.2429
2024-10-01,Tarifa,-7.2537
2024-10-02,Tarifa,-7.2672
2024-10-03,Tarifa,-7.2572
2024-10-04,Tarifa,-7.2581
2024-10-05,Tarifa,-7.2437
2024-10-06,Tarifa,-7.2044
2024-10-07,Tarifa,-7.1959
2024-10-08,Tarifa,-7.2286
2024-10-09,Tarifa,-7.243
2024-10-10,Tarifa,-7.255
2024-10-11,Tarifa,-7.2305
2024-10-12,Tarifa,-7.176
2024-10-13,Tarifa,-7.1942
2024-10-14,Tarifa,-7.1531
2024-10-15,Tarifa,-7.1534
2024-10-16,Tarifa,-7.1663
2024-10-17,Tarifa,-7.2336
2024-10-18,Tarifa,-7.2714
2024-10-19,Tarifa,-7.2703
2024-10-20,Tarifa,-7.2265
2024-10-21,Tarifa,-7.1869
2024-10-22,Tarifa,-7.2385
2024-10-23,Tarifa,-7.1977
2024-10-24,Tarifa,-7.2344
2024-10-25,Tarifa,-7.2295
2024-10-26,Tarifa,-7.2875
2024-10-27,Tarifa,-7.2444
2024-10-28,Tarifa,-7.1723
2024-10-29,Tarifa,-7.2
2024-10-30,Tarifa,-7.1684
2024-10-31,Tarifa,-7.1807
2024-11-01,Tarifa,-7.1396
2024-11-02,Tarifa,-7.1044
2024-11-03,Tarifa,-7.1026
2024-11-04,Tarifa,-7.1206
2024-11-05,Tarifa,-7.1608
2024-11-06,Tarifa,-7.1333
2024-11-07,Tarifa,-7.1283
2024-11-08,Tarifa,-7.1696
2024-11-09,Tarifa,-7.2605
2024-11-10,Tarifa,-7.3089
2024-11-11,Tarifa,-7.2426
2024-11-12,Tarifa,-7.1974
2024-11-13,Tarifa,-7.144
2024-11-14,Tarifa,-7.1771
2024-11-15,Tarifa,-7.1238
2024-11-16,Tarifa,-7.0675
2024-11-17,Tarifa,-7.0401
2024-11-18,Tarifa,-7.1052
2024-11-19,Tarifa,-7.1375
2024-11-20,Tarifa,-7.2488
2024-11-21,Tarifa,-7.3004
2024-11-22,Tarifa,-7.2646
2024-11-23,Tarifa,-7.203
2024-11-24,Tarifa,-7.1124
2024-11-25,Tarifa,-7.1895
2024-11-26,Tarifa,-7.2517
2024-11-27,Tarifa,-7.2706
2024-11-28,Tarifa,-7.267
2024-11-29,Tarifa,-7.2864
2024-11-30,Tarifa,-7.2957
2024-12-01,Tarifa,-7.2679
2024-12-02,Tarifa,-7.2784
2024-12-03,Tarifa,-7.2835
2024-12-04,Tarifa,-7.3079
2024-12-05,Tarifa,-7.3448
2024-12-06,Tarifa,-7.3334
2024-12-07,Tarifa,-7.3646
2024-12-08,Tarifa,-7.3813
2024-12-09,Tarifa,-7.2932
2024-12-10,Tarifa,-7.2261
2024-12-11,Tarifa,-7.1528
2024-12-12,Tarifa,-7.2282
2024-12-13,Tarifa,-7.232
2024-12-14,Tarifa,-7.2838
2024-12-15,Tarifa,-7.3262
2024-12-16,Tarifa,-7.3708
2024-12-17,Tarifa,-7.3173
2024-12-18,Tarifa,-7.3549
2024-12-19,Tarifa,-7.4334
2024-12-20,Tarifa,-7.4442
2024-12-21,Tarifa,-7.3859
2024-12-22,Tarifa,-7.3688
2024-12-23,Tarifa,-7.4161
2024-12-24,Tarifa,-7.396
2024-12-25,Tarifa,-7.319
2024-12-26,Tarifa,-7.2481
2024-12-27,Tarifa,-7.2285
2024-12-28,Tarifa,-7.2476
2024-12-29,Tarifa,-7.2599
2024-12-30,Tarifa,-7.2656
2024-12-31,Tarifa,-7.231
